Region,Year,Crop,Area_Harvested (ha),Yield_per_ha (tons),Total_Production (tons),Avg_Rainfall_mm,Avg_Temperature_C,Soil_pH,Fertilizer_Used_kg,Pest_Incidents
East,2022,Barley,521,4.18,2177.78,229,24.7,7.47,112.8,2
West,2023,Corn,713.56,2.42,1726.82,362.4,18.2,5.96,173.3,5
North,2022,Soybean,920.6,4.27,3930.96,289.7,29.4,5.93,156.2,1
East,2023,Rice,842.89,2.05,1727.92,387.5,21.6,7.39,187.2,0
East,2023,Rice,505.54,4.93,2492.31,185.2,17.3,6.39,99.9,15
West,2022,Rice,449,1.55,695.95,381.6,24.2,7.11,96.4,8
North,2021,Wheat,315.8,5.48,1730.58,282,19.7,6.08,119.5,0
North,2023,Wheat,435.18,5.2,2262.94,323.6,34,7.25,51.1,17
East,2022,Rice,199.94,4.39,877.74,370.6,22.2,7.16,81.1,16
South,2020,Barley,973.99,1.34,1305.15,265.4,26.4,6.54,81.7,15
East,2022,Barley,616.53,2.04,1257.72,358.7,34,6.91,59.2,5
East,2020,Wheat,215.03,5.3,1139.66,262.5,22.9,7.43,118.3,17
East,2023,Rice,417.53,1.61,672.22,279.8,22.2,6.4,185.8,13
East,2022,Barley,592.34,1.78,1054.37,233.5,18.2,6.49,50.6,16
West,2022,Wheat,579.6,3.72,2156.11,143.7,33.8,6.95,144.3,5
North,2020,Rice,131.95,2.37,312.72,266.1,31,6.27,181.9,10
West,2022,Corn,955.76,2.11,2016.65,393.2,19.4,7.42,66.1,1
West,2022,Rice,347.84,3.88,1349.62,336.2,21.7,5.58,187.6,2
West,2023,Rice,114.57,2.86,327.67,324.2,33.3,6.31,172.8,7
East,2022,Soybean,168.8,1.7,286.96,293,25.7,6.93,82.2,8
South,2021,Soybean,622.18,3.67,2283.4,204.4,26.1,6.36,185.8,9
North,2020,Corn,224.01,2.94,658.59,150.9,28,6.02,170.6,12
South,2022,Corn,137.55,4.67,642.36,167.4,30.2,6.33,66.7,11
West,2020,Rice,441.66,1.51,666.91,101.9,33.8,7.26,174.6,9
West,2020,Barley,660.49,4.1,2708.01,302,31,6.59,131.3,13
South,2020,Corn,200.66,3.18,638.1,343.6,33.7,6.17,172.4,5
South,2022,Rice,382,3.03,1157.46,180.7,31.4,6.84,142.6,1
South,2022,Wheat,475.98,2.16,1028.12,127.6,15.9,6.72,108.8,14
West,2020,Soybean,243.51,1.15,280.04,200.7,17.4,6.62,140.2,14
West,2021,Barley,555.47,5.24,2910.66,187.6,32.7,6.28,145.4,3
North,2020,Rice,176.69,2.63,464.69,235.3,15.6,5.64,164.9,10
North,2021,Wheat,141.87,4.41,625.65,179.2,30.9,6.74,174.6,6
West,2020,Soybean,567.85,5.74,3259.46,201.9,32,6.34,149.5,14
South,2023,Wheat,323.11,3.82,1234.28,372.3,23.3,6.36,198.4,19
South,2020,Rice,185.84,2.99,555.66,200.5,22.1,5.97,166.8,18
North,2020,Corn,481.52,2.34,1126.76,335.7,18.9,6,186.6,13
West,2022,Soybean,923.63,5.67,5236.98,287.8,16,7.07,97.9,9
North,2021,Wheat,751.77,4.41,3315.31,201.3,29.9,6.46,97.4,5
North,2023,Corn,834.05,4.33,3611.44,345.3,16.5,5.72,104.4,1
East,2021,Barley,884.72,3.13,2769.17,278.5,33.9,5.59,116,6
East,2023,Rice,975.36,5.23,5101.13,102.6,20.9,5.95,194.2,2
East,2020,Rice,786.92,4.57,3596.22,120.6,30.9,6.47,61,7
South,2022,Soybean,647.57,2.42,1567.12,325.8,16.2,6.73,124.8,17
West,2022,Wheat,428.88,4,1715.52,234,25.7,5.79,74.2,14
West,2021,Barley,263.48,3.15,829.96,221.7,22,6.37,171.6,10
West,2022,Soybean,717.99,1.03,739.53,143.7,15.6,5.65,54.7,9
West,2021,Soybean,995.45,5.04,5017.07,147.2,28.1,5.58,118.3,16
East,2021,Wheat,520.62,1.61,838.2,339.3,33.9,7.23,109.2,17
South,2023,Barley,751.31,3.55,2667.15,348.7,15.2,6.82,63.8,0
South,2021,Wheat,545.58,2.68,1462.15,268,20.4,7.06,106.5,1
East,2023,Rice,488.74,2.71,1324.49,188.5,29.1,5.86,171.4,4
South,2022,Corn,469.28,3.39,1590.86,379.8,32.4,6.14,70.6,9
East,2021,Rice,554.16,5.99,3319.42,287.2,18.8,6.39,197.5,11
West,2021,Rice,430.21,3.04,1307.84,339,16.4,6.82,58.8,12
East,2020,Soybean,773.9,1.91,1478.15,101,15.2,6.57,93.4,15
West,2021,Rice,886.84,4.07,3609.44,235.1,19.3,6.6,166.2,2
West,2021,Barley,894.6,2.18,1950.23,361.3,16.4,5.81,103.6,3
North,2020,Rice,304.93,1.53,466.54,201.5,22.2,6.45,122.1,15
East,2020,Barley,906.32,1.25,1132.9,318,23.8,7.15,78,9
North,2022,Wheat,407.4,1.11,452.21,297.3,24.6,6.52,157.3,13
East,2021,Soybean,378.38,3.16,1195.68,145.7,17.8,5.9,76.9,18
East,2022,Barley,754.08,3.13,2360.27,332.5,24.3,6.33,177.3,4
North,2022,Rice,374.23,1.93,722.26,133.8,15.2,7.01,130.9,18
North,2020,Soybean,147.67,4.92,726.54,318.4,19.8,5.77,132.2,10
East,2023,Soybean,436.26,1.65,719.83,397.3,22.4,6.66,190,16
South,2022,Barley,749.32,5.58,4181.21,387.4,17.4,7.43,165.9,6
West,2023,Barley,394.26,3.94,1553.38,340.1,31.3,6.26,161.5,3
North,2021,Corn,666.6,1.14,759.92,260.4,19,5.59,178.7,14
West,2020,Corn,694.11,5.81,4032.78,302.4,30.1,6.77,63.8,3
South,2021,Soybean,760.36,2.54,1931.31,318.4,24.5,5.59,158.9,15
South,2021,Corn,907.42,3.25,2949.12,102.5,24.6,5.88,85,18
South,2020,Rice,489.31,2.42,1184.13,130.7,27.9,5.6,92.1,1
North,2021,Wheat,249.79,4.64,1159.03,279.1,15.9,5.84,52.3,10
South,2020,Soybean,387.03,3.43,1327.51,102,16.6,7.21,184.1,18
North,2023,Wheat,488.95,1.66,811.66,372.7,21.5,6.97,160.9,13
South,2021,Corn,742.5,1.52,1128.6,246.9,23.3,6.18,70.9,11
West,2020,Barley,111.81,4.63,517.68,177.3,23.6,7.29,99.2,18
West,2022,Soybean,384.21,2.19,841.42,218.1,28.5,6.83,122,9
East,2021,Corn,801.86,1.69,1355.14,355.2,15,6.4,124.1,7
West,2023,Rice,703.77,3.5,2463.19,378.2,34.2,5.64,139.3,16
East,2020,Soybean,758.57,5.01,3800.44,134.9,18.5,6.96,120.8,7
West,2021,Soybean,830.63,2.39,1985.21,333.4,20,6.25,147.3,8
North,2021,Barley,804.91,2.38,1915.69,273.5,33.1,6.11,182.6,13
West,2021,Soybean,713.96,5.17,3691.17,275.7,15.1,6.08,109.7,14
East,2023,Barley,495.7,1.74,862.52,333.8,34.8,5.52,181.5,15
East,2020,Corn,985.24,4.08,4019.78,166.9,15.7,6.99,82.9,7
South,2022,Rice,612.17,5.78,3538.34,259.3,17.4,5.79,68.2,2
North,2022,Rice,282.49,5.21,1471.77,195.8,19.8,6.54,85.9,1
West,2022,Soybean,363.53,1.31,476.22,128.4,23.8,5.53,81,0
South,2020,Soybean,724.21,2.6,1882.95,131.5,25.4,6.76,197.8,7
West,2022,Corn,932.27,1.71,1594.18,140.9,17.1,6.24,107.2,5
West,2023,Barley,260.85,5.75,1499.89,284.5,16.5,6.76,147.7,10
South,2020,Rice,174.11,5.93,1032.47,131.7,15.6,5.68,154.4,2
South,2021,Barley,893.38,2.17,1938.63,271,20.1,6.03,116.8,13
South,2023,Corn,923.75,4.35,4018.31,276.5,33.4,5.72,83.5,4
South,2021,Rice,348.74,5.21,1816.94,371.2,22.8,6.79,115.7,19
South,2022,Rice,439.56,2.17,953.85,287.9,30.3,5.72,121.1,12
West,2023,Wheat,694.17,1.94,1346.69,395.7,18.8,6.73,193.1,4
South,2020,Corn,396.94,1.06,420.76,109.3,16.3,5.77,135.3,4
North,2023,Corn,889.44,3.06,2721.69,311.2,26.1,7.39,195.5,9
East,2021,Wheat,196.82,5.5,1082.51,107.9,31.4,6.33,136.5,12
South,2020,Barley,134.18,5.51,739.33,318.8,33,5.75,71.7,9
South,2023,Wheat,287.64,1.64,471.73,215.8,25.9,5.58,107.7,7
West,2023,Corn,357.48,2.02,722.11,283.4,20.9,6.16,168.8,1
South,2023,Barley,201.63,3.04,612.96,192.9,17.2,7.28,113.2,1
South,2023,Rice,159.12,4.9,779.69,147.7,28.4,5.79,65,18
South,2020,Wheat,780.05,4.06,3167,317.1,20.6,7.08,64.4,9
West,2021,Barley,247.85,3.57,884.82,371.4,31.9,6.33,85.6,14
South,2023,Barley,922.53,3.96,3653.22,155.1,27.1,7.11,134.7,15
East,2020,Barley,431.2,1.48,638.18,376.2,32.2,7.25,174.5,9
West,2021,Wheat,703.55,3.39,2385.03,142.1,26.3,7.5,130.1,9
East,2023,Rice,302.86,5.96,1805.05,320.7,30.4,5.64,161.9,19
West,2021,Barley,316.29,1.44,455.46,387.8,20.9,7.09,146.8,18
South,2021,Wheat,617.24,3.6,2222.06,144.2,25.1,5.64,128.6,3
East,2020,Corn,604.58,2.48,1499.36,230.5,15.4,6.13,82.2,1
West,2021,Wheat,791.86,3.7,2929.88,201.2,27.2,6.79,182.5,8
North,2020,Wheat,782.03,3.87,3026.46,216.5,25.7,6.39,91.4,10
South,2023,Wheat,703.62,3.89,2737.08,325.9,30.1,6.63,87.9,2
West,2021,Barley,504.22,5.26,2652.2,298.4,29.6,7.43,88.7,6
North,2021,Wheat,901.58,2.95,2659.66,390.6,27.6,7.14,64.4,5
West,2022,Corn,660.32,3.58,2363.95,155.6,16.1,6.23,124.8,0
North,2023,Barley,991.18,1.05,1040.74,263,33.1,6.7,99.1,11
South,2023,Corn,837.43,4.95,4145.28,234.7,15.4,5.6,128.3,17
East,2022,Soybean,139.88,2.3,321.72,375.7,31.1,6.41,118,8
North,2022,Wheat,388.53,5.08,1973.73,103.2,24.6,6.72,128,4
West,2020,Barley,614.69,2.33,1432.23,396.8,31.4,6.93,94.6,12
South,2020,Barley,749.32,1.05,786.79,243.9,24.3,7.3,172.3,17
North,2021,Wheat,595.3,1.77,1053.68,287.7,27.9,6.07,130.1,14
West,2021,Rice,807.52,5.93,4788.59,208,22.3,7.3,81.3,14
West,2021,Rice,354.39,2.6,921.41,355.8,29.9,6.82,185.3,5
West,2021,Corn,265.52,1.54,408.9,268.6,20.1,5.66,66.4,6
North,2020,Wheat,148.53,1.59,236.16,298.8,29.4,6.26,160,12
North,2023,Wheat,615.98,2.55,1570.75,294.7,18.9,6.45,151.8,11
North,2021,Soybean,719.74,1.19,856.49,209.2,29.4,6.2,60.9,9
East,2023,Rice,393.53,3.56,1400.97,122.8,20.9,5.73,185.2,0
North,2021,Rice,652.23,2.07,1350.12,342.3,20.6,6.6,97.4,10
North,2022,Wheat,146.94,3.6,528.98,186.9,31.2,5.76,161.1,15
North,2021,Corn,189.36,1.7,321.91,354.7,31.3,7.33,91.6,0
East,2021,Wheat,731.58,3.15,2304.48,282.6,28.8,7.23,128.9,17
North,2021,Corn,431.26,3.99,1720.73,206.1,33.5,6.45,195.9,10
West,2020,Rice,704.2,1.31,922.5,278.3,18.1,5.64,141.6,8
North,2022,Soybean,848.55,2.99,2537.16,293.6,20.4,6.6,94.4,13
West,2021,Barley,867.36,2.51,2177.07,312,20.9,6.68,118.8,10
West,2021,Rice,254.95,2.2,560.89,346.7,21.1,7.28,151.4,0
West,2023,Corn,537.66,4.02,2161.39,147.9,21.6,5.64,116.8,10
East,2022,Wheat,760.53,3.94,2996.49,383.2,28.9,6.88,186.6,8
East,2021,Rice,796.58,4.15,3305.81,223.3,20.4,6.63,180.1,1
East,2023,Soybean,806.21,1.79,1443.12,358.1,20.7,5.85,72,9
North,2023,Corn,305.35,2.43,742,166.1,26.4,5.74,167.7,2
West,2020,Wheat,273.28,2.05,560.22,108.7,18.9,6.89,191.4,12
East,2023,Barley,631.01,3.7,2334.74,272,22.3,6.18,97.5,10
East,2021,Corn,766.98,3.31,2538.7,197.4,16.2,7.5,85.7,17
North,2020,Wheat,387.23,2.65,1026.16,395.3,34.1,7.29,51.4,13
East,2020,Barley,194.23,4.93,957.55,131.3,21.3,6.63,67.3,4
North,2021,Wheat,745.07,1.47,1095.25,114.2,32,6.78,194.1,7
South,2022,Barley,369.73,5.87,2170.32,113.5,25.6,5.82,108.7,9
East,2023,Barley,249.73,1.58,394.57,165.1,19.6,7.29,108.1,5
South,2020,Barley,232.95,4.87,1134.47,273.8,18.9,6.42,90,14
North,2022,Wheat,383.42,2.84,1088.91,251.7,28.9,6.54,74.6,7
West,2021,Barley,633.41,5.33,3376.08,205,34.3,7.25,126.3,3
East,2023,Corn,422.56,1.37,578.91,126.6,18.7,5.51,158.5,8
North,2023,Soybean,118.6,2.87,340.38,170.1,17.3,6.49,132.6,4
West,2020,Soybean,187.22,2.68,501.75,155.2,22.7,6.75,55.3,18
West,2023,Barley,361.45,5.97,2157.86,323.7,22.9,5.82,170.5,16
South,2023,Soybean,693.73,5.93,4113.82,334,31.1,5.64,189.7,1
North,2023,Soybean,188.66,1.95,367.89,333.1,24.4,6.57,116.1,12
West,2023,Barley,604.59,4.15,2509.05,390.7,16.2,6.6,105,16
East,2021,Barley,207.9,3.68,765.07,365.3,33.4,6.16,84.5,13
East,2022,Corn,290.45,1.77,514.1,249.3,22.5,7.26,95.3,10
South,2021,Rice,254.97,1.84,469.14,224.5,28.4,6.1,146.7,6
West,2021,Wheat,160.51,5.95,955.03,374.7,28.3,6.53,165.5,1
North,2020,Barley,704.2,3.26,2295.69,283.4,16.1,5.87,99.8,2
East,2023,Barley,517.06,1.63,842.81,188.3,15.1,5.52,101,10
West,2021,Soybean,847.95,2.07,1755.26,269.3,16.8,6.35,117.7,2
West,2023,Corn,189,2.34,442.26,397.6,34.1,6.55,75.5,0
South,2021,Soybean,230.26,3.55,817.42,354.8,30.9,7.03,189.1,18
East,2021,Barley,375.81,2.68,1007.17,184.4,17.6,6.4,155.8,13
East,2020,Barley,789.28,3.28,2588.84,385.9,27.3,6.06,115,16
North,2022,Soybean,375.18,1.83,686.58,394.4,27.2,6.71,68.3,18
East,2022,Barley,467.58,2.63,1229.74,169.4,15,6.26,177.3,18
North,2021,Rice,371.44,1.35,501.44,368.7,23.6,5.97,122.6,18
East,2020,Wheat,172.2,5.45,938.49,365,29.2,7.32,169.5,18
South,2023,Wheat,945.49,1.99,1881.53,111.9,18.7,6.57,55,0
East,2023,Wheat,593.69,4.78,2837.84,300.9,32,5.9,91,10
North,2021,Rice,809.05,2.75,2224.89,191.6,28.2,6.84,143.3,0
North,2022,Barley,692.52,3.37,2333.79,302.4,15.1,7.11,123.2,6
South,2020,Soybean,562.83,2.46,1384.56,374.1,32.1,7.02,94.3,7
East,2022,Corn,180.71,4.48,809.58,249.6,15.4,6.7,80.2,6
East,2023,Barley,678.46,5.22,3541.56,224.3,32.8,6.54,95.3,14
South,2022,Rice,239.83,2.43,582.79,376.5,21.7,7.05,161.4,15
East,2023,Rice,472.94,2.21,1045.2,392.2,29,6.92,77.6,7
East,2020,Wheat,666.2,4.41,2937.94,118.7,30.7,6.64,139.1,9
North,2020,Barley,804.01,1.98,1591.94,376.9,20.6,6.82,113.6,3
East,2021,Wheat,716.54,4.2,3009.47,124.8,22.1,5.84,164.5,12
East,2021,Corn,704.38,1.47,1035.44,201.2,25.2,5.54,80.2,3
South,2022,Wheat,234.14,4.1,959.97,328.8,26.7,7.36,90.5,18
South,2020,Corn,411.52,3.57,1469.13,333.1,20.8,7.37,109.8,5
West,2020,Rice,138.62,1.57,217.63,317.7,34.8,7.08,75,15
North,2021,Wheat,747.53,4.25,3177,111.7,29.7,6.24,119.2,6
East,2023,Wheat,957.33,3.23,3092.18,139.9,20.5,5.8,112.4,12
East,2022,Soybean,337.7,2.09,705.79,380.9,27.8,6.21,198.5,2
West,2022,Rice,178.93,2.77,495.64,124.4,23.7,6.95,139.1,17
East,2021,Soybean,528.01,3.46,1826.91,123.6,32.2,6.17,60.4,16
North,2020,Corn,871.03,1.46,1271.7,350.7,21.6,7.09,119,2
West,2021,Corn,596.78,5.79,3455.36,292.4,18.8,6.85,181.8,19
North,2021,Rice,142.1,4.33,615.29,205.5,15.9,6.76,180,3
West,2021,Corn,976.85,1.51,1475.04,149.7,34.7,7.36,194.3,10
West,2021,Rice,845.78,5.11,4321.94,365.3,22.2,7.29,184.1,17
South,2023,Corn,218.43,2.61,570.1,396.6,19.4,6.92,76.4,18
North,2023,Barley,929.62,3.98,3699.89,115,24.8,5.9,50.5,7
East,2020,Wheat,505.62,2.39,1208.43,266.2,20.8,7.38,142.4,12
East,2021,Barley,434.71,4.67,2030.1,178.4,19.7,5.95,155.4,17
North,2023,Rice,514.95,4.62,2379.07,349.7,27.3,6.25,69.7,0
East,2020,Rice,851.11,3.76,3200.17,203.8,16.5,7.15,75,19
East,2021,Barley,693.53,2.2,1525.77,314.4,25.2,5.92,194.5,16
North,2022,Wheat,153.32,2.27,348.04,261.9,22.7,6.78,191.6,2
West,2023,Wheat,961.84,2.91,2798.95,262.5,25.7,6.42,73.5,6
North,2020,Soybean,233.01,1.73,403.11,357.4,21.4,6.75,87.1,5
West,2022,Corn,771.01,2.69,2074.02,241.1,26.4,7.42,183.8,14
East,2021,Soybean,672.52,4.42,2972.54,353.7,16.6,7.12,115.2,6
East,2021,Wheat,268.78,5.15,1384.22,209,22.5,6.09,169.7,6
East,2021,Barley,253.66,2.66,674.74,152.4,19.7,5.61,109.4,11
South,2023,Corn,883.29,2.17,1916.74,236.6,23.8,7.43,160.5,8
West,2020,Barley,477.73,5.16,2465.09,249.5,23,6.67,109.5,8
South,2022,Soybean,689.12,5.45,3755.7,243.5,27.6,5.85,184.9,10
South,2020,Rice,553.66,3.05,1688.66,342.5,27.6,6.75,98.8,9
North,2023,Barley,754.62,1.13,852.72,269.4,23.3,5.58,128.5,9
South,2020,Soybean,531.32,4.47,2375,366.5,18.6,5.88,128.3,14
North,2023,Soybean,358.64,4.92,1764.51,254.3,26.6,6.77,147.3,15
North,2021,Soybean,427.05,1.09,465.48,167.4,34.3,6.3,96,7
South,2022,Rice,873.17,3.98,3475.22,138.8,18.7,6.15,146.4,12
West,2021,Rice,521.23,3.94,2053.65,360.5,16.4,6.81,71.2,8
West,2020,Rice,292.1,2.89,844.17,116.9,20.3,7.23,184,13
West,2021,Corn,941.14,4.75,4470.42,135.3,23.3,6.86,71.6,19
West,2022,Rice,816.94,3.14,2565.19,119.1,21.1,6.43,176,17
West,2021,Rice,150.1,4.38,657.44,227.1,31.7,6.82,154,1
South,2022,Rice,999.05,3.59,3586.59,259.8,24.9,6.89,101.2,8
South,2022,Barley,725.43,2.24,1624.96,106,19.9,7.05,99.1,9
East,2021,Rice,244.24,4.03,984.29,254.7,34,6.11,194.9,19
West,2023,Corn,313.45,4.68,1466.95,218.1,17.5,5.73,79.2,10
South,2020,Soybean,723.2,5.87,4245.18,332.1,17.5,6.86,158.4,9
East,2023,Barley,801.78,2.9,2325.16,349,19.9,5.74,77.6,18
West,2023,Wheat,315.13,1.32,415.97,305.5,16.5,6.42,185.8,0
North,2021,Rice,331.27,5.94,1967.74,242,30,5.96,161.3,13
East,2020,Soybean,376.41,4.12,1550.81,164.8,21.3,6.16,189.9,8
South,2020,Soybean,638.22,5.73,3657,354.1,29.6,6.44,181.9,4
North,2023,Barley,254.63,1.52,387.04,202.5,30.3,7.29,132.4,11
North,2021,Wheat,193.82,2.71,525.25,206.9,19.8,6.86,72.8,19
North,2020,Corn,710.98,1.67,1187.34,374.8,25.4,5.84,83.2,17
East,2023,Soybean,801.19,5.18,4150.16,392.7,25.4,7.26,80.3,16
South,2020,Soybean,550.84,5.4,2974.54,369.4,32.4,6.5,83.1,19
North,2021,Soybean,427.45,3.51,1500.35,399.5,15.5,5.91,121.5,7
West,2021,Soybean,488.84,1.93,943.46,360.7,21.3,6.55,180.2,0
North,2021,Barley,449.57,1.64,737.29,311.3,32.6,5.88,53.5,3
North,2020,Wheat,963.99,3.94,3798.12,188.1,19.7,6.23,85.8,11
East,2022,Soybean,791.28,3.53,2793.22,385.9,17.7,7.11,139.5,15
East,2020,Corn,287.28,4.47,1284.14,363,26.5,6.82,179.8,4
South,2022,Corn,445.77,2.53,1127.8,172.2,21.1,6.46,94.6,17
West,2021,Rice,589.61,3.01,1774.73,246.7,24.3,5.95,107.4,17
East,2023,Soybean,651.69,1.11,723.38,121,31.4,6.06,106,18
North,2022,Soybean,521.37,4.05,2111.55,386,25.4,7.46,94.1,12
South,2021,Soybean,829.11,3.12,2586.82,271.8,25.3,6.19,154.8,0
North,2021,Soybean,790.85,5.6,4428.76,173.6,20.6,6.73,148.4,7
North,2022,Soybean,554.64,4.21,2335.03,187.7,30.9,6.5,176.5,0
East,2023,Corn,868.99,2.99,2598.28,394.2,29.8,5.55,187.6,19
South,2021,Wheat,775.98,2.32,1800.27,284.7,19.7,7.39,185.1,6
West,2022,Wheat,800.72,5.53,4427.98,226.2,21.4,5.68,131,18
West,2023,Rice,960.76,1.08,1037.62,250,30.8,6.82,77.9,2
East,2023,Corn,339.82,2.63,893.73,129.6,22.2,7.12,83.3,17
East,2021,Soybean,340.88,5.72,1949.83,122.5,23.1,7,138.5,17
South,2020,Wheat,900.06,4.27,3843.26,277.8,22.3,7.12,187.8,5
West,2020,Barley,795,3.66,2909.7,253.6,18.2,6.98,129.6,19
West,2021,Barley,933.89,2.02,1886.46,207.7,21.8,6.39,190.4,13
West,2023,Barley,156.82,5.17,810.76,269.8,31.1,7.29,89.3,6
North,2021,Soybean,664.98,2.02,1343.26,121.8,24.8,7.32,63,10
West,2022,Soybean,230.17,2.24,515.58,383.2,24.2,6.37,169.4,4
North,2020,Rice,553.51,1.96,1084.88,188.1,18.1,6.47,181.9,12
South,2022,Rice,240.17,1.79,429.9,121.5,18.6,6.47,117.2,12
North,2021,Rice,215.27,5.77,1242.11,150.9,15.9,6.06,65.4,0
South,2021,Barley,110.95,4.01,444.91,128.6,15.3,5.73,56.3,1
West,2023,Soybean,667.21,4.19,2795.61,153.6,24.8,6.02,59.4,17
West,2023,Barley,423.12,5.77,2441.4,225,23.2,7.19,115.9,3
South,2023,Rice,194.67,2.15,418.54,321.4,20.5,6.59,85.2,13
East,2022,Soybean,390.55,1.03,402.27,181.7,34.8,7.2,119.3,4
South,2023,Corn,252.05,3.99,1005.68,230.8,23,6.99,123.3,15
East,2021,Wheat,947.53,3.54,3354.26,378.6,30.8,6.2,118.7,19
North,2023,Wheat,388,3.39,1315.32,188.7,19.2,5.87,143,2
North,2020,Rice,400.56,1.31,524.73,338.4,19.9,6.63,151.9,19
North,2023,Barley,855.87,3.27,2798.69,147.3,26.4,7.37,109.4,13
West,2022,Corn,682.98,2.44,1666.47,153.5,15.1,7.18,100.6,4
North,2020,Soybean,739.15,2.37,1751.79,236.8,15.3,7.03,105.3,11
East,2020,Barley,672.4,2.11,1418.76,170.2,17.8,7.03,60.5,12
North,2020,Rice,951.58,2.66,2531.2,370.9,19.5,6.56,98.2,15
South,2022,Barley,286.3,2.77,793.05,115.2,25.6,5.84,80,15
South,2021,Rice,990.14,2.54,2514.96,279.2,28.7,6.07,93.6,18
West,2023,Wheat,847.86,5.89,4993.9,281.3,21.2,6.66,157.2,3
South,2020,Wheat,630.08,5.66,3566.25,119.8,19.8,6.13,198.3,12
East,2020,Barley,696.13,3.87,2694.02,319.8,31.5,7.06,188.5,17
North,2020,Corn,683.94,5.91,4042.09,240.7,18.3,6.25,173.2,12
West,2021,Soybean,152.56,5.96,909.26,316.9,28.6,5.73,160.6,11
North,2021,Rice,296.21,2.78,823.46,348.1,33.6,7.07,191.7,18
North,2022,Soybean,965.32,3.23,3117.98,196.9,19.6,6.9,162.8,16
East,2021,Wheat,580.93,5.8,3369.39,245.3,16.7,6.01,120.6,9
South,2023,Corn,440.52,4.04,1779.7,178.2,34.6,7.46,140.2,6
South,2022,Corn,785.83,2.06,1618.81,160.5,20.4,6.31,95.9,13
North,2022,Soybean,572.07,4.45,2545.71,100.2,20.5,6.86,50.5,6
West,2023,Wheat,111.85,2.03,227.06,389.1,24.7,7.32,103,0
South,2023,Soybean,762.61,2.7,2059.05,232.3,19.6,5.81,110.7,13
West,2023,Barley,759,2.14,1624.26,103.9,34.9,7.26,160,2
South,2022,Corn,248.63,2.22,551.96,102.7,15.9,6.91,178.9,8
West,2022,Corn,960.99,1.02,980.21,186.5,24,5.84,194.4,10
East,2022,Barley,301.52,5.4,1628.21,104.2,26,6.83,102.8,14
West,2023,Wheat,511.97,2.48,1269.69,212.4,24.3,7.25,193.6,4
East,2023,Corn,203.26,1.43,290.66,118.9,25.4,7.1,169.9,18
East,2020,Rice,642.95,1.43,919.42,111.8,34.8,7.02,54.6,3
West,2021,Rice,437.91,3.78,1655.3,300.8,32.5,5.82,139.3,19
East,2020,Wheat,417.86,5.96,2490.45,372.1,21.2,5.88,104.8,12
North,2023,Barley,844.28,1.73,1460.6,222.8,26,6.6,55.1,5
East,2022,Soybean,108.61,1.5,162.92,351,15,6.66,129.7,6
South,2023,Wheat,818.15,3.19,2609.9,108.8,23.2,7.39,137.7,15
West,2021,Soybean,614.3,3.82,2346.63,333.3,18.3,6.44,87.8,7
North,2020,Wheat,987.49,2.47,2439.1,118.8,29.2,6.11,191,8
West,2020,Rice,630.5,2.51,1582.55,351.5,19.4,5.88,141.6,8
South,2022,Barley,149.84,3.12,467.5,364.7,30,5.61,76.4,18
South,2020,Rice,145.58,2.57,374.14,335.8,21.3,5.64,158.2,18
South,2020,Barley,894.84,5.58,4993.21,346.2,33.5,6.65,124.9,10
East,2023,Soybean,857.09,1.21,1037.08,268.4,23.9,5.85,121,15
East,2020,Wheat,411.3,2.17,892.52,179.5,31.8,7.2,175.2,8
West,2020,Corn,656.23,5.04,3307.4,293,27.6,6.69,70.7,14
West,2020,Corn,540.63,5.17,2795.06,231.9,34.5,7.23,123.6,10
North,2022,Barley,970.45,1.56,1513.9,101.6,29.9,6.35,167.1,7
North,2022,Barley,954.96,5.87,5605.62,243,29.6,6.69,149.1,2
West,2023,Rice,985.46,4.47,4405.01,295.4,20.3,6.55,50.8,13
East,2020,Corn,879.8,2.36,2076.33,104.2,25.1,7.47,168.1,5
South,2022,Rice,918.6,3.28,3013.01,286.4,20.8,7.09,191.7,4
West,2022,Soybean,295.55,2.49,735.92,295.8,15.4,6.69,155.7,10
North,2023,Corn,847.91,1.75,1483.84,147.4,29.2,6.71,181.4,9
East,2021,Soybean,737.97,2.46,1815.41,229.3,19.7,6,104.1,19
West,2020,Wheat,966.51,3.9,3769.39,389.3,22.9,6.97,102.6,10
West,2022,Rice,614.14,5.13,3150.54,365.3,20.7,7.47,98.1,5
East,2023,Barley,176.65,2.82,498.15,223.2,19,5.76,160.2,7
West,2023,Corn,637.66,2.74,1747.19,205,16.3,6.77,191.3,13
East,2023,Rice,717.92,3.34,2397.85,137.2,21.8,6.54,182.8,12
South,2022,Barley,298.29,4.22,1258.78,110.6,16.6,7.2,72.5,2
East,2020,Wheat,454.7,4.76,2164.37,189.2,25.8,5.5,143.9,5
East,2021,Corn,638.65,2.63,1679.65,382.1,15.4,5.77,199.4,16
East,2020,Soybean,436.7,3.93,1716.23,387.6,33.8,5.57,94.3,0
West,2023,Wheat,437.45,2.95,1290.48,343.8,34.3,5.83,145.2,10
West,2023,Barley,219.78,4.58,1006.59,205.2,21.1,6.92,186,0
East,2021,Corn,946.67,1.82,1722.94,143.1,20.2,5.78,184.9,13
West,2020,Corn,775.44,2.28,1768,278.7,17.1,6.74,98.2,8
North,2023,Wheat,101.12,3.13,316.51,294,33.1,7.24,64.1,9
North,2023,Corn,789.05,5.45,4300.32,227.4,26.7,5.57,146.9,11
West,2020,Barley,765.82,3.87,2963.72,307.5,27.2,5.55,192,3
West,2023,Wheat,108.76,5.83,634.07,324,32.9,7.48,126.2,17
East,2020,Soybean,432.64,1.52,657.61,334.9,33.2,6.85,118.7,10
South,2023,Wheat,646.07,3.3,2132.03,250.7,31.6,5.78,179.6,15
West,2020,Wheat,507.48,3.1,1573.19,337.5,30.5,6.11,113.7,17
North,2021,Soybean,800.19,4,3200.76,107.6,32.5,7.47,152.1,6
East,2023,Barley,482.91,5.06,2443.52,304.1,32.5,5.95,108.3,19
West,2021,Rice,238.48,5.21,1242.48,170.7,22.4,7.01,106.6,3
North,2023,Rice,978.77,4.35,4257.65,181.2,34.5,5.98,78.2,1
North,2023,Soybean,317.84,4.21,1338.11,127.4,29.2,6.3,63.3,8
South,2022,Barley,745.92,5.75,4289.04,157.7,22.4,7.26,182.8,11
East,2020,Corn,228.84,2.92,668.21,397.6,23.8,5.56,77.2,18
East,2021,Soybean,396.11,5.16,2043.93,224.6,28.7,6.11,59.3,8
South,2021,Rice,497.82,5.61,2792.77,378.3,22.2,6.47,137.3,9
South,2021,Barley,273.01,3.46,944.61,148.9,31.5,6.75,131.9,8
East,2020,Wheat,504.96,4.65,2348.06,161.2,18,5.56,135.2,4
East,2022,Barley,241.45,2.89,697.79,267.3,33.2,6.32,120.2,0
West,2021,Barley,603.11,1.79,1079.57,204.9,21,6.19,71.3,15
West,2020,Rice,697.34,3.93,2740.55,293.2,18.1,5.55,53.1,8
South,2023,Rice,156.19,1.98,309.26,226.6,32.2,6.21,57,4
West,2021,Corn,884.02,3.29,2908.43,343.5,19.8,7.36,191.5,3
North,2021,Corn,266.63,5.36,1429.14,229.5,31.9,6.05,129.8,4
West,2022,Soybean,302.83,1.43,433.05,271.7,20.9,6.67,110,3
West,2021,Wheat,695.21,1.15,799.49,196.3,33.7,6.1,111.6,13
North,2021,Corn,521.88,4.03,2103.18,311.2,19.4,5.71,147.8,7
South,2023,Rice,549.46,2.66,1461.56,296.4,16.4,6.08,106.5,12
North,2020,Barley,215.34,3.09,665.4,219.1,33.7,6.44,169.5,10
West,2020,Soybean,825.16,3.03,2500.23,182.8,18.3,6.09,89,13
South,2022,Corn,655.35,1.43,937.15,284.2,33.9,6.75,105.1,9
West,2023,Barley,221.84,1.02,226.28,382.9,31.5,7.4,190.2,6
North,2020,Barley,436.6,5.49,2396.93,139.8,16.6,5.64,89,18
North,2023,Corn,829.37,2.09,1733.38,339.7,23.9,6.93,149.2,16
West,2020,Wheat,611.52,3.13,1914.06,262.9,16.5,5.5,104.7,3
East,2023,Wheat,197.78,5.86,1158.99,257.7,21.6,5.5,120.7,19
East,2022,Soybean,435.5,5.13,2234.11,388.5,22,5.77,56.8,13
North,2021,Wheat,318.42,1.54,490.37,281.8,27,6.46,75.1,11
North,2022,Soybean,565.72,3.54,2002.65,349.2,34.5,5.6,65.3,10
East,2020,Rice,859.03,4.65,3994.49,254.3,18.4,6.94,176.7,0
East,2022,Corn,492.64,4.49,2211.95,175,21.6,5.56,194.3,8
West,2021,Barley,490.01,4.8,2352.05,308.3,26.7,6.49,60.2,0
West,2022,Soybean,914.82,3.29,3009.76,377,18.4,6.85,61.5,9
East,2020,Wheat,618.57,1.88,1162.91,352.4,29.2,5.98,132.8,10
West,2020,Soybean,609.57,3.32,2023.77,159.5,23.1,6.66,125.6,4
West,2022,Soybean,335.72,4.24,1423.45,195.1,34,6.02,147.6,8
South,2021,Wheat,646.95,4.04,2613.68,255.1,27.6,5.93,160.5,2
West,2022,Wheat,618.32,1.35,834.73,271.5,22.3,7.14,169.6,1
North,2021,Corn,457.17,1.32,603.46,158.1,29.4,6.17,72.4,17
West,2023,Barley,991.63,5.83,5781.2,169,31.8,7.13,55.7,13
West,2021,Corn,893.7,1.76,1572.91,327.6,31,5.93,183.4,4
East,2023,Corn,774.63,2.47,1913.34,319.1,20.3,6.21,120.4,13
North,2022,Wheat,583.61,4.84,2824.67,351.8,23.3,5.71,195.7,4
West,2021,Wheat,515.85,3.05,1573.34,379.9,24,6.49,129.9,1
West,2023,Barley,266.41,1.91,508.84,192.5,22.8,6.26,126.5,6
South,2023,Soybean,375.16,3.34,1253.03,357.9,21.2,5.51,143.4,17
West,2023,Corn,796.56,3.84,3058.79,299.8,30.1,6.43,75.5,15
West,2020,Barley,508.37,3.26,1657.29,387.3,15.2,5.65,88.1,4
South,2022,Corn,894.04,5.59,4997.68,181.6,20.9,7.17,185.9,19
East,2023,Soybean,233.12,2.42,564.15,180.9,17.8,6.49,81.8,11
West,2021,Corn,557.51,4.31,2402.87,311.3,17.6,6.88,84.9,12
South,2023,Rice,682.27,1.56,1064.34,378.5,20.5,7.14,126.5,7
North,2020,Barley,565.16,2.96,1672.87,347.4,30.2,5.6,146.2,13
East,2022,Wheat,900.3,4.7,4231.41,318.1,34.4,6.17,50.1,4
North,2020,Corn,990.61,2.12,2100.09,216.2,25.3,5.55,118.5,3
North,2020,Barley,204.25,3.95,806.79,315.3,21.8,5.6,109.9,8
South,2020,Barley,216.96,1.77,384.02,340.3,31.6,5.58,179.8,14
West,2021,Corn,217.29,1.51,328.11,326,16.3,6.46,176,13
South,2022,Wheat,713.06,3.62,2581.28,303,16.9,6.4,185.9,4
South,2022,Wheat,435.41,4.38,1907.1,114.1,21.9,5.62,176.3,14
South,2021,Corn,759.98,1.57,1193.17,297.9,24,6.02,168,3
South,2022,Barley,464.92,5.59,2598.9,243.5,31,5.99,178.9,17
East,2020,Wheat,664.85,2.13,1416.13,388.5,33.5,6.09,76.2,4
West,2022,Corn,792.87,1.6,1268.59,282.2,25.6,6.78,101.1,16
North,2021,Corn,593.39,2.01,1192.71,282.5,24.9,6.89,152.5,13
North,2020,Corn,585.55,1.85,1083.27,398.2,19.3,6.18,188.5,16
West,2021,Barley,179.41,1.45,260.14,128.1,24,7.08,150,18
North,2023,Wheat,469.7,4.99,2343.8,182.9,33.5,6.34,81.2,12
West,2020,Barley,591.2,3.48,2057.38,296.8,22.9,6.54,191.7,12
North,2020,Rice,515.78,2.94,1516.39,194.6,19.2,5.79,164.1,12
South,2022,Wheat,910.7,5.75,5236.53,203.8,21.7,5.97,157.5,1
North,2020,Barley,915.88,2.86,2619.42,367.8,25.3,6.96,164.4,14
West,2021,Wheat,839.73,1.83,1536.71,273.8,27,7.45,148.9,0
West,2022,Rice,437.77,2.37,1037.51,130.9,23.6,6.91,53.3,14
West,2023,Soybean,745.57,2.19,1632.8,193.3,30.2,5.61,88,15
West,2021,Corn,455.76,3.49,1590.6,122.8,26.7,5.79,193.5,10
West,2023,Barley,309.33,2.46,760.95,266.8,28.3,6.39,93.3,2
East,2023,Rice,408.61,3.58,1462.82,152,32.3,6.97,165.7,19
East,2023,Rice,163.87,4.35,712.83,357.1,32.3,5.83,113.7,13
North,2020,Wheat,398.6,4.89,1949.15,273.2,19.1,7,186.1,4
West,2021,Wheat,514.67,4.55,2341.75,117.8,27.5,6.61,133.7,16
North,2021,Corn,959.93,2.03,1948.66,190.3,29.3,7.05,144.8,1
West,2020,Wheat,382.07,1.58,603.67,284.9,17.9,6.62,85.9,6
West,2022,Barley,912.21,3.71,3384.3,200.6,31.9,6.71,58.6,9
East,2023,Barley,305.97,1.99,608.88,254,18.6,6,163.5,9
East,2021,Barley,271.87,1.42,386.06,372.8,31,6.94,60.1,19
South,2020,Soybean,567.1,3.64,2064.24,205,18.2,7.19,158.3,7
East,2023,Barley,705.26,2.63,1854.83,200.8,29.8,7.24,133.3,0
South,2022,Wheat,139.9,4.78,668.72,345.9,18,5.56,173,15
South,2022,Wheat,298.96,2.57,768.33,195.6,22.6,6.75,80.9,8
South,2023,Barley,510.12,5.89,3004.61,123.4,17.9,7.48,131.2,15
South,2022,Rice,397.9,4.79,1905.94,154.3,20.4,6.67,142.1,19
South,2021,Rice,741.36,1.29,956.35,384.6,34.7,5.84,61.1,14
North,2021,Rice,560.04,3.54,1982.54,380,17.2,7.26,160.8,8
East,2021,Corn,244.32,3.81,930.86,167.4,23.1,6.03,108.4,11
South,2022,Soybean,905.02,4.48,4054.49,266.1,28.5,5.59,69.3,1
West,2021,Barley,363.62,3.49,1269.03,141.2,16.9,6.36,108.1,9
East,2020,Corn,758.02,3.42,2592.43,302.4,17.2,5.7,64.7,15
East,2021,Rice,801.92,2.84,2277.45,155.6,17.9,5.73,183.2,4
South,2021,Barley,966.84,2.36,2281.74,114.9,27.9,6.43,118.5,12
North,2022,Corn,548.66,5.73,3143.82,347.5,33.2,6.73,70.7,6
South,2021,Wheat,654.25,2.59,1694.51,197.6,31.5,7.31,87.8,8
North,2023,Rice,401.39,1.32,529.83,132.6,34.7,6.91,158.7,16
West,2020,Corn,710.36,1.84,1307.06,350.2,26.6,7.19,167.9,16
East,2022,Wheat,517.05,5.29,2735.19,328.7,34.2,6.32,56.2,16
West,2020,Rice,493.89,3.93,1940.99,305.1,21.1,6.14,59,4
North,2023,Soybean,869.92,4.89,4253.91,373.4,23.4,6.69,187.6,5
North,2022,Rice,145.15,5.04,731.56,246.8,22.9,6.89,99.6,5
West,2022,Soybean,893.77,5.12,4576.1,138.4,15.9,6.64,79,8
North,2021,Soybean,866.86,3.75,3250.72,118.4,31.6,6.03,68.5,9
West,2020,Soybean,555.73,1.89,1050.33,195.5,15.5,6.24,121.4,16
East,2023,Barley,541.18,1.74,941.65,126,29.6,6.4,165.7,2
West,2023,Barley,425.63,3.87,1647.19,260.7,23.1,5.53,128.2,19
East,2022,Soybean,994.76,2.83,2815.17,104.3,15.1,7.26,53.1,8
West,2021,Wheat,200.05,3.79,758.19,233.1,20.8,6.52,122.6,0
North,2022,Soybean,631.19,3.49,2202.85,153.5,21.9,7,96.7,18
West,2022,Corn,713.51,4.01,2861.18,210.5,34.3,5.84,152.4,13
North,2022,Soybean,940.9,1.16,1091.44,302.5,28.2,6.61,128.5,7
West,2022,Barley,802.18,1.16,930.53,205.3,25.9,7.35,194.8,17
West,2023,Barley,679.46,4.61,3132.31,202.4,17.5,5.93,139.7,5
South,2023,Corn,205.13,1.97,404.11,397.2,22.8,6.19,144.9,1
North,2022,Corn,436.36,4.26,1858.89,315.6,15.7,6.28,128,6
South,2022,Rice,224.96,3.73,839.1,254.2,30.2,6.27,96.7,5
North,2021,Wheat,893.09,5.91,5278.16,273.8,18.3,6.7,144.6,10
South,2022,Wheat,774.66,5.18,4012.74,286.1,26.9,6.29,99.9,9
East,2023,Wheat,781.78,3.07,2400.06,107.4,29,6.85,157.6,10
West,2020,Barley,687.03,4.08,2803.08,124.1,22.3,6.47,85.5,7
North,2023,Wheat,556.34,1.59,884.58,294.8,27.7,5.82,105.1,12
North,2021,Rice,234.97,2.93,688.46,209.3,30.3,7.4,137.5,5
West,2023,Rice,396.73,4.67,1852.73,116.6,18.7,5.98,144.3,9
North,2020,Wheat,223.22,4.11,917.43,189.3,27,6.62,150.3,17
North,2022,Corn,752.42,3.42,2573.28,139.1,29.7,5.62,155,14
South,2020,Rice,244.21,1.88,459.11,374.9,22.1,7.34,97.7,4
North,2022,Corn,731.9,5.02,3674.14,160.9,18.2,7.36,183.9,10
East,2022,Barley,723.03,2.37,1713.58,143.1,20.7,6.23,54.5,3
East,2023,Rice,513.37,5.1,2618.19,287.9,33.7,5.74,78.3,12
West,2023,Corn,221.71,4.06,900.14,256.6,22.1,7.04,60.5,14
North,2023,Wheat,383.32,2.86,1096.3,272.8,17.2,6.02,150.7,1
West,2021,Barley,388.08,1.2,465.7,230.8,16.7,6.9,91,6
East,2023,Soybean,730.35,2.16,1577.56,240.2,18.6,7.33,79.9,5
North,2021,Soybean,202.37,5.45,1102.92,333.6,17.6,6.68,122.1,18
North,2023,Wheat,846.16,5.09,4306.95,166,24.9,7.22,142.9,14
West,2022,Barley,784.91,3.87,3037.6,219,22,5.95,142.9,13
East,2021,Barley,267.68,3.33,891.37,387.3,31.8,7.32,133.6,15
North,2020,Barley,747.25,4.24,3168.34,157,32.6,5.95,198.8,19
West,2021,Barley,701.66,3.33,2336.53,188.1,24.5,5.95,179,9
East,2021,Soybean,773.31,4.22,3263.37,157.5,32.8,7.26,85.8,5
West,2020,Corn,270.04,2.54,685.9,106.1,24,6.61,163.8,14
South,2021,Barley,241.83,5.19,1255.1,180.9,27.8,7.1,135.4,3
North,2022,Corn,312.84,4.51,1410.91,113.9,18.3,7.1,60.6,1
South,2023,Barley,429.28,2.65,1137.59,146.4,16.1,6.79,57.4,18
East,2020,Rice,814.3,5.15,4193.65,208.8,18.2,5.88,169.9,6
South,2023,Rice,764.13,3.44,2628.61,106.2,20,6.88,131.7,10
South,2022,Rice,932.91,1.87,1744.54,325.9,30,5.63,135.7,14
East,2020,Barley,152.77,1.39,212.35,338.7,18.5,5.9,100.4,15
West,2023,Corn,110.4,4.5,496.8,223.4,17.6,6.79,189.6,4
South,2023,Soybean,729.22,5.33,3886.74,395.4,33.6,7.32,157,8
West,2022,Wheat,351.36,5.04,1770.85,303.7,28.8,7.04,189.2,0
South,2023,Soybean,400.67,4.28,1714.87,323.1,24.5,6.16,64.9,12
West,2022,Barley,592.12,1.71,1012.53,157.7,16.9,7.15,137.6,2
East,2021,Rice,192.17,1.47,282.49,351.2,32,7.43,145.6,4
South,2022,Rice,678.42,2.73,1852.09,383.5,17.2,6.16,68.9,13
East,2021,Corn,392.63,5.27,2069.16,170.9,27.2,5.87,101.9,4
South,2020,Barley,669.44,5.81,3889.45,305.9,28.4,5.9,82.2,19
East,2023,Soybean,850.61,2.21,1879.85,324.1,23,6.3,197.7,13
East,2022,Barley,254,4.81,1221.74,191.6,33.2,5.6,131.5,0
South,2022,Barley,937.79,3.87,3629.25,242.5,16,6.48,97.3,10
South,2023,Rice,577.62,1.16,670.04,129.3,31.4,6.96,149.7,4
South,2023,Soybean,930.63,3.71,3452.64,151.9,26.1,6.56,148.9,2
North,2020,Wheat,286.96,5.03,1443.41,118.5,27.2,7.44,102.1,9
West,2020,Rice,644.11,2.38,1532.98,268,34.7,6.42,199.1,8
North,2022,Soybean,463.5,5.49,2544.62,287.6,26.7,5.53,171.3,14
North,2020,Corn,796.8,2.18,1737.02,374.8,30.9,6.44,110,5
East,2021,Rice,645.32,1.38,890.54,262.7,18.1,7.36,149,5
South,2020,Corn,545.06,1.8,981.11,178.2,31.2,5.69,156.6,7
West,2020,Rice,921.69,5.19,4783.57,117.8,30.2,5.95,76.1,1
East,2022,Barley,439.41,3.09,1357.78,365.5,34.4,6.93,181.7,3
North,2021,Soybean,297.98,4.98,1483.94,243.7,33.7,6.09,173.9,1
South,2020,Corn,647.29,3.66,2369.08,321.2,19.3,7.03,163.4,8
East,2021,Rice,661.63,3.4,2249.54,104.4,24.3,6.34,83.4,4
South,2021,Corn,495.19,5.03,2490.81,246.4,33.2,7.09,70.4,18
East,2021,Rice,537.95,3.12,1678.4,197.7,27.8,6.6,77.1,18
South,2023,Rice,963.6,5.01,4827.64,109.1,24.3,5.66,64,8
North,2023,Wheat,759.42,1.5,1139.13,332.7,17.2,6.27,191,4
West,2023,Wheat,199.54,4.18,834.08,253.9,22,6.17,177.7,15
North,2023,Wheat,290.92,4.51,1312.05,200,28.3,7.12,63.6,6
West,2022,Corn,978.02,5.5,5379.11,341.7,30.5,6.75,151.7,1
South,2020,Barley,753.82,2.12,1598.1,234.1,23.9,7.05,86.8,13
East,2023,Rice,923.54,4.02,3712.63,101,16.1,6.24,52.6,0
North,2022,Soybean,373.48,3.17,1183.93,383.3,27.7,6.88,93.9,7
West,2020,Wheat,767.68,2.91,2233.95,176.7,33.4,5.63,116,16
North,2023,Corn,742.6,1.53,1136.18,349.2,24.9,5.57,53,18
West,2020,Corn,365.22,1.67,609.92,344.9,33.6,6.07,98.6,5
North,2023,Corn,595.73,5.18,3085.88,148.7,22.1,7.05,155.1,13
West,2022,Soybean,664.67,4.75,3157.18,242.2,32.7,6.57,84.3,7
West,2021,Soybean,533.02,2.91,1551.09,112.1,30.7,6.32,122.7,10
South,2021,Wheat,844.46,5.14,4340.52,206.4,34.2,7.29,183.1,13
West,2020,Soybean,849.58,1.4,1189.41,319.3,30.8,6.49,54.3,9
South,2022,Wheat,865.54,4.12,3566.02,171.1,21.4,6.73,167.8,16
West,2021,Soybean,823.08,5.34,4395.25,135.1,33,7.47,107.6,11
East,2023,Soybean,539.28,5.19,2798.86,252.1,28.4,6.54,131.2,3
East,2021,Soybean,443.29,2.86,1267.81,261.1,18.2,7.07,84.6,18
East,2020,Wheat,848.24,4.73,4012.18,302.7,15.9,6.33,136.8,16
West,2020,Rice,541.18,3.14,1699.31,327.7,22.3,5.57,159.6,4
South,2022,Wheat,321.73,5.2,1673,308.7,30.7,7.17,80.2,13
South,2020,Rice,556.61,3.65,2031.63,353.6,27.4,7.39,101.5,6
West,2021,Corn,227.66,4.82,1097.32,166.9,25.5,6.37,135.1,2
East,2021,Corn,722.47,1.39,1004.23,270.9,15.1,6.51,112.5,4
East,2021,Wheat,402.33,3.95,1589.2,208,23.7,6.35,94,4
South,2021,Rice,334.59,3.75,1254.71,388.6,18.2,7.49,117.8,7
East,2022,Rice,960.86,4.05,3891.48,232.1,24.1,7.31,93.6,2
North,2023,Rice,799.19,4.48,3580.37,387.9,34.8,5.58,95.3,0
South,2023,Corn,808.36,5.59,4518.73,330.7,32.6,7.06,141.6,1
East,2022,Wheat,661.35,4.93,3260.46,315.5,21.2,6.7,121.6,6
South,2020,Barley,855.26,2.1,1796.05,247.5,26.9,5.55,151.6,14
North,2023,Rice,783.25,5.13,4018.07,233,25,6.39,175.6,13
South,2020,Rice,638.9,1.61,1028.63,258,17.6,5.8,191.4,12
South,2023,Barley,965.01,4.11,3966.19,188.1,34.8,7.25,72.7,11
South,2020,Wheat,272.44,5.41,1473.9,371.4,23.5,5.53,143.9,17
South,2022,Rice,949.04,1.51,1433.05,338.3,25.1,7.25,137.4,1
North,2021,Wheat,461.29,5.25,2421.77,340.4,28,7.38,180,6
West,2020,Rice,575.56,4.99,2872.04,229.9,18.8,5.65,184.4,9
South,2021,Soybean,210.47,3.52,740.85,121.3,19.4,6.94,164.1,19
South,2020,Rice,586.1,2.54,1488.69,304.9,18.9,6.6,139.3,9
East,2020,Soybean,650.09,3.03,1969.77,212.3,22.7,7.41,79.9,5
South,2020,Wheat,997.93,5.84,5827.91,361.1,19,7.1,91.5,3
East,2020,Rice,977.67,2.01,1965.12,334.1,33.5,6.89,140.4,7
West,2020,Corn,969.76,3.9,3782.06,143.6,29.3,7.35,70.9,12
North,2021,Corn,413.55,1.42,587.24,280.5,33,5.82,77.6,4
North,2020,Barley,992.14,2.09,2073.57,307.7,32,6.25,186.7,7
West,2021,Corn,509.93,4.82,2457.86,270.4,29.1,7.19,193.4,7
North,2022,Soybean,866.65,2.51,2175.29,254.2,19.9,5.7,50.8,8
West,2023,Corn,294.69,5.93,1747.51,168.4,27.3,7.37,179.4,13
West,2020,Corn,555.25,3.5,1943.38,170.8,18.7,6.99,190.7,10
West,2023,Corn,969.41,3.58,3470.49,330.4,17.6,6.38,128.9,9
North,2021,Rice,952.33,1.18,1123.75,105.6,27.7,6.18,117.3,6
East,2022,Barley,715.36,5.78,4134.78,333.7,27.5,5.8,187.8,12
West,2022,Wheat,818.03,1.87,1529.72,258,18.1,5.69,51.1,8
South,2022,Barley,258.78,3.69,954.9,380.9,22,6.35,176.1,7
North,2023,Soybean,749.49,2.98,2233.48,399.2,16.3,7.19,94.5,16
West,2021,Rice,656.25,3.08,2021.25,299,29.3,6.56,146.2,13
West,2020,Rice,182.4,4.22,769.73,223.7,34.7,6.4,98.5,17
South,2020,Corn,201.84,4.31,869.93,242.5,29.8,6.14,128.4,8
East,2021,Corn,197.6,1.77,349.75,161.3,31.9,5.81,171.2,14
East,2023,Soybean,751.92,3.5,2631.72,129.8,24.5,7.48,77.2,15
East,2020,Rice,227.54,4.95,1126.32,273.6,16.9,5.55,149.6,19
West,2021,Wheat,520.96,3.22,1677.49,341.6,29.5,6.12,184.8,8
West,2020,Barley,421.28,1.83,770.94,178.5,20.1,7.04,185.2,9
West,2022,Rice,595.45,2.57,1530.31,225.9,22.8,6.54,184.1,13
North,2020,Wheat,735.83,2.06,1515.81,266.4,29.1,6.13,127.8,11
South,2023,Wheat,716.25,1.63,1167.49,372.4,33.1,7.49,165.2,7
West,2021,Barley,563.97,2.89,1629.87,141.6,24.7,6.74,117,16
South,2023,Wheat,517.9,3.7,1916.23,171.1,34.2,6.09,119,16
South,2021,Soybean,458.03,1.36,622.92,375.6,25.4,7.2,92.6,18
East,2022,Wheat,875.72,4.02,3520.39,111.9,17.5,5.8,92.8,17
North,2021,Soybean,397.77,5.97,2374.69,296.8,25.4,6.43,55.7,12
West,2020,Wheat,333.43,5.82,1940.56,291.9,32.2,7.18,129.7,16
East,2020,Corn,768.98,5.15,3960.25,215,25.8,7.47,96.3,3
East,2022,Wheat,423.79,2.33,987.43,240.4,30,6.27,78.2,17
West,2021,Soybean,862.3,1.11,957.15,356.5,26,5.78,68.3,9
South,2022,Wheat,395.1,5.17,2042.67,149.5,25.9,6.63,102,9
East,2020,Wheat,731.75,1.28,936.64,169.5,20.7,7.39,184.9,4
South,2023,Wheat,140.6,2.03,285.42,253.7,19,6.83,127.5,0
North,2022,Soybean,447.01,3.72,1662.88,222.9,20.6,6.7,133.5,13
South,2023,Wheat,408.91,1.89,772.84,272.3,23.8,6.12,58.1,9
North,2023,Barley,835.01,5.17,4317,376.3,31.2,6.71,128,4
South,2021,Barley,970.35,4.89,4745.01,375.1,31.6,7.27,150.1,8
East,2022,Soybean,514.79,4.78,2460.7,169,18.3,6.25,72.6,16
East,2023,Corn,842.35,5.08,4279.14,190.6,26.1,5.98,197.5,18
North,2023,Barley,729.73,2.1,1532.43,148.6,23.3,6.46,187.3,4
West,2021,Rice,970.65,4.64,4503.82,378.3,26.4,6.25,199,0
North,2021,Barley,830,2.78,2307.4,219.4,28,6.44,104,6
North,2020,Rice,169.73,4.33,734.93,234.9,20.6,5.69,173.3,0
South,2023,Soybean,741.95,1.61,1194.54,340.8,33.4,6.17,99.3,9
South,2020,Corn,581.95,4.53,2636.23,253.9,33.7,7.15,162.4,2
North,2023,Rice,114.79,5.86,672.67,135.9,17.1,6.3,192.2,16
East,2020,Rice,326.18,1.22,397.94,231.4,29.1,7.44,73.3,9
South,2021,Barley,929.58,1.47,1366.48,289.2,15.7,6.92,71,8
West,2022,Rice,933.46,1.62,1512.21,315.8,15.9,6.23,65.7,8
South,2021,Soybean,818.97,3.15,2579.76,293.6,34.2,6,169.8,10
South,2020,Soybean,983.6,2.45,2409.82,135.8,28.9,6.87,150,12
West,2020,Soybean,825.89,5.03,4154.23,191.3,21.5,6.1,128.3,8
North,2022,Barley,109.18,3.37,367.94,320.1,28.4,7.35,166.1,11
West,2023,Corn,359.05,3.42,1227.95,364.1,31.9,5.73,177.5,6
North,2020,Barley,127.56,4.59,585.5,114.2,32.4,5.56,192.4,2
North,2020,Soybean,184.7,2.81,519.01,112.7,15.4,5.94,80.2,11
North,2020,Barley,296.96,2.77,822.58,293,31.4,6.71,116.3,12
West,2022,Soybean,553.2,4.78,2644.3,264.4,32.1,7.17,188.5,9
North,2021,Wheat,862.78,4.9,4227.62,146.6,26.9,5.84,119.2,5
East,2020,Wheat,875.77,1.07,937.07,264.5,24.6,6.67,123.1,19
West,2022,Rice,654.58,1.72,1125.88,392.3,17.2,5.79,191.4,4
East,2020,Corn,935.36,2.07,1936.2,289.3,19.8,6.63,160.2,12
North,2023,Wheat,550.06,2.76,1518.17,234.7,24.8,5.54,132.8,19
South,2022,Soybean,900.13,2.46,2214.32,348.3,32.3,6.62,103.6,19
North,2020,Barley,508.66,4.34,2207.58,163.8,31.1,6.54,187.3,8
East,2022,Barley,349.5,5.14,1796.43,224.3,24.9,5.59,51.3,8
East,2020,Rice,924.77,1.96,1812.55,258.3,30.7,6.88,98.2,6
West,2021,Barley,449.14,3.81,1711.22,251.4,30.3,6.64,191.9,6
South,2020,Wheat,553.06,2.84,1570.69,376.3,26.6,6.75,124.7,0
West,2022,Barley,395.97,3.53,1397.77,187.8,19.4,6.56,143.6,17
East,2023,Wheat,696.55,4.1,2855.85,117,22,6.94,129.9,11
North,2023,Wheat,995.53,5.47,5445.55,374.9,18.3,6.55,109.6,13
South,2023,Corn,122.96,1.96,241,165.1,15.1,7.34,149.8,14
North,2020,Rice,909.86,1.44,1310.2,213.7,16.6,7.39,165,2
North,2021,Soybean,103.53,4.14,428.61,259.3,30.2,6.95,104.7,2
South,2020,Wheat,427.81,2.97,1270.6,392.8,15.7,7.32,138.6,18
West,2023,Rice,251.75,1.81,455.67,260.6,23,7.35,62.4,8
North,2022,Soybean,781.61,1.59,1242.76,234.3,34.7,6.02,132.1,17
East,2023,Barley,145.55,3.79,551.63,275.1,30.9,7.49,162.2,0
North,2022,Rice,598.14,2.5,1495.35,391.2,30,6.03,137.8,16
South,2021,Rice,365.43,5.99,2188.93,345.4,20.5,5.54,181.8,11
South,2022,Rice,220.3,3.03,667.51,150.7,27.8,7.42,92.9,17
South,2020,Barley,794.64,2.06,1636.96,341,25,5.95,123.8,1
West,2020,Barley,295.68,4.14,1224.12,352.3,27.5,6.67,63.1,6
North,2020,Rice,301.31,2.22,668.91,307.2,23.7,7.44,155,3
West,2022,Corn,347.57,3.47,1206.07,297.2,25.6,5.6,116.4,3
West,2020,Wheat,628.09,3.41,2141.79,232.3,34.8,6.04,129.6,10
South,2020,Barley,693.7,3.27,2268.4,292.5,21.6,6.72,69.3,3
South,2020,Corn,115.84,4.98,576.88,321.3,19.3,7.03,199.6,14
West,2021,Barley,317.68,2.08,660.77,136.8,24,7.11,165.8,1
North,2022,Rice,487.87,5.52,2693.04,177.2,25.5,7.27,110.1,1
East,2022,Corn,398.78,4.96,1977.95,158.2,16.7,5.84,135.5,8
West,2023,Soybean,895.75,2.67,2391.65,352.4,31.1,6.24,142.8,12
North,2022,Wheat,808.94,1.9,1536.99,304,23.4,6.93,194.1,14
South,2021,Wheat,663.3,2.4,1591.92,235.2,23.3,6.93,165.3,18
South,2022,Barley,404.24,2.66,1075.28,347.8,28.2,6.12,102.5,6
North,2021,Wheat,730.61,3.78,2761.71,315,30.5,6.11,196.7,16
East,2021,Soybean,859.27,1.23,1056.9,374.1,34.7,6.14,95.3,15
South,2022,Corn,635.35,5.57,3538.9,123,18.5,7.28,136.5,3
South,2023,Corn,806.02,1.49,1200.97,252.7,21.9,7.32,155.1,3
South,2020,Rice,774.19,2.4,1858.06,312,18.4,5.53,90.7,7
North,2020,Corn,614.56,1.55,952.57,162.2,32.6,6.15,193.5,19
West,2022,Barley,380.96,2.28,868.59,198.1,26,6.28,82.4,10
South,2022,Soybean,771.2,5.19,4002.53,225.7,32,7.46,116.3,8
West,2021,Rice,286.12,4.08,1167.37,338.3,34.7,7.39,77,13
East,2022,Barley,801.54,2.14,1715.3,248.1,26,6.76,181.2,9
South,2021,Barley,824.09,5.36,4417.12,247.9,17.4,5.59,83.2,15
South,2023,Barley,839.93,5,4199.65,229.3,22.2,5.88,55.2,13
East,2022,Wheat,525.62,4.77,2507.21,168.6,15.7,6.37,55.8,19
South,2020,Barley,273.23,5.24,1431.73,376.9,32,7.42,112.1,9
West,2020,Wheat,189.75,4.1,777.97,195.3,15.4,5.69,128.4,18
North,2022,Corn,769.03,3.51,2699.3,270.2,26.8,7.08,56.2,7
West,2021,Wheat,897.64,2.87,2576.23,144.6,17.1,5.88,63.9,5
North,2020,Barley,685.75,2.12,1453.79,230.3,15.2,6.52,64.6,19
North,2021,Soybean,229.74,3.79,870.71,371.1,20.1,7.03,150.3,0
West,2022,Soybean,941.41,5.45,5130.68,398.6,26,6.88,95,15
West,2022,Corn,990.19,3.97,3931.05,208.5,16.5,7.05,134.4,0
West,2020,Barley,490.04,5.6,2744.22,146.2,27.3,7.13,61.1,2
West,2022,Wheat,635.34,2.78,1766.25,194.3,28.4,6.11,183.8,7
East,2023,Soybean,799.51,4.48,3581.8,198.2,34.4,6.23,95.7,7
South,2023,Rice,762.75,4.24,3234.06,293.4,33,7.13,166.7,1
North,2020,Barley,971.01,4.35,4223.89,248.8,26.3,5.58,174,11
West,2023,Barley,203.39,4.23,860.34,330.5,30.9,6.53,198.2,15
West,2021,Rice,622.65,2.11,1313.79,310.4,22.3,7.34,161.2,10
West,2020,Soybean,722.74,1.72,1243.11,175.4,26.7,7.27,116.4,16
East,2020,Rice,901.09,5.89,5307.42,335.3,23.1,7.11,72.9,13
West,2021,Corn,886.7,1.23,1090.64,354.2,21.7,5.54,57.2,4
West,2023,Wheat,980.2,3.34,3273.87,279.5,29.6,7.28,182.9,0
West,2023,Wheat,560.87,3.13,1755.52,378.3,20.9,7.32,117,7
South,2023,Soybean,847.68,2.8,2373.5,334.9,22.6,6.83,162.5,8
East,2020,Rice,484.55,4.91,2379.14,278.6,22.3,6.1,124.4,1
West,2020,Barley,480.08,4.73,2270.78,371.8,32.4,6.48,181.9,12
North,2023,Barley,328.01,5.53,1813.9,280.1,18.4,7.03,162.4,10
North,2022,Barley,836.41,2.98,2492.5,256.4,22.6,7.13,62.8,15
North,2023,Corn,987.23,3.82,3771.22,206.9,32.8,6.19,162.8,3
East,2021,Corn,330.71,5.46,1805.68,364.9,15.3,6.15,90,6
East,2020,Barley,150.52,5.97,898.6,136.8,34,6.97,166,16
North,2021,Soybean,833.99,5.85,4878.84,242.1,33,6.87,192.3,6
West,2021,Corn,658.21,4.59,3021.18,261.2,23.4,6.53,189.5,1
East,2020,Corn,963.73,1.72,1657.62,266.4,28.1,6.34,68.8,17
North,2022,Wheat,327.02,1.12,366.26,295.6,34.8,6.81,58.2,8
North,2023,Wheat,163.92,5.13,840.91,251.7,26.1,5.56,166.5,8
West,2021,Soybean,543.2,5.2,2824.64,177,16.9,5.65,156.5,10
South,2020,Corn,176.92,4.73,836.83,357.1,32.1,6.65,76.4,3
East,2021,Corn,335.61,2.4,805.46,297.3,17.7,5.92,152.7,3
West,2023,Rice,213.38,4.2,896.2,357.5,20.1,7.05,52.3,4
North,2022,Soybean,301.72,2.58,778.44,182.8,32.5,7.04,144.7,16
North,2022,Soybean,195.53,3.25,635.47,291.1,20.1,6.92,174.8,4
West,2022,Rice,958.52,2.91,2789.29,314.3,29.9,7.31,146.3,3
East,2020,Rice,350.71,5.57,1953.45,215,24,5.78,59.8,2
South,2020,Wheat,499.51,2.17,1083.94,343.7,30.2,6.02,198.6,0
South,2022,Soybean,908.75,3.89,3535.04,100.8,19.6,6,103.4,19
North,2023,Soybean,709.59,2.8,1986.85,278.5,23.4,7.06,107.1,2
East,2023,Rice,656.23,4.32,2834.91,284.1,21.4,6.54,62.7,7
South,2020,Barley,735.01,3.82,2807.74,260.2,20,6.01,75.1,5
East,2022,Barley,845.94,5.62,4754.18,289,21.3,5.77,90.7,1
East,2023,Wheat,889.9,1.51,1343.75,150.2,21.5,7.29,169.9,0
North,2023,Barley,678.38,2.1,1424.6,305.4,34.1,6.88,153.8,19
South,2023,Barley,901.01,4.83,4351.88,200.7,25.7,6.56,137.5,3
West,2020,Barley,581.86,2.84,1652.48,235.6,24.2,7.43,179.6,8
North,2022,Corn,349.56,1.83,639.69,199.9,25.1,7.2,199.7,11
South,2021,Wheat,892.07,3.52,3140.09,242.2,34.9,5.86,107.7,18
South,2022,Rice,587.33,4.26,2502.03,286.5,28.1,6.52,108.7,13
South,2022,Barley,915.52,1.22,1116.93,351.5,29.1,6.47,160.4,17
South,2020,Corn,136.15,2.46,334.93,245,21.3,7.19,146.7,16
South,2023,Barley,457.76,5.05,2311.69,197,24.4,5.8,52,17
East,2023,Corn,953.02,3.6,3430.87,246.4,18.7,6.4,148.3,16
North,2020,Wheat,324.69,1.18,383.13,306.6,28.7,6.77,157.9,8
East,2020,Barley,947.38,2.41,2283.19,204,21.9,7.39,197.9,11
West,2020,Corn,958.51,4.2,4025.74,224.3,30,7.3,138,18
South,2020,Soybean,893.93,2,1787.86,268.9,19.3,6.57,152.7,14
North,2020,Soybean,607.3,5.14,3121.52,188.2,23.1,6.71,168.3,17
South,2021,Corn,682.25,4.38,2988.26,162.7,24.4,7.2,64.4,16
North,2022,Barley,882.66,3.36,2965.74,142.1,18.3,6.99,160.2,13
East,2022,Barley,798.31,5.58,4454.57,205.8,16.4,7.26,132,9
North,2022,Wheat,667.08,2.96,1974.56,114.5,21.3,7.29,65,19
West,2023,Wheat,984.03,2.18,2145.19,275,25.9,7.17,150.5,1
West,2021,Rice,717.11,4.31,3090.74,152.8,28.1,5.52,85.2,15
North,2022,Wheat,977.93,3.87,3784.59,213.2,23.5,6.12,130.7,5
North,2023,Barley,151.65,2.68,406.42,180.8,25,6.31,92.1,4
North,2021,Rice,225.06,2.72,612.16,289.1,25.9,6.86,65.7,0
North,2021,Wheat,506.31,2.99,1513.87,355.1,25.2,6.11,87.6,6
West,2023,Corn,446.39,2.46,1098.12,290,16.8,6.15,115.8,6
South,2021,Soybean,804.46,4.55,3660.29,262.8,23.1,6.3,124.1,12
North,2023,Wheat,244.55,4.26,1041.78,300.7,19.1,7.41,72.3,4
North,2022,Wheat,978.49,3.2,3131.17,109,25.7,6.37,98.1,19
West,2023,Corn,383.56,2.99,1146.84,136.9,30.2,5.78,178.9,17
West,2021,Barley,486.03,2.83,1375.46,128.5,26.6,5.51,186.6,7
East,2022,Corn,347.27,2.42,840.39,129.5,19.4,5.97,130.3,14
North,2022,Wheat,621.43,1.43,888.64,178.1,19.2,7.38,123.6,15
East,2020,Barley,152.77,2.34,357.48,259.6,15.7,7.41,137.2,8
West,2020,Rice,234.71,2.61,612.59,134.4,23.5,6.56,82.2,15
West,2021,Wheat,771.22,3.74,2884.36,380.5,23.7,6.79,199,5
South,2023,Corn,267.85,4.87,1304.43,356.3,19.7,7.09,161.8,10
North,2023,Rice,311.96,2.98,929.64,391.5,30.3,5.61,85.8,12
East,2021,Soybean,813.68,5.72,4654.25,112.8,22.7,6.25,90.8,1
West,2022,Rice,183.97,5.14,945.61,355.4,28.4,6.78,147.3,16
West,2021,Corn,493.73,5.92,2922.88,341.1,27.8,7.3,98.4,1
East,2021,Rice,120.76,5.38,649.69,370.6,27.1,6.95,103.3,12
South,2022,Corn,412.13,4.08,1681.49,258.4,33.2,6.2,167.1,18
West,2023,Wheat,729.08,3.99,2909.03,336.4,15.3,7.32,90,0
North,2021,Barley,181.09,1.65,298.8,115.4,16.4,6.83,155.8,4
West,2023,Soybean,899.5,4.61,4146.7,122.8,29.4,7.16,190.2,15
North,2021,Barley,918.55,4,3674.2,135.6,22.1,6.27,68.6,5
East,2022,Barley,194.49,3.53,686.55,374.4,34.7,5.5,71.6,13
North,2022,Barley,991.66,4.47,4432.72,118.4,19.3,5.83,191.4,7
East,2020,Corn,367.78,3.22,1184.25,130,18.7,7.35,80.5,17
North,2022,Corn,175.69,3.62,636,379.1,26.8,5.57,53.1,4
East,2020,Soybean,104.56,2.99,312.63,132.2,20.6,6.69,180.3,10
North,2021,Corn,467.67,4.59,2146.61,360.9,21.8,6.32,92.3,12
South,2023,Corn,666.83,5.38,3587.55,336.8,33.4,6.36,94.8,8
North,2022,Corn,398.96,5.2,2074.59,112.1,15.5,6.3,84,14
North,2022,Corn,853.05,4.93,4205.54,106.6,25.6,5.63,187.7,12
South,2022,Wheat,744.95,1.07,797.1,260.3,21.7,5.74,166.2,2
West,2021,Soybean,415.15,5.56,2308.23,399.2,21.9,5.63,139.5,2
West,2020,Corn,760.88,2.37,1803.29,363.6,20,5.61,118,14
North,2021,Soybean,946.44,5.44,5148.63,193,17.7,5.67,71.5,17
South,2023,Rice,183.79,1.98,363.9,215.9,15.7,6.89,188.9,19
North,2021,Wheat,375.49,3.2,1201.57,216.4,34.8,5.73,162.4,8
East,2023,Corn,516.99,4.75,2455.7,320.3,28.2,6.02,91.8,15
East,2022,Wheat,548.19,4.2,2302.4,202.3,30.5,6.81,192.1,19
North,2023,Wheat,587.98,3.08,1810.98,144.3,16.3,5.72,190.3,16
West,2023,Rice,370.56,4.39,1626.76,324.1,15.3,7.32,148.9,12
West,2020,Soybean,700.53,3.74,2619.98,237.4,27,6.45,197.8,11
North,2023,Wheat,680.58,2.38,1619.78,123,29.5,7.43,78.1,0
North,2023,Barley,620.04,4.23,2622.77,337,22.9,5.89,159.7,5
East,2021,Rice,202.39,2.02,408.83,275.6,22.8,5.56,72.8,5
West,2022,Barley,529.27,4.47,2365.84,246.8,22.7,6.68,153.8,15
North,2021,Rice,420.6,1.02,429.01,302,18.1,6.16,188,13
East,2021,Barley,541.93,3.74,2026.82,251.6,30.1,6.64,130.4,6
West,2022,Barley,929.68,3.01,2798.34,294.5,19.3,6.45,164.5,2
South,2022,Wheat,532.48,2.52,1341.85,360.2,21.5,6.41,71.5,2
East,2023,Wheat,112.58,3.58,403.04,284.1,28.4,7.2,145,14
West,2023,Rice,494.95,4.23,2093.64,297.9,15,5.88,59.5,6
West,2020,Soybean,838.58,5.83,4888.92,284.2,30.3,6.5,55.5,3
East,2021,Wheat,802.05,5.17,4146.6,259.4,33,6.33,145.1,5
South,2022,Wheat,562.05,4.59,2579.81,151.6,16,6.85,135.9,12
East,2023,Corn,324.79,3.39,1101.04,200.7,26.8,5.6,99.4,6
West,2022,Wheat,518.58,2.96,1535,307.9,23.2,6.56,126.9,12
North,2023,Soybean,607.33,1.16,704.5,227.6,16.6,6.46,152.7,17
North,2020,Corn,999.88,2.8,2799.66,221.8,28.6,7.45,146.7,10
East,2020,Barley,679.76,5.24,3561.94,327.8,27.2,7.01,61,6
West,2022,Barley,724.84,2.92,2116.53,101.7,27.9,5.81,151.7,11
North,2020,Corn,542.31,3.31,1795.05,303.7,31.3,6.52,148.9,6
West,2022,Corn,419.04,2.36,988.93,246.8,20.7,7.07,150.4,9
East,2023,Corn,831.66,2.37,1971.03,213,28.5,6.55,177.1,13
North,2021,Rice,545.44,1.31,714.53,202.2,29.9,6.21,136.5,4
West,2020,Soybean,995.22,4.07,4050.55,151.9,18.4,6.25,190.7,18
North,2023,Soybean,511.41,3.24,1656.97,200.3,34.1,6.23,197,4
East,2021,Barley,161.2,4.03,649.64,217.4,21.8,5.54,162.8,0
West,2021,Barley,714.32,3.73,2664.41,231.2,29.3,6.96,103.8,13
North,2021,Barley,141.98,4.99,708.48,301.7,30.1,6.72,71.5,2
East,2023,Wheat,325.45,4.76,1549.14,236.1,25.1,6.04,173,6
North,2023,Barley,418.36,4.86,2033.23,338.9,17.6,6.76,72,3
North,2022,Corn,765.54,3.5,2679.39,291.9,20.5,6.12,71.9,5
South,2021,Barley,544.81,2.77,1509.12,156.9,19.7,5.99,187.9,10
South,2021,Corn,125.78,5.67,713.17,183.2,25.4,6.98,134,10
East,2021,Rice,655.16,1.27,832.05,123.8,20.2,7.12,94,3
South,2022,Wheat,470.29,1.76,827.71,383.7,25.9,6.75,194.4,15
East,2021,Wheat,929.65,3.1,2881.92,366,20.8,7.07,156.1,16
South,2023,Soybean,549.61,4.07,2236.91,125.4,15,6.23,130.2,18
North,2021,Rice,738.08,1.04,767.6,272.2,22.3,5.64,99.4,2
East,2020,Corn,296.98,4.6,1366.11,388.1,27.1,6.71,151.5,5
East,2023,Rice,784.88,3.79,2974.7,324.1,30.5,6.01,159.6,15
North,2022,Wheat,748.86,3.42,2561.1,247.5,15.6,7.05,156.8,12
East,2021,Corn,913.67,3.12,2850.65,172.3,20.2,6.22,79.3,1
East,2020,Rice,130.44,3.6,469.58,183.7,34.7,6.84,154.6,6
South,2022,Wheat,502.75,1.81,909.98,320.9,20.2,6.61,137.2,18
East,2022,Corn,711.24,1.54,1095.31,334.2,30.5,7.13,177.5,0
West,2023,Corn,185.65,2.45,454.84,258.6,25.2,7.16,143.7,1
North,2022,Wheat,469.54,4.55,2136.41,136.3,17.4,5.64,71.9,16
South,2022,Corn,947.93,3.94,3734.84,380.2,27.9,6.09,97.8,19
South,2022,Wheat,492.34,3.4,1673.96,353.4,34.3,7.24,161.6,14
West,2022,Barley,986.86,3.86,3809.28,142.2,32.7,6.31,161,0
North,2021,Barley,151.16,3.8,574.41,117,28.8,6.53,83.4,5
North,2021,Corn,746.05,2.54,1894.97,260.8,25.2,5.87,103.2,11
South,2021,Corn,622.91,1.49,928.14,185.2,21.4,6.61,52.3,16
East,2021,Wheat,550.49,5.48,3016.69,185,22.1,6.03,99.8,7
South,2020,Corn,973.76,4,3895.04,126.2,21.9,7.16,54,17
North,2021,Soybean,216.69,4.49,972.94,386,33.4,5.9,180.9,18
West,2022,Barley,906.4,3.32,3009.25,349,19.2,6.22,150,14
South,2021,Corn,722.12,4.78,3451.73,134.2,22.6,5.69,195.4,12
North,2021,Corn,333.1,3.92,1305.75,363,23.6,6.68,183.8,15
South,2023,Rice,911.5,1.27,1157.6,304.9,23.2,7.38,140.5,14
East,2022,Corn,486.37,5.45,2650.72,197.6,15.1,5.85,125.4,13
South,2021,Soybean,832.8,2.53,2106.98,361.4,20.4,5.54,182.6,3
South,2021,Barley,449.95,1.69,760.42,279.4,25,6.34,94.8,19
North,2021,Rice,865.84,1.44,1246.81,354.6,30.2,7,83.5,12
North,2020,Wheat,672.97,4.6,3095.66,240.8,26.4,7.45,111.5,4
North,2021,Wheat,226.94,4.52,1025.77,250.2,22.7,5.6,58,7
South,2023,Barley,684.7,4.5,3081.15,187.3,28.3,7.07,95.3,0
East,2022,Wheat,272.21,5.58,1518.93,216.3,28.3,6.24,62.6,12
West,2022,Soybean,470.73,2.74,1289.8,270.3,20,5.81,57.9,4
West,2021,Corn,253.27,3.81,964.96,384.1,17.1,5.88,132.7,7
North,2021,Barley,119.81,4.1,491.22,280,31.1,7.35,156.2,6
North,2021,Rice,290.7,5.9,1715.13,144.2,25.6,7.12,130.5,18
South,2022,Corn,582.73,2.56,1491.79,102.1,18.5,6.12,60.6,9
West,2022,Wheat,533.4,5.78,3083.05,355.3,20.2,7.38,109.2,9
North,2020,Wheat,551.35,1.74,959.35,209.3,30.3,5.71,66.6,6
East,2023,Rice,322.92,4.82,1556.47,194.5,28.1,6.15,147.5,18
East,2020,Soybean,716.65,4.16,2981.26,340.2,33.9,6.81,174,13
North,2023,Rice,733.84,5.08,3727.91,383.6,24.3,7.5,67.5,7
North,2020,Barley,422.17,1.14,481.27,324.4,16,6.43,60,3
West,2022,Rice,893.05,1.39,1241.34,152.2,29,7.12,110.9,14
West,2020,Wheat,679.62,1.35,917.49,217.4,20.1,7.33,95.5,4
South,2023,Soybean,741.74,3.96,2937.29,327.8,21.5,5.52,89.1,3
West,2021,Soybean,349.61,4.01,1401.94,372.1,18.9,6.08,81.7,11
East,2023,Rice,100.55,5.53,556.04,399.6,21.2,5.7,97.5,5
East,2021,Barley,878.84,3.34,2935.33,253.5,31.6,7.05,194.8,7
North,2022,Wheat,840.18,1.34,1125.84,346.8,26.5,6.63,178.7,5
West,2023,Corn,210.87,2.05,432.28,114,17.2,5.69,140.2,4
South,2020,Soybean,436.69,1.04,454.16,185.7,26.7,6.34,170.1,8
East,2023,Rice,695.21,4.88,3392.62,211.5,27.7,6.53,52.2,18
East,2021,Barley,686.9,5.08,3489.45,392.7,32.7,6.9,66.7,9
South,2022,Barley,874.32,5.99,5237.18,101,32.2,7.06,93.9,10
South,2020,Wheat,226.24,3.06,692.29,192.4,16.3,5.68,146.6,17
East,2023,Soybean,486.95,1.1,535.64,379.1,32.3,6.48,182.5,4
East,2021,Wheat,187.5,2.17,406.88,192,16,5.82,84.7,10
South,2020,Corn,450.64,3.94,1775.52,167.5,18.1,7.01,70.9,16
East,2022,Corn,113.6,5.81,660.02,319,17.2,6.82,177.2,10
North,2020,Corn,908.45,1.52,1380.84,323.6,18.6,6.95,111.4,15
North,2022,Barley,574.34,1.61,924.69,241.7,31.1,5.65,154.9,8
South,2020,Soybean,864.82,4.51,3900.34,384.1,28.7,6.52,132.2,18
West,2023,Wheat,153.91,4.34,667.97,160.8,28.7,7.18,76.4,6
South,2021,Wheat,304.71,2.25,685.6,374,33.4,6.93,155.1,19
South,2023,Corn,333.44,5.07,1690.54,326.7,22.8,7.22,113.1,2
West,2023,Soybean,448.02,1.64,734.75,210.5,15.1,5.91,93.2,16
West,2022,Soybean,822.58,5.63,4631.13,342.1,27.8,6.07,185.4,5
West,2022,Rice,447.9,2.01,900.28,140,32.4,6.38,50.9,19
North,2022,Soybean,284.19,1.41,400.71,139.3,34.5,6.55,110.7,14
East,2023,Soybean,158.49,2.7,427.92,379,22.3,6,95.1,13
North,2020,Wheat,171.54,1.94,332.79,128.4,31.4,6.26,58.2,5
East,2020,Soybean,784.04,3.63,2846.07,101.2,32,6.87,62.1,15
North,2023,Soybean,500.32,4.43,2216.42,216.7,17.9,6.79,75.8,7
East,2023,Wheat,753.56,3.45,2599.78,131.2,27.6,5.72,125.7,14
North,2021,Soybean,714.06,4.3,3070.46,358.9,18.5,7.47,92.4,7
West,2022,Wheat,221.83,2.82,625.56,376.8,23.9,6.63,175.7,0
South,2022,Rice,228.6,1.14,260.6,244.7,32.6,6.47,86,1
North,2023,Barley,779.81,5.87,4577.48,227.6,30.8,7.43,158,16
East,2023,Wheat,749.14,5.1,3820.61,261.7,26.4,5.78,81.6,4
West,2020,Wheat,440.23,1.37,603.12,167.9,31.2,6.59,56.4,11
North,2023,Soybean,169.68,3.25,551.46,189.4,18.1,7.11,89.7,4
North,2020,Wheat,110.89,4.18,463.52,130.3,18.9,6.3,175.6,1
West,2023,Corn,359.34,1.95,700.71,233.9,19.2,6.97,62.3,13
North,2021,Corn,108.3,3.89,421.29,283.5,30.5,7.3,101.7,11
South,2021,Rice,307.07,3.67,1126.95,379.1,32.8,6.02,51.2,1
North,2020,Wheat,477.55,2.04,974.2,321.7,26.3,5.98,144.5,16
South,2022,Soybean,209.27,1.71,357.85,316.9,34.2,6.22,191.4,3
South,2021,Soybean,193.85,4.79,928.54,192.4,29.6,6.34,107.7,12
West,2020,Barley,906.79,2.61,2366.72,366.5,26.3,5.72,136.5,5
North,2023,Rice,626.92,2.22,1391.76,384.1,27.2,5.96,117.8,2
West,2023,Soybean,941.01,4.69,4413.34,379.7,32,7.25,196,3
North,2020,Barley,411.24,4.68,1924.6,111.6,16.8,6.63,160.4,7
North,2022,Soybean,709.43,2.38,1688.44,281.3,18.4,6.04,56.6,1
East,2020,Barley,284.22,5.36,1523.42,293,20.3,7.39,66.3,8
North,2020,Corn,656.51,4.44,2914.9,188.5,32.9,7.05,120.6,9
West,2021,Corn,216.63,2.73,591.4,397.7,33.9,6.22,144.8,12
South,2020,Soybean,101.87,3.14,319.87,187.4,22.1,7.03,93.6,16
North,2020,Rice,938.38,4.63,4344.7,165,33.5,6.69,151.2,3
East,2023,Wheat,599.4,2.06,1234.76,245.2,25.9,6.87,136.5,9
West,2021,Rice,934.25,3.34,3120.4,196.9,24.5,6.14,115.3,11
North,2023,Rice,400.45,4.27,1709.92,377.2,31.7,5.92,137.3,16
West,2023,Wheat,395.01,3.7,1461.54,232,25.9,6.01,187.5,0
East,2022,Corn,460.59,4.04,1860.78,223,24.1,5.67,86.5,2
East,2022,Corn,735.44,3.73,2743.19,287.8,15.3,6.44,168.7,5
West,2021,Wheat,609.23,2,1218.46,124.3,15.3,6.31,51.8,4
North,2021,Barley,932.82,3.05,2845.1,327,27.6,5.51,62.7,11
South,2022,Rice,122.9,3.66,449.81,330.5,16.5,7.21,192.5,10
East,2022,Soybean,737.38,4.9,3613.16,242.2,29.7,6.86,154.7,8
North,2022,Corn,397.29,4.27,1696.43,386.7,27.4,6.39,145,14
North,2022,Soybean,262.21,3.13,820.72,273.8,24.2,7.43,100.1,13
South,2022,Wheat,559.36,5.87,3283.44,308.6,29.2,7.38,77.7,18
East,2023,Soybean,554.56,1.54,854.02,377.3,34.9,5.69,107,12
East,2021,Soybean,223.31,2.03,453.32,299.9,19.9,6.73,139.8,6
North,2023,Rice,281.71,2.71,763.43,229.5,26.1,7.13,145.2,10
North,2023,Wheat,467.35,2.14,1000.13,107.4,31.9,5.85,75.4,1
South,2020,Soybean,467.93,4.13,1932.55,318.5,15.3,5.76,116.8,0
South,2023,Corn,385.8,1.2,462.96,389.5,19.1,6.02,135,6
East,2022,Wheat,233.69,1.89,441.67,241.1,25.4,6.06,194,1
West,2022,Corn,103.94,2.47,256.73,201.9,26,7.43,132.4,18
East,2020,Barley,973.21,4.42,4301.59,255.8,16.7,7.06,137.1,13
North,2020,Soybean,949.15,5.38,5106.43,318.5,23.1,5.62,164.8,10
East,2020,Wheat,535.29,4.99,2671.1,100.2,25.4,7.07,112.8,4
West,2020,Corn,995.55,1.91,1901.5,366.2,23.5,5.84,107.6,10
South,2020,Soybean,706.29,3.83,2705.09,365.9,29,6.21,138.6,13
West,2023,Rice,161.97,1.15,186.27,262.4,30.4,6.14,167.5,8
West,2020,Corn,205.95,2.55,525.17,136.7,24.2,6.04,145.6,0
West,2023,Corn,924.5,5.03,4650.24,301.5,23.5,6.12,77.9,5
South,2021,Barley,667.05,3.28,2187.92,141.4,29.1,7.01,109.7,6
West,2020,Rice,858.87,1.75,1503.02,252.3,26.1,6.03,126.9,12
West,2020,Barley,908.44,3.19,2897.92,128.1,32.4,7.1,128.6,9
West,2023,Rice,503.15,1.99,1001.27,276.7,24.6,5.68,100.9,19
North,2021,Corn,143.67,2.97,426.7,195.4,26.5,6.69,128.4,8
West,2023,Barley,269.45,3.44,926.91,349.3,17.6,7.23,150.9,16
South,2023,Soybean,159.91,2.75,439.75,340,31.7,5.66,120.2,3
West,2020,Rice,269.87,5.68,1532.86,399.5,23.4,6.77,117.7,13
West,2022,Corn,469.48,3.81,1788.72,177.3,29.4,6.52,170.2,5
South,2022,Wheat,206.38,5.21,1075.24,118.5,23.6,6.16,163.5,0
West,2023,Rice,250.06,4.8,1200.29,232.9,15,5.7,113.4,10
South,2020,Rice,501.24,4.31,2160.34,125,23,6.85,199.4,10
West,2021,Soybean,406.15,3.48,1413.4,153.5,18,6.12,60,16
South,2022,Rice,520.89,1.01,526.1,279.2,23,6.18,98.9,6
West,2021,Rice,486.25,4.07,1979.04,277.6,21.4,6.94,55.5,8
West,2022,Soybean,680.03,2.78,1890.48,113,19.1,7.39,175.9,15
North,2020,Soybean,943.47,1.59,1500.12,232.9,17.5,6.17,163.3,8
North,2023,Barley,197.08,3.22,634.6,259.1,29.6,6.99,152.6,4
West,2021,Corn,189.33,4.68,886.06,180.4,30.1,7.41,82.2,5
West,2021,Corn,867.53,5.81,5040.35,361.6,20.3,5.7,156.2,7
East,2023,Barley,555.76,2.87,1595.03,148.3,24.9,6.56,103.3,8
South,2021,Corn,789.76,3.71,2930.01,176.2,24.3,5.52,180.3,12
East,2022,Rice,293.88,5.26,1545.81,147.1,22.1,7.15,79.9,2
North,2023,Barley,845.98,2.67,2258.77,135,20.6,6.07,82.7,17
North,2022,Barley,931.46,1.71,1592.8,363.7,18.7,6.17,194.1,4
North,2022,Corn,671.93,2.41,1619.35,183.4,32.5,6.87,127.6,19
North,2020,Wheat,195.29,5.5,1074.1,316.8,31.7,7.08,117,0
West,2022,Corn,905.77,1.8,1630.39,228.4,23.3,6.3,102.8,12
North,2020,Wheat,813.24,2.65,2155.09,290.8,29.4,6.83,174.7,19
West,2021,Barley,775.79,3.32,2575.62,378.5,25,7.41,102.9,17
West,2021,Wheat,133.06,5.24,697.23,353.4,16.7,7.27,103.4,9
North,2020,Rice,819.07,5.69,4660.51,120.7,31.4,6.9,68.5,19
North,2022,Soybean,224.16,3.13,701.62,353.6,19.4,7.39,128.1,17
South,2023,Wheat,300.15,5.66,1698.85,235.5,29.1,7.25,188.6,3
East,2023,Soybean,619.42,1.81,1121.15,205,25.5,6.96,193.6,0
North,2020,Rice,338.48,1.78,602.49,301.7,28.8,7.33,199.3,6
South,2021,Soybean,695.21,5.75,3997.46,385.1,24.4,7.13,121,14
South,2021,Rice,647.26,3.55,2297.77,128.2,29.1,6.5,166.2,13
East,2023,Soybean,197.33,1.93,380.85,330.4,15.7,6.5,132.9,2
West,2020,Soybean,690.41,3.44,2375.01,161.1,15.8,5.52,132.2,19
North,2023,Corn,931.56,4.92,4583.28,214,32.9,5.56,170.9,18
East,2022,Wheat,245,5.13,1256.85,362.1,30,6.99,175.3,7
North,2022,Soybean,637.36,5.32,3390.76,263.7,31.6,6.61,53,18
South,2020,Barley,407.68,3.85,1569.57,120.2,24.1,7.02,191.4,17
South,2020,Corn,513.65,5.33,2737.75,252.4,24.2,7.4,173.4,13
West,2022,Wheat,358.3,3.55,1271.96,336.9,25.7,6.41,158.2,5
South,2021,Corn,418.72,4.04,1691.63,258.7,19.9,5.68,177.8,18
South,2020,Wheat,126.02,4.79,603.64,150.1,29.7,6.75,130.6,11
East,2022,Rice,983.4,3.13,3078.04,233.5,31.6,5.7,166,14
North,2022,Soybean,662.32,1.37,907.38,377.3,33.1,6.74,139.8,3
North,2021,Barley,550.64,2.75,1514.26,297.5,25.3,6.56,131.4,18
East,2021,Corn,445.34,4.12,1834.8,319,23.3,6.92,81.7,4
West,2021,Corn,585.44,1.96,1147.46,335.8,31.6,6.2,177.1,3
North,2021,Corn,442.1,1.74,769.25,127.2,30.1,5.79,182.6,8
South,2023,Corn,423.92,2.47,1047.08,274.5,32.3,5.97,195.7,18
North,2021,Soybean,517.55,1.16,600.36,212.8,28.1,6.87,68.1,5
South,2023,Wheat,348.38,4.72,1644.35,141.7,32.7,6.46,93.7,7
West,2020,Soybean,262.04,2.29,600.07,160.8,16.8,6.58,152.8,1
East,2022,Rice,600.95,1.62,973.54,334.3,28.6,6.15,178.3,7
North,2023,Soybean,858.49,4.5,3863.2,148.4,16.8,7.17,162.7,10
East,2020,Soybean,237.55,5.21,1237.64,193.7,30,7.5,118.3,1
North,2020,Rice,129.46,1.1,142.41,185.5,27.6,6.12,158.9,13
South,2023,Soybean,322.13,2.17,699.02,114.6,15.3,6.94,60.8,16
East,2020,Wheat,981.75,5.73,5625.43,238.6,27,5.84,149.4,4
North,2020,Barley,845.88,2.93,2478.43,329.8,17.9,6.98,51.2,4
South,2023,Rice,636.28,5.69,3620.43,106.6,17.8,6.36,57.1,0
East,2020,Corn,936.32,2.37,2219.08,133.8,18,6.71,163.6,5
East,2021,Wheat,500.75,2.09,1046.57,316.1,24.7,5.98,121.6,6
North,2021,Barley,984.95,2.07,2038.85,278.1,17.3,7.2,58.9,13
North,2022,Wheat,366.67,1.43,524.34,314.6,17.5,5.85,122.3,13
North,2020,Wheat,316.28,5.48,1733.21,169,20.1,7.36,59.4,15
South,2022,Corn,674.24,5.9,3978.02,341.1,15,5.62,101.9,8
North,2021,Barley,440.34,5.77,2540.76,244,20.5,6.08,73.6,17
East,2021,Wheat,663.73,5.26,3491.22,283.1,27.4,6.63,82.9,8
East,2021,Corn,374.5,5.23,1958.64,127.6,27,7.22,79.3,3
North,2020,Rice,656.13,4.31,2827.92,161.5,34.4,6.65,105.8,6
North,2020,Corn,348.17,5.13,1786.11,332,17.4,5.93,66.2,4
West,2021,Soybean,145.87,2.04,297.57,167.2,32.3,7.22,129.2,16
East,2022,Corn,920.92,2.94,2707.5,127.8,22.8,6.69,111.1,9
South,2022,Corn,894.88,4.2,3758.5,279.2,22.7,5.96,176,1
West,2023,Corn,973.72,5.37,5228.88,264.4,22,6.62,173.9,2
North,2021,Wheat,744.87,4.3,3202.94,282.4,17.5,6.85,173.6,6
North,2022,Barley,714.45,5.2,3715.14,285.5,24.6,6.86,120.4,4
East,2021,Corn,603.1,3.37,2032.45,250.1,30.7,6.95,93.6,9
North,2022,Corn,213.35,4.59,979.28,248.1,32.5,7.29,112.3,3
South,2023,Soybean,270.31,5.9,1594.83,377.2,34.3,7.15,153.1,1
East,2023,Soybean,360.52,1.77,638.12,260.2,30.7,6.72,129.5,16
North,2021,Rice,901.14,5.63,5073.42,285.2,27.5,5.56,143.6,18
East,2022,Rice,255.67,3.61,922.97,180.1,25,7,154.1,8
North,2020,Soybean,930.59,4.22,3927.09,361.3,32.5,7.45,187.8,18
North,2023,Barley,570.51,5.39,3075.05,107.3,29.8,6.11,191.6,2
North,2021,Rice,744.01,3.05,2269.23,267.2,18.2,6.71,176.1,6
South,2021,Barley,199.22,3.09,615.59,215.2,28.7,7.04,59.8,11
South,2022,Soybean,342.13,3.64,1245.35,281.2,23.6,6.78,196.9,11
East,2021,Rice,962.67,1.1,1058.94,208.1,26.9,7.35,155.5,18
North,2023,Corn,339.53,3.48,1181.56,315.3,33,6.45,154,6
North,2021,Soybean,366.87,2.46,902.5,106.1,28.1,6.56,53.5,7
South,2021,Rice,277.84,5.64,1567.02,221.8,33.8,5.58,121.9,2
North,2020,Barley,216.17,1.44,311.28,349.4,32.3,7.3,144,4
South,2020,Barley,309.93,3.3,1022.77,175.1,17.6,6.02,91.8,12
North,2023,Rice,678.09,5.74,3892.24,115.8,15.2,7.46,62.5,0
East,2022,Barley,509.83,5.51,2809.16,249,22.7,5.9,129.9,17
North,2020,Rice,598.38,4.51,2698.69,393,32.3,6.01,116.9,14
North,2022,Rice,210.13,3.95,830.01,119.2,19.6,6.47,56.6,12
West,2023,Barley,821.9,2.4,1972.56,121,28.8,6.82,127.9,7
South,2020,Wheat,805.69,2.83,2280.1,278.5,24.5,6.38,66.2,4
North,2022,Corn,119.43,1.45,173.17,175,29.9,6.2,113.7,6
North,2020,Soybean,445.16,4.93,2194.64,223.1,18.3,6.58,90.6,14
West,2023,Corn,161.89,2.62,424.15,349.2,19.8,7.42,195.6,6
West,2023,Soybean,812.9,4.34,3527.99,159.7,19.9,7.42,55.2,2
South,2020,Soybean,763.54,2.79,2130.28,315.8,26,6.16,134,16
West,2022,Corn,911.79,3.32,3027.14,251.3,20.8,6.86,72.8,8
East,2021,Rice,312.76,3.78,1182.23,371.5,31.2,6.94,97.9,0
West,2021,Barley,510.67,5.01,2558.46,391.9,21.9,6.81,77.6,14
East,2020,Wheat,266.04,2.06,548.04,245.5,28.2,5.73,199.3,2
South,2022,Wheat,434.11,2.99,1297.99,275.4,34,6.58,54.9,5
South,2021,Wheat,570.02,1.65,940.53,323.8,27.1,7.03,131.2,4
South,2023,Corn,148,1.38,204.24,195.6,19.8,5.9,141.2,3
South,2022,Corn,743.38,4.02,2988.39,168,31.6,6.2,165.8,10
South,2021,Rice,588.96,1.95,1148.47,389.4,15.3,5.91,143.9,10
East,2022,Wheat,846.06,1.3,1099.88,229.8,20.1,7.27,84.7,13
East,2020,Rice,344.6,5.49,1891.85,100.5,22.7,7.22,139.7,16
South,2022,Wheat,912.99,3.67,3350.67,351.3,18.9,5.84,196.2,19
West,2021,Corn,998.82,1.67,1668.03,279.9,27.1,7.02,177.3,19
North,2020,Barley,927.37,1.27,1177.76,150.6,26.2,6.23,118,8
South,2022,Barley,800.1,1.6,1280.16,109,23.1,6.87,121.6,0
West,2023,Barley,831.13,3.36,2792.6,187.4,20.9,6.49,69.9,13
North,2021,Barley,616.37,4.34,2675.05,378.4,23.7,6.44,135.5,4
South,2020,Soybean,271.14,4.21,1141.5,380,20.8,7.26,92,7
South,2022,Wheat,709.34,1.72,1220.06,193.3,19.4,6.77,66.2,4
East,2023,Barley,741.48,4.17,3091.97,350.8,22,5.97,121.1,1
North,2021,Soybean,986.85,3.02,2980.29,232.6,27,5.72,56.8,1
North,2023,Soybean,587.17,3.32,1949.4,296.3,28,7.37,68,12
West,2022,Soybean,344.23,5.01,1724.59,200.3,20.9,5.81,82.9,18
East,2022,Rice,715.31,2.66,1902.72,254.8,33.9,6.97,198.6,17
East,2020,Rice,981.44,1.73,1697.89,188.1,20.2,6.49,171.3,14
East,2023,Soybean,259.49,5.37,1393.46,118.3,29.2,5.78,131.3,13
East,2020,Barley,393.4,2.06,810.4,141.8,16.6,7.05,84.9,0
North,2021,Wheat,587.69,2.47,1451.59,187.2,28.3,7.31,127.8,19
North,2020,Corn,253.19,4.53,1146.95,392.9,24.2,5.74,147.3,10
South,2021,Rice,120,4.42,530.4,389.7,26.4,5.63,50.7,18
South,2022,Barley,403.28,5,2016.4,348.3,18.7,7.2,198.2,7
East,2022,Barley,878.83,1.92,1687.35,169.8,23.7,6.5,144,0
East,2023,Corn,139.12,2.76,383.97,232.5,30.3,6.85,198.2,10
East,2021,Corn,486.04,1.63,792.25,231.9,30.3,6.38,120.4,9
South,2022,Barley,785.98,3.71,2915.99,216.1,19.8,6.32,143.5,5
West,2023,Corn,957.86,2.46,2356.34,113.5,22.1,6.1,119.2,12
West,2023,Barley,986.93,4.44,4381.97,260.4,15.1,6.63,51.4,0
South,2020,Corn,479.77,1,479.77,121.8,16.8,5.82,177.5,8
South,2023,Corn,955.35,1.3,1241.96,340.6,17.5,6.93,117.4,17
South,2022,Barley,131.88,3.16,416.74,307.4,20.9,6.6,120.6,19
South,2020,Soybean,771.33,5.79,4466,205.8,30.2,7.2,104,10
South,2021,Barley,678.47,5.45,3697.66,294.1,25.2,7.34,114.9,15
South,2021,Wheat,324.57,5.97,1937.68,169.9,30.9,7.3,158.8,2
East,2022,Corn,556.59,3.08,1714.3,179.6,30.1,6.7,155.1,9
East,2022,Rice,216.6,1.23,266.42,194.2,26.7,6.14,171.3,1
East,2020,Corn,884.44,2.53,2237.63,339.1,25,6.21,196.2,7
East,2020,Wheat,422.11,4.38,1848.84,163.2,33.6,6.81,108.7,17
South,2022,Rice,663.44,1.68,1114.58,268.8,26.4,6.92,100.8,2
West,2022,Rice,242.9,2.5,607.25,160.1,24.7,5.82,124,5
North,2021,Barley,285.55,1.28,365.5,185.5,32.4,7.5,73.2,12
South,2021,Soybean,992.76,3.37,3345.6,170.6,16.4,5.72,163.7,18
North,2021,Barley,777.78,2.04,1586.67,293.5,28.1,6.71,137.2,13
West,2022,Rice,965.77,1.46,1410.02,258,17.3,6.56,81.7,12
East,2023,Rice,366.27,3.06,1120.79,316.4,31.4,6.68,179.6,14
West,2022,Soybean,248.11,2.76,684.78,166,30.9,6.57,142.9,18
South,2022,Corn,552.76,3.69,2039.68,102.7,25.1,5.62,55.1,17
East,2021,Soybean,545.2,4.75,2589.7,304.2,28.2,7.49,79.5,11
South,2022,Barley,257.45,1.56,401.62,134.5,30.5,7.46,183.7,7
East,2020,Corn,759.9,4.96,3769.1,173.9,24.7,6.55,107.2,13
North,2022,Barley,425.6,1.13,480.93,191.7,33.1,5.92,197.7,0
North,2022,Soybean,267.73,3.22,862.09,324,23.7,5.87,129.5,0
North,2022,Corn,398.79,3.94,1571.23,287.8,32.8,5.61,81.2,0
West,2022,Soybean,607.29,5.78,3510.14,155.3,26.7,6.72,139.1,16
South,2023,Wheat,753.82,3.87,2917.28,279.4,23.5,6.46,65.4,17
West,2022,Rice,533.7,1.79,955.32,312.4,15.1,6.33,171.1,19
North,2020,Corn,573.04,3.59,2057.21,216.7,20.9,6.55,144.2,14
South,2020,Rice,225.05,2.98,670.65,173.8,32.4,7.25,194.6,18
North,2022,Wheat,923.22,3.4,3138.95,303.7,23.6,5.64,153.5,8
West,2021,Corn,935.85,1.99,1862.34,283.3,23.4,6.59,57.4,1
West,2023,Rice,715.08,3.5,2502.78,123.4,24.8,6.9,121.5,7
West,2022,Rice,115.87,1.75,202.77,300,20.7,7.44,129.7,7
North,2022,Corn,583.37,4.72,2753.51,246.6,24.8,6.98,187.5,14
South,2022,Rice,666.3,3.97,2645.21,326,22.5,6.6,114.9,10
South,2021,Rice,995.19,1.39,1383.31,157.2,33.2,7.03,139,14
North,2021,Corn,996.46,5.45,5430.71,177.5,26.3,7.49,77.9,18
South,2021,Rice,871.85,4.08,3557.15,263,31.7,7.28,86.7,10
North,2023,Rice,157.45,2.58,406.22,244.5,28.7,5.68,132.3,0
South,2020,Barley,957.95,1.23,1178.28,215.9,19.3,6.65,154.5,16
East,2023,Barley,651.4,4.16,2709.82,323.8,32.4,7.07,115.3,10
East,2021,Wheat,820.8,2.87,2355.7,269.4,16.7,6.84,114.9,13
West,2020,Barley,466.47,5.54,2584.24,313.1,24,6.33,88.4,11
East,2020,Barley,387.7,1.17,453.61,146,19.8,6.14,154.7,11
East,2021,Wheat,516.92,1.2,620.3,318.7,25.8,6.75,50.8,3
East,2021,Rice,232.19,5.75,1335.09,238.5,21,6.32,126.9,14
North,2023,Rice,421.36,5.82,2452.32,110.1,29.5,6.28,50.5,8
East,2021,Barley,871.86,1.14,993.92,170.3,33.7,7.17,139,14
East,2020,Wheat,134.16,4.58,614.45,107.7,29.2,6.13,54.6,1
West,2022,Rice,235.79,2.11,497.52,237.1,22.1,6.79,191,15
East,2021,Soybean,212.6,4.51,958.83,197.8,27,7.25,121.7,0
East,2021,Corn,462.77,5.34,2471.19,396.2,32.8,6.74,152.6,15
South,2023,Corn,997.29,1.5,1495.94,360.6,20.4,6.49,178,14
West,2023,Corn,256.02,2.19,560.68,347.7,17.4,5.57,85.3,13
West,2021,Barley,230.93,1.12,258.64,250.3,17.6,6.86,131,2
West,2020,Corn,923.55,1.22,1126.73,342.1,24.9,7.5,179.5,5
West,2020,Corn,893.85,1.15,1027.93,180.1,29.6,7.12,130.7,10
West,2022,Soybean,129.02,5,645.1,268.2,28.1,6.77,108.9,6
West,2021,Rice,776.54,2.49,1933.58,217.9,24.1,6.44,105.3,13
North,2023,Soybean,689.92,3.47,2394.02,151.4,29.6,5.95,107.6,9
East,2020,Barley,790.97,4.94,3907.39,121.8,27.7,6.88,142.3,3
West,2022,Corn,545.05,3.47,1891.32,267.5,27.6,5.85,56.8,0
East,2021,Rice,992.24,3.15,3125.56,129.3,19,7.27,112.3,3
East,2020,Corn,139.46,1.06,147.83,315.4,21.3,6.21,134.1,14
North,2021,Corn,310.93,3.84,1193.97,376.4,21.9,6.3,168,5
West,2021,Barley,456.89,1.62,740.16,148.6,31.2,5.93,129.5,18
South,2020,Corn,504.8,4.82,2433.14,241.3,30.5,6.46,188.9,17
North,2020,Wheat,929.23,2.29,2127.94,321.6,20.1,6.86,116.6,9
South,2020,Rice,604,4.37,2639.48,186.1,16.1,6.11,147.6,3
East,2021,Rice,140.6,4.23,594.74,376.2,30.4,6.9,52.6,15
East,2021,Wheat,467.08,4.08,1905.69,366.5,23.2,6.74,85.8,18
North,2022,Barley,474.84,2.33,1106.38,131.1,19.4,6.24,172.3,10
North,2023,Corn,968.94,2.34,2267.32,108.2,17.3,6.13,137.9,9
South,2021,Corn,639.28,5.32,3400.97,392.9,15.3,7.22,191.9,15
West,2023,Rice,672.09,1.06,712.42,386.9,23.6,5.52,162.9,14
South,2020,Barley,741.93,1.91,1417.09,226.7,21.8,6.93,117.4,16
North,2021,Barley,793.04,4.05,3211.81,115.2,28.9,6.33,166.8,1
South,2022,Barley,671.55,5.09,3418.19,285.7,34.5,6.94,120.2,13
North,2022,Corn,313.47,2.79,874.58,188,19.1,6.52,99.5,7
South,2023,Barley,886.64,4.27,3785.95,381,19.9,5.67,57.1,14
North,2020,Wheat,758.91,3.79,2876.27,338.4,21.7,7.46,179.8,0
North,2023,Soybean,767.68,1.32,1013.34,294.9,24.3,5.67,112.8,5
North,2020,Barley,996.9,4.11,4097.26,185.4,29,5.82,152.8,19
West,2022,Soybean,822.27,5.07,4168.91,310.4,22,6.34,73,18
South,2023,Corn,846.24,5.96,5043.59,186.8,17.1,7.39,174.3,10
South,2022,Barley,956.26,1.15,1099.7,111.3,29.6,6.09,173.6,5
South,2022,Rice,236.02,4.3,1014.89,252.5,30.9,6.64,122.3,18
North,2020,Corn,547.95,3.07,1682.21,246.6,20,6.54,150.8,3
South,2023,Wheat,622.51,1.05,653.64,328.9,17.7,6.16,128.2,9
South,2023,Wheat,396.35,4.07,1613.14,359.7,25.6,6.89,132.8,10
North,2022,Soybean,855.46,1.61,1377.29,206.3,19.2,6.5,183.3,7
East,2022,Soybean,786.18,2.89,2272.06,234.8,22.5,6.66,195,8
North,2020,Rice,748.79,2.31,1729.7,241.1,30.5,5.92,105.1,0
South,2021,Rice,997.43,2.81,2802.78,197.3,19.4,7.35,99.8,18
North,2021,Wheat,333.44,3.46,1153.7,323,31.1,5.72,95.6,16
East,2022,Barley,761.91,2.8,2133.35,256.6,28.5,6.88,165.6,8
North,2021,Wheat,596.26,3.76,2241.94,374.2,19.4,7.27,158.4,16
South,2021,Wheat,381.69,2.19,835.9,295.1,25.5,5.67,56.6,11
East,2021,Rice,244.53,4.18,1022.14,163.6,27.3,5.56,63.3,13
West,2021,Soybean,906.3,5.27,4776.2,149.4,19,6.17,146.9,8
South,2022,Rice,635.91,2.12,1348.13,211.7,17.9,7.08,91.2,6
East,2021,Rice,842.44,3.54,2982.24,204.1,25.6,6.93,63.7,15
East,2021,Rice,590.81,4.24,2505.03,222.1,28.9,7.14,112,13
West,2020,Wheat,297.98,3.82,1138.28,155.1,24.3,6.29,181.6,5
North,2022,Barley,403.79,2.83,1142.73,393.5,16.4,7.49,104.9,14
North,2023,Wheat,443.38,4.21,1866.63,143.7,33.5,6.23,154.3,12
South,2023,Corn,975.64,1.14,1112.23,295.8,28.9,7.11,185.1,19
West,2020,Rice,105.07,2.85,299.45,103.9,27.4,6.2,75.4,4
North,2020,Rice,987.1,3.66,3612.79,222.1,27.9,5.94,141.5,14
West,2022,Corn,982.42,1.1,1080.66,192.8,23,6.17,186.1,17
North,2023,Rice,996.54,3.54,3527.75,214.6,34.7,5.89,79,12
East,2021,Rice,528.93,4.27,2258.53,249.4,17.7,5.76,198.3,10
North,2020,Rice,967.43,4.8,4643.66,280.1,29.8,6.23,104.8,10
West,2023,Corn,456.04,1.57,715.98,275.1,23.4,5.79,82.6,11
East,2022,Wheat,123.66,5.95,735.78,289.2,32.6,6.5,175.7,18
East,2021,Rice,301.91,4.03,1216.7,353.4,29.3,5.57,120.2,11
East,2022,Barley,950.77,2.82,2681.17,366,26.2,6.36,150.6,18
West,2020,Corn,112.39,2.25,252.88,321.2,33.8,7.42,123.4,18
South,2023,Soybean,591.39,3.86,2282.77,123.7,33.2,6.22,146.5,0
South,2023,Corn,168.04,5.41,909.1,388.4,16,5.78,55.3,13
South,2023,Wheat,357.76,3.6,1287.94,384.2,18.9,6.11,102.5,16
West,2023,Corn,179.28,4.31,772.7,313.5,28.5,7.08,148.6,1
East,2021,Soybean,873.58,2.79,2437.29,255.2,33.4,6.13,102.6,6
South,2021,Barley,631.96,2.94,1857.96,175.2,23.6,6.27,166.4,5
West,2022,Soybean,911.9,2.43,2215.92,326.9,15.8,7.08,194.1,19
South,2021,Corn,719.52,4.53,3259.43,363.4,27.9,6.02,55.6,19
North,2020,Soybean,973.93,2.8,2727,299.6,18.9,6.46,178.3,0
South,2020,Corn,558.89,1.95,1089.84,288.7,26,5.63,75.4,5
South,2023,Barley,674.84,2.85,1923.29,157.9,22.7,5.85,187.6,14
East,2020,Barley,618.68,5.27,3260.44,207.3,26.2,5.92,192,16
West,2022,Wheat,535.83,4.69,2513.04,316.9,33.6,6.43,135.4,3
East,2021,Barley,861.36,2.67,2299.83,105.1,24.7,7.14,121.9,1
East,2021,Rice,680.07,5.53,3760.79,292.4,15.7,6.21,163.8,15
East,2021,Soybean,821.18,1.37,1125.02,330,26.6,6.26,187.7,12
East,2020,Soybean,807.73,1.25,1009.66,200.4,21.5,6.1,84.9,10
East,2021,Corn,271.94,1.64,445.98,122.9,30.6,6.14,107.4,10
South,2023,Barley,685.15,1.58,1082.54,345.7,24.4,6.31,112.6,15
East,2023,Wheat,279.68,1.44,402.74,142.6,29.8,7.3,176.9,9
East,2023,Wheat,624.99,4.31,2693.71,211.2,33.2,5.55,70.5,3
West,2020,Wheat,709.69,4,2838.76,312.2,22.2,6.75,143.5,18
North,2021,Rice,997.51,4.24,4229.44,345.1,34.8,7.28,102.6,6
South,2020,Barley,127.49,4.44,566.06,358.7,18,6.33,182.8,17
South,2021,Wheat,182.12,4.78,870.53,259.1,27.9,6.8,101,11
South,2022,Rice,169.32,2.04,345.41,242.8,15.7,6.67,196.7,9
East,2022,Soybean,458.53,4.11,1884.56,354.5,19.3,6.18,52.3,14
East,2020,Corn,839.43,3.9,3273.78,268.9,27.7,5.77,85.9,11
East,2023,Barley,859.65,5.72,4917.2,273.6,15.9,5.94,118.6,0
West,2020,Barley,763.28,2.16,1648.68,230.2,17,5.61,88.4,9
North,2023,Soybean,907.19,1.29,1170.28,211.8,20.8,7.03,160.6,10
East,2021,Barley,390.57,4.27,1667.73,244.2,26.5,6.57,172.2,19
North,2023,Barley,179.34,4.7,842.9,209.5,15.3,7.07,154.6,18
West,2023,Barley,152.34,2.42,368.66,203.1,24.6,6.08,195.6,14
South,2021,Barley,866.92,3.85,3337.64,398.1,27.5,7.11,118.4,2
East,2022,Rice,757.39,1.3,984.61,200.9,23.1,6.12,197,15
North,2021,Rice,728.75,5.8,4226.75,176.9,16.4,5.74,68.7,19
North,2020,Corn,405.71,1.55,628.85,206.2,27.2,6.57,176.9,15
East,2020,Barley,441.91,1.34,592.16,277.2,27.1,7.39,55.8,9
South,2020,Soybean,962.3,1.22,1174.01,373.3,25.1,6.33,129.8,14
South,2020,Wheat,157.42,3.14,494.3,336.4,28.9,6.53,122.7,7
South,2020,Corn,796.36,1.49,1186.58,352.7,19.2,6.4,178.4,1
West,2022,Wheat,378.67,4.72,1787.32,357.7,28.6,6.41,155.1,3
North,2022,Wheat,135.15,5.49,741.97,376.2,18.2,5.93,116.2,13
North,2023,Barley,768.31,2.3,1767.11,170.5,22.9,6.34,184.4,17
North,2020,Soybean,397.82,4.14,1646.97,237.5,16.4,6.49,182.9,2
West,2021,Wheat,749.93,1.21,907.42,215.6,31.4,6.99,53.7,2
North,2020,Wheat,736.89,2.93,2159.09,214.6,25.8,5.78,180.7,4
West,2022,Corn,581.31,2.46,1430.02,295.7,34.4,6.64,129,1
South,2020,Soybean,799.64,2.14,1711.23,220.5,33.8,6.82,175.8,5
East,2022,Soybean,622.93,4.22,2628.76,284.9,35,6.27,77.2,3
North,2023,Wheat,357.97,1.65,590.65,214.7,17,6.6,72.7,1
North,2023,Soybean,760.7,5.3,4031.71,193.3,27.1,6.92,158.3,18
South,2023,Corn,630.23,4.32,2722.59,205.9,23.2,6.43,91.3,14
East,2022,Corn,111.45,4.55,507.1,341.1,25.7,6.17,133.8,1
West,2020,Corn,911.48,5.68,5177.21,280.3,21.2,7.15,153.3,3
East,2020,Barley,591.08,5.71,3375.07,392.2,16,7.48,141.6,13
South,2021,Wheat,881.76,3.76,3315.42,349.8,29.2,5.93,154.8,11
South,2022,Soybean,894.46,3.48,3112.72,245.7,34.3,7.28,143.1,2
East,2021,Corn,500.47,2.68,1341.26,172.7,25.6,6.59,106.9,7
West,2023,Wheat,556.89,4.58,2550.56,302.2,21.6,6.4,63.6,19
West,2020,Wheat,474.18,3.69,1749.72,318,33.8,7.29,178.3,9
North,2022,Barley,504.49,5.66,2855.41,239.3,22.3,7.32,176.9,18
West,2021,Soybean,905.63,2.19,1983.33,169,33.3,6.05,50.9,14
East,2021,Soybean,809.33,2.55,2063.79,267.2,32.1,6.22,176.1,13
South,2021,Corn,213.87,2.58,551.78,176.1,25.6,7.2,72.6,18
North,2020,Corn,649.28,5.03,3265.88,382,28.5,6.48,99.9,19
North,2020,Wheat,996.32,1.5,1494.48,288.7,29,6.08,112,18
South,2020,Soybean,636,3.28,2086.08,187.6,27.8,7.42,151.9,13
West,2022,Soybean,807.28,3.14,2534.86,164.7,18.2,5.93,63.9,5
South,2020,Corn,792.16,1.37,1085.26,315,28.9,6.72,174,7
West,2022,Rice,415.29,3.05,1266.63,312.3,15.1,6.36,191.4,18
South,2021,Wheat,434.66,3.57,1551.74,279.1,29.2,6.4,192.9,2
East,2021,Soybean,751.67,1.33,999.72,284.3,26.1,5.71,63.8,2
West,2023,Barley,549.99,3.55,1952.46,281.2,20.2,6.01,187.9,3
East,2020,Barley,613.51,5.8,3558.36,208,31.1,5.83,135.2,6
North,2021,Rice,741.62,5.89,4368.14,381.2,23.1,7,159,1
South,2020,Corn,799.82,3.66,2927.34,243.8,24.7,6.9,189.6,12
North,2022,Corn,344.36,3.58,1232.81,106.1,15.6,7.09,149.1,10
North,2021,Corn,232.11,2.43,564.03,204.5,23,6.9,118.5,12
North,2020,Barley,362.62,5.99,2172.09,139.1,18.3,5.76,128.8,1
North,2021,Corn,556.78,2.37,1319.57,209,20.5,7.46,152.7,3
South,2021,Barley,407.93,3.26,1329.85,282.5,20,5.88,191.7,15
North,2020,Rice,611.53,1.01,617.65,106.8,15.9,6.2,183.5,14
South,2021,Wheat,148.12,2.75,407.33,361.1,24.2,6.91,136.6,14
South,2021,Soybean,558.78,1.36,759.94,283.1,25.5,5.78,81.7,2
East,2021,Rice,431.19,4.72,2035.22,188.6,26.4,5.84,102,12
West,2021,Barley,581.2,3.81,2214.37,193.4,24.2,7.25,104.3,16
West,2022,Rice,480.28,3.86,1853.88,239.7,32.4,6.16,93.4,17
South,2021,Soybean,355.8,2.43,864.59,174.4,15.8,6.83,162,15
East,2023,Wheat,913.7,5.07,4632.46,101.3,27.3,7.22,175.4,0
South,2021,Soybean,266.29,1.02,271.62,108,32.3,7.45,98,13
South,2020,Barley,713.23,2.67,1904.32,207.3,15.8,5.92,176.9,1
South,2023,Soybean,932.18,4.3,4008.37,137.3,24.9,5.75,160.2,5
East,2022,Rice,584.8,5.54,3239.79,106.7,26.8,6.98,116.2,11
West,2023,Corn,888.77,2.17,1928.63,357.8,18.8,5.88,154.8,7
East,2023,Rice,212.37,3.71,787.89,182.2,20.1,6.66,165.4,6
North,2023,Barley,544.41,3.69,2008.87,250.9,30.7,6.57,134.2,17
East,2020,Wheat,511.32,5.37,2745.79,153.8,26.3,6.62,116.5,10
East,2020,Soybean,107.31,1.25,134.14,114,21.3,6.8,65.3,19
East,2020,Wheat,498.93,3.12,1556.66,323.5,30.3,7.2,50.2,1
East,2022,Barley,432.13,1.91,825.37,137.5,29.9,6.04,190.6,10
West,2020,Soybean,702.82,1.11,780.13,107.7,21.9,6.61,90.1,7
North,2020,Rice,944.5,1.74,1643.43,276.2,24.8,6.17,149.4,19
West,2023,Rice,177.21,5.88,1041.99,104,28.3,6.14,191.5,16
West,2020,Barley,394.73,2.07,817.09,230.9,21.9,5.54,172.7,12
East,2021,Soybean,499.66,5.68,2838.07,186.7,27.6,6.7,68.4,19
South,2020,Rice,509.67,2.03,1034.63,195.8,20,7.45,170.3,11
South,2022,Barley,797.33,5.66,4512.89,101.2,20.8,7.02,159,10
West,2022,Barley,499.06,4.27,2130.99,389.3,21.2,5.99,99.4,12
West,2021,Wheat,124.45,1.57,195.39,255.1,33.7,6.93,153.4,8
East,2022,Rice,739.09,3.91,2889.84,271.8,31.7,6.09,173.9,6
West,2022,Soybean,896.35,2.59,2321.55,299.8,26.3,7.01,93.7,9
East,2023,Rice,562.51,2.92,1642.53,339.3,26.3,7.21,180.4,11
South,2021,Rice,623,3.2,1993.6,282.4,16.1,6.17,61.8,7
South,2023,Rice,246.64,3.11,767.05,328.7,28,5.5,129.1,11
North,2023,Barley,298.58,4.32,1289.87,234.6,21.6,6.11,85,11
South,2020,Corn,311.65,4.84,1508.39,211.4,27.2,5.91,159.2,13
West,2021,Corn,487.67,2.65,1292.33,346.9,31.8,6.74,76.2,10
South,2020,Wheat,935.33,5.62,5256.55,359.6,15.9,6.08,101.2,13
East,2020,Rice,569.61,5.69,3241.08,141.3,27.1,5.57,69.1,13
South,2023,Corn,272.89,1.2,327.47,262.8,26.3,6.56,171.8,10
North,2022,Wheat,339.48,1.07,363.24,305.1,19.1,7.25,69.8,1
South,2021,Barley,445.61,3.13,1394.76,125.1,27.9,6.4,158.5,7
East,2022,Rice,660.93,3.95,2610.67,378.9,26.1,6.25,156.1,6
East,2023,Soybean,496.03,2.39,1185.51,256,30.3,5.86,71.4,14
West,2023,Barley,453.2,2.3,1042.36,293.6,17.2,6.27,134.9,3
South,2023,Wheat,608.26,4.39,2670.26,153.5,23.9,6.16,124.5,0
East,2023,Barley,317.65,4.01,1273.78,179.3,35,7.49,139.2,2
North,2023,Soybean,171.01,1.84,314.66,136.3,28.8,5.56,190.6,5
West,2023,Barley,121.97,5.42,661.08,179.2,28.7,5.98,62.1,18
North,2022,Wheat,326.13,4.4,1434.97,247.7,21.4,5.64,173.1,1
South,2020,Soybean,182.43,2.81,512.63,350.1,16.9,7.21,179.3,14
South,2022,Soybean,402.71,4.42,1779.98,260.1,34,6.33,68.9,18
South,2021,Barley,795.64,1.56,1241.2,173.3,17.1,7.09,148.4,18
West,2022,Soybean,744.66,3.34,2487.16,113.4,34.9,6.88,155.3,8
East,2023,Barley,649.83,1.84,1195.69,286.6,17.5,7.36,132.3,18
West,2022,Rice,867.25,1.21,1049.37,226,18.4,5.55,125.4,12
North,2020,Soybean,353.86,2.69,951.88,395.3,21.2,5.91,97.7,7
West,2021,Barley,896.55,1.75,1568.96,333.9,25.2,6.9,153.4,5
North,2022,Rice,459.32,4.17,1915.36,342.5,30.8,6.67,92.8,9
West,2020,Soybean,460.8,4.37,2013.7,103.7,34.4,6.89,119,8
East,2022,Rice,464.82,1.74,808.79,333.3,22.2,6.65,178.6,14
North,2021,Soybean,188.28,1.12,210.87,158.4,15.4,6.66,63.4,13
South,2022,Wheat,977.94,4.96,4850.58,275.7,27.3,7.37,129.3,1
South,2023,Wheat,224.66,1.01,226.91,234.2,29.2,7.34,122.9,0
West,2022,Barley,406.8,2.72,1106.5,271.5,22.9,5.58,106.8,10
South,2020,Corn,387.37,3.47,1344.17,140,18.7,6.33,139.6,14
North,2022,Wheat,167.21,5.09,851.1,237.1,21.1,6.52,52.3,14
South,2020,Corn,237.03,5.19,1230.19,111.1,28.1,6.22,123.9,5
East,2021,Rice,140.37,4.62,648.51,112.3,24.9,5.6,122.9,0
East,2022,Rice,363.16,2.24,813.48,297.3,29.9,6.44,127.4,16
West,2021,Corn,879.99,4.6,4047.95,385.5,19.4,7.45,81.9,2
North,2021,Barley,405.5,2.23,904.26,333.2,31.8,5.64,81.1,13
East,2022,Soybean,211.32,2.07,437.43,240.7,18.1,7.13,147.1,19
East,2020,Corn,681.12,3.74,2547.39,116.8,21.6,5.89,63.9,11
North,2021,Corn,996.94,4.39,4376.57,113.5,26.8,6.65,95.9,19
South,2021,Corn,309.09,1.27,392.54,147.4,29.7,6.27,174.6,11
South,2022,Corn,351.61,1.3,457.09,392.7,20.3,6.2,65.6,4
West,2022,Corn,974.66,4.92,4795.33,219.6,34,7.24,120.2,5
South,2022,Barley,260.9,5.3,1382.77,353,29.1,7.45,150.3,19
North,2022,Wheat,560.09,4.02,2251.56,311.5,19.4,6.27,71.2,14
East,2022,Soybean,315.69,3.14,991.27,281.6,29.5,6.78,96.9,1
South,2023,Wheat,939.12,5.23,4911.6,384.3,28.9,6.61,133.8,7
West,2022,Corn,983.37,4.64,4562.84,169.1,30.1,5.65,99.1,19
South,2020,Wheat,833.23,3.9,3249.6,236.5,33.3,5.58,66.5,5
North,2021,Barley,383.31,2.6,996.61,359.4,29.2,7.05,84.9,16
West,2020,Rice,463.14,1.99,921.65,265.5,22,6.29,66.4,17
South,2020,Wheat,318.08,3.09,982.87,173.9,30.8,6.12,197.5,13
West,2023,Soybean,901.68,2.43,2191.08,162.7,28.9,7.47,85.3,19
North,2022,Barley,923.1,2.7,2492.37,325.9,26.5,5.67,129.6,9
East,2021,Rice,476.98,3.58,1707.59,103.8,22.1,6.04,114.3,12
North,2020,Barley,690.88,1.85,1278.13,374.3,33.4,7.21,135.4,16
North,2022,Corn,249,5.03,1252.47,105.5,25.3,6.33,124.7,0
North,2022,Rice,491.44,1.73,850.19,289.3,27.6,6.67,159.1,7
North,2023,Soybean,668.35,3.4,2272.39,281.4,23.3,5.6,181,15
East,2023,Rice,446.86,4.73,2113.65,273.5,30.6,7.34,92.8,12
East,2023,Soybean,421.84,3.43,1446.91,242.3,21.8,5.77,77.5,6
West,2021,Corn,100.9,2.81,283.53,355.7,31.2,5.93,197.7,18
South,2020,Soybean,823.86,3.37,2776.41,297.8,17.2,5.81,179.9,7
East,2023,Barley,900.4,5.24,4718.1,334.6,29.2,6.5,104.6,11
East,2023,Wheat,972.52,5.95,5786.49,134.7,24.5,7.13,184.2,15
South,2023,Barley,747.34,4.16,3108.93,115,29,6.03,150.6,12
East,2020,Barley,593.91,4.97,2951.73,108.6,25.6,5.78,115.6,17
North,2020,Rice,342.36,1.07,366.33,144.2,17.7,6.32,181,12
North,2023,Corn,999.37,5.4,5396.6,300.1,24.5,7.46,151.3,18
South,2023,Wheat,630.78,5.77,3639.6,248.2,34.3,5.52,174,5
West,2022,Soybean,713.04,3.88,2766.6,325.7,30.1,6.51,112.7,11
West,2023,Rice,714.17,4.77,3406.59,157.5,21,6.84,169.8,5
South,2021,Corn,860.73,3.56,3064.2,210.1,33.9,7.11,105,18
South,2021,Wheat,108.71,2.43,264.17,366.5,30.6,6.99,160.3,15
North,2023,Barley,298.22,5.26,1568.64,380.7,22.3,5.65,115.3,13
West,2020,Corn,698.98,3.98,2781.94,376.5,27.1,6.42,110.8,11
East,2022,Corn,905.63,3.9,3531.96,345.5,23.5,5.66,169.5,17
North,2020,Corn,716.8,4.3,3082.24,306.5,16.9,6.74,68.8,15
South,2023,Barley,472.14,5.28,2492.9,374.1,31.1,5.65,189.2,16
West,2021,Soybean,425.4,4.66,1982.36,314.3,18.8,5.6,126.3,15
East,2022,Rice,764.15,2.06,1574.15,386.2,24.2,6.11,145.4,10
East,2020,Soybean,767.11,3.33,2554.48,107.4,29.1,7.38,110.8,15
North,2020,Wheat,646.35,5.9,3813.46,376.5,33.6,6.92,146.9,8
West,2023,Rice,362.32,3.77,1365.95,266.7,16.3,5.51,156.5,14
West,2022,Wheat,932.64,5.69,5306.72,133.5,22.9,6.07,180.3,17
South,2021,Barley,596.69,5.07,3025.22,164.5,27.3,5.53,178.2,7
West,2023,Soybean,811.44,4.33,3513.54,355.6,30.6,6.09,103.7,17
West,2022,Corn,292.88,2.75,805.42,251.8,33.4,6.87,142.4,2
North,2020,Rice,409.64,2.52,1032.29,394.8,15,7.02,167.1,4
West,2023,Corn,887.12,4.22,3743.65,135.3,27.6,7.11,164.7,1
East,2020,Wheat,145.1,3.16,458.52,223.8,15.1,7.32,183.6,10
North,2020,Corn,561.08,4.99,2799.79,199.6,30.7,6.23,174.8,18
North,2023,Corn,533.53,4.8,2560.94,254.8,18,7.23,157.7,1
South,2023,Barley,776.11,2.56,1986.84,290,32.9,6.96,162.3,17
West,2023,Barley,353.7,4.51,1595.19,298.5,18.1,6.58,171.1,6
South,2023,Soybean,297.16,3.47,1031.15,100.4,30.3,7.41,175.7,15
East,2023,Wheat,933.52,2.62,2445.82,126.7,20.8,7.4,102.9,0
North,2020,Barley,614.54,3.06,1880.49,110.5,26.1,7.3,167.3,12
North,2021,Barley,194.22,5.48,1064.33,359.4,27.2,5.9,192.4,2
North,2021,Soybean,273.73,2.8,766.44,194,19.1,5.92,84.9,17
East,2023,Rice,998.94,2.44,2437.41,210.1,21,7.3,57.2,3
East,2020,Soybean,276.05,2.76,761.9,235.1,17.2,6.3,60.9,19
South,2021,Corn,649.43,2.07,1344.32,354.8,15.1,7.09,82.5,16
South,2021,Corn,478.12,3.72,1778.61,104.2,19.8,6.87,188,4
South,2021,Barley,897.04,1.74,1560.85,135.6,25.3,7.02,69,6
West,2020,Barley,779.65,5.09,3968.42,305.5,29.3,5.55,162.1,8
North,2023,Soybean,637.26,2.13,1357.36,389.2,30.9,6.36,180.1,3
North,2023,Soybean,109.67,3.99,437.58,292.8,16.4,7.21,181.6,8
South,2023,Wheat,891.82,1.63,1453.67,178.3,20.4,6.48,112.5,16
North,2022,Corn,500.2,5.89,2946.18,256,30.4,6.88,124.3,9
South,2022,Soybean,938.42,3.27,3068.63,392.5,24.6,7.01,98.5,16
West,2022,Rice,545.99,5.11,2790.01,258.4,18.6,5.74,72.1,11
West,2020,Wheat,724.8,4.84,3508.03,212.1,22.8,5.81,81.8,9
East,2021,Soybean,162.36,4.57,741.99,215,20.4,6.95,70.2,10
West,2021,Barley,770.64,5.14,3961.09,390.1,16,5.61,111.1,12
South,2020,Soybean,404.2,1.5,606.3,315.7,30.3,6.18,75.6,16
West,2020,Barley,416.22,4.39,1827.21,306.2,20.8,7.34,110.5,14
East,2023,Barley,206.79,2.33,481.82,169.6,33.9,6.65,177.7,4
North,2023,Corn,232.17,4.93,1144.6,267.8,32.8,7.32,148.2,10
South,2022,Corn,267.18,5.78,1544.3,207,29.3,6.12,149.4,12
North,2022,Soybean,395.39,5.51,2178.6,172.1,21.5,6.77,171.8,5
East,2020,Soybean,902.77,1.57,1417.35,368.7,20.6,6.07,56.2,9
East,2022,Rice,431.43,2.85,1229.58,214.9,24.5,5.72,169.2,19
East,2021,Wheat,751.93,2.82,2120.44,184.8,22.1,7.48,79.5,2
North,2020,Wheat,174.47,1.61,280.9,379.5,33,5.85,101.9,2
North,2020,Soybean,631.99,1.49,941.67,159.2,17.5,5.88,96.2,0
North,2021,Corn,533.7,2.92,1558.4,323.7,29.5,7.18,65.8,1
North,2023,Rice,980.16,5.96,5841.75,295.8,27.2,7.1,76.1,4
East,2023,Wheat,861.59,3.84,3308.51,376.1,31.1,7.46,193.5,13
East,2021,Soybean,509.35,4.11,2093.43,349.6,25.8,5.64,140,6
South,2021,Corn,797.63,3.36,2680.04,311.6,27.6,5.69,121.1,11
South,2022,Corn,273.73,4.31,1179.78,194.4,34.3,6.4,163.7,3
North,2020,Corn,606.1,5.78,3503.26,248.7,16.8,6.68,172.1,17
West,2022,Barley,167.16,3.94,658.61,383.3,17.1,5.58,66.5,8
West,2021,Corn,413.28,1.33,549.66,107,22.9,5.82,161.1,11
East,2022,Soybean,303.28,3.46,1049.35,338.3,24.5,6.91,189.9,11
East,2021,Rice,747.02,5.96,4452.24,175.5,19,6.84,137.8,4
East,2022,Soybean,541.08,2.94,1590.78,155.5,16.7,5.68,142.1,6
South,2022,Corn,775.96,3.97,3080.56,169.7,15.4,7.36,180.6,16
South,2023,Rice,563.77,1.53,862.57,117.9,30.3,6.01,151.9,19
East,2021,Wheat,177.84,1.71,304.11,397.6,24.7,7.27,199.3,18
East,2022,Wheat,761.83,5.37,4091.03,361,31.9,7.35,92.4,3
East,2020,Soybean,849.91,2.5,2124.78,256.3,22.2,6.48,176.8,0
West,2022,Rice,913.18,2.53,2310.35,314.5,29.1,6.32,141.9,7
South,2022,Soybean,614.79,2.94,1807.48,267,24.8,6.06,104.9,1
West,2020,Rice,778.23,5.83,4537.08,343.5,27.2,7.11,182.5,0
West,2021,Rice,776.84,1.42,1103.11,353.4,22.4,5.89,199.4,2
East,2023,Soybean,240.17,5.09,1222.47,169.8,16.6,6.74,58.7,18
East,2023,Rice,247.8,2.71,671.54,237.9,33.9,6.63,188.8,13
North,2023,Corn,163.8,5.25,859.95,290.5,31.7,6,80.5,17
North,2020,Rice,387.92,5.96,2312,393.5,21.2,7.47,80.8,13
West,2022,Rice,526.16,2.74,1441.68,304.8,34.2,7.19,56.3,16
South,2021,Soybean,998.11,1.65,1646.88,369.3,21,5.54,188.3,9
East,2022,Wheat,487.89,1.72,839.17,353.8,23.9,6.34,163.9,19
East,2023,Barley,753.62,4.79,3609.84,274.6,30.1,6.22,58,6
West,2022,Rice,724.06,1.72,1245.38,368.1,21.2,7.27,145,10
North,2020,Barley,284.03,2.3,653.27,213.2,21.5,6.03,68,8
South,2020,Rice,152.66,2.02,308.37,213.8,23.2,7.5,162.7,0
North,2021,Soybean,591.41,2.78,1644.12,334.3,24.4,5.9,111.4,17
North,2021,Soybean,730.28,1.37,1000.48,140.4,17.5,5.99,57.8,16
North,2023,Rice,998.43,5.28,5271.71,191.7,15.3,6.83,174.4,18
North,2021,Soybean,422.75,5.3,2240.57,282.6,33.4,5.82,135.9,9
East,2022,Soybean,906.73,3.06,2774.59,226,22.1,7.28,165.9,0
East,2020,Rice,443.74,4.06,1801.58,382.2,17,5.72,151.2,0
North,2020,Wheat,720.47,4.21,3033.18,387.6,30.2,7.47,115.2,6
South,2020,Rice,638.43,4.75,3032.54,250.8,20.9,7.25,154.8,17
West,2021,Wheat,147.68,3.6,531.65,261.7,18.6,7.18,52.2,10
South,2020,Soybean,170.55,3.55,605.45,317.4,34.3,6.31,101,12
South,2020,Wheat,118.69,4.16,493.75,237.2,33.4,6.53,166.7,8
South,2020,Soybean,433.75,4.52,1960.55,157,17.1,6.41,164.5,16
North,2023,Wheat,771.22,2.73,2105.43,324.1,33,7.47,183.1,10
East,2023,Wheat,255.48,2.65,677.02,321.3,32.8,5.57,141.7,0
South,2021,Rice,645.27,2.35,1516.38,173.5,27.7,6.26,191.3,19
North,2020,Wheat,359.95,3.74,1346.21,349.9,25.6,7.44,133.7,15
South,2021,Soybean,817.29,2.8,2288.41,284.1,19.3,6.24,125.1,18
South,2020,Rice,818.56,3.7,3028.67,170.9,17.4,6.3,79.6,10
North,2020,Wheat,797.87,3.03,2417.55,295.6,27.1,6.76,166.8,13
East,2020,Rice,572.35,5.18,2964.77,170.1,31.4,7.31,153.8,11
East,2021,Barley,356.11,1.37,487.87,179.6,28.8,6.09,119.1,7
West,2021,Rice,828.5,3.86,3198.01,354.4,18.6,7.4,63.1,14
North,2020,Barley,267.49,3.88,1037.86,378.8,20.8,6.07,68.9,0
West,2022,Barley,360.78,2.92,1053.48,177.1,25.9,7.13,67.2,5
West,2021,Rice,265.55,3.11,825.86,378.4,27.5,6.05,106.3,11
West,2023,Soybean,706.79,5,3533.95,171.6,16.4,5.65,73.8,8
East,2021,Soybean,717.61,2.4,1722.26,135.2,27.3,7.12,179.1,17
North,2020,Soybean,687.26,5.36,3683.71,117.5,29.7,6.4,184.9,7
West,2022,Corn,474.04,5.48,2597.74,172.6,18.6,6.28,178.5,19
North,2020,Barley,190.15,4.25,808.14,215.6,19.9,6.36,141.3,18
North,2023,Rice,920.05,4.86,4471.44,378.3,20.2,6.72,139.5,4
East,2021,Soybean,556.96,4.06,2261.26,172.6,33.8,6.03,183.6,19
West,2021,Soybean,466.27,3.63,1692.56,209.6,23.1,5.97,110.9,11
West,2020,Rice,629.94,5.83,3672.55,320.2,25.6,6.47,59.4,18
North,2020,Barley,273.51,2.41,659.16,190.6,29.5,5.57,120.6,4
South,2023,Rice,219.29,1.77,388.14,305.3,22.4,6.79,133.1,1
East,2022,Corn,464.97,2.44,1134.53,229.6,17.1,7.15,132.4,3
East,2023,Corn,304.5,4.07,1239.32,158.9,28.1,6.95,73.9,4
East,2022,Rice,319.86,1.93,617.33,320.2,28.3,6.44,167.5,6
East,2021,Barley,903.26,5.54,5004.06,108.1,20.2,6.63,159.8,11
West,2022,Soybean,577.68,3.06,1767.7,187.7,15.7,5.55,84.5,8
West,2022,Corn,535.12,5.25,2809.38,206.9,28.3,7.32,132.7,10
South,2021,Corn,720.53,2.25,1621.19,237.5,29.1,6.62,168.5,13
East,2021,Barley,956.39,2.57,2457.92,304,15.5,6.13,51.2,13
East,2021,Corn,200.98,1.3,261.27,237.8,28.9,6.09,91.3,6
North,2023,Corn,850.18,2.29,1946.91,278.3,33.8,6.82,120.8,2
West,2021,Barley,625.62,3.45,2158.39,278.7,18.6,6.67,176.8,2
East,2020,Rice,231.55,5.73,1326.78,212,25.4,5.88,169.8,3
South,2021,Soybean,367.43,2.94,1080.24,380.2,28.9,6.32,72.6,6
South,2021,Soybean,534.13,4.2,2243.35,386.8,19.6,6.85,119.4,8
West,2021,Corn,722.06,3.14,2267.27,274.6,30,6.1,95.7,0
South,2022,Soybean,318.35,1.23,391.57,121.5,32.4,6.52,110.2,3
South,2023,Rice,581.39,3.52,2046.49,247.3,31.3,6.01,131.1,2
West,2021,Corn,716.2,1.33,952.55,155.3,20.2,5.64,124.9,5
East,2023,Soybean,503.87,5.42,2730.98,245,31.1,6.28,71.2,5
East,2020,Wheat,876.72,4.77,4181.95,156.5,23.3,6.96,68.3,10
South,2020,Wheat,882.51,2.89,2550.45,311.2,20.3,5.93,69.5,3
South,2021,Wheat,523.62,4.2,2199.2,124.1,18.4,7.01,176.2,3
East,2020,Wheat,975.63,1.56,1521.98,386,33.2,6.84,53,12
West,2023,Wheat,168.03,4.51,757.82,158.6,23.5,6.51,80.4,16
South,2022,Corn,103.03,5.11,526.48,298.2,32.3,7.44,193.4,10
North,2021,Barley,442.6,5.11,2261.69,375.1,18.2,7.27,59.9,2
West,2020,Barley,640.99,2.42,1551.2,174.4,30.3,6.63,55.4,2
South,2023,Corn,666.28,2.32,1545.77,380.3,17.2,6.62,108.1,11
South,2023,Corn,528.8,3.61,1908.97,216.6,15.4,6.06,72.7,14
North,2020,Rice,212.39,5.84,1240.36,388.2,34.9,7.34,134.9,15
North,2023,Barley,253.45,5.6,1419.32,391.4,16.5,7.29,100.8,7
East,2023,Wheat,866.93,2.8,2427.4,156.4,24.2,6.98,81.3,13
West,2021,Corn,881.12,4.9,4317.49,349.3,32.6,5.76,199.8,5
West,2023,Wheat,706.51,5.61,3963.52,158,31.4,6.91,101.2,4
East,2020,Barley,697.8,2.3,1604.94,167.9,24.4,6.01,146.2,19
West,2021,Soybean,637.91,5.15,3285.24,125.2,27.2,5.88,181.1,18
West,2020,Soybean,282.63,2.34,661.35,147,27.6,7.02,188.4,6
West,2022,Corn,485.43,2.72,1320.37,289.7,17.2,7.42,111.5,0
West,2020,Rice,726.31,1.99,1445.36,234.8,20.7,5.72,196.4,1
West,2020,Wheat,583.53,3.54,2065.7,337.3,21,5.83,158.7,7
North,2021,Corn,116.72,5.22,609.28,199.6,22.6,5.94,137.5,3
West,2023,Rice,958.2,3.64,3487.85,390.6,20.5,7.43,154,14
North,2020,Wheat,860.33,1.62,1393.73,115,20,6.89,104,13
West,2021,Barley,334.49,2.26,755.95,118.9,22.1,6.86,113.7,5
East,2022,Soybean,654.81,3.81,2494.83,310.4,22.6,6.51,137.9,16
South,2021,Rice,930.92,3.92,3649.21,366.3,24.7,6.58,99,5
North,2021,Wheat,186.41,3.88,723.27,338.7,18.5,6.08,165.3,11
West,2023,Corn,552.73,1.39,768.29,246.9,30.8,5.81,87.7,16
East,2020,Wheat,510.62,4.77,2435.66,180.9,32.2,7.06,169.5,7
South,2022,Corn,469.18,5.55,2603.95,104,20,6.44,72.8,0
North,2021,Soybean,852.03,3.55,3024.71,252.8,17.5,6.01,82.6,4
South,2020,Soybean,442.58,4.59,2031.44,242.7,29.4,6.77,163,9
East,2020,Wheat,157.3,5.57,876.16,203.3,33.5,5.92,89.5,3
North,2021,Wheat,159.25,4.21,670.44,273.4,15.7,6.48,169.3,2
South,2020,Corn,138.47,4.37,605.11,318.6,15.3,5.88,167.6,14
West,2021,Corn,468.23,4.61,2158.54,310.3,18.7,7.02,88.6,4
North,2021,Rice,746.57,2.3,1717.11,179,28.7,6.14,61,15
South,2021,Rice,283.35,3.91,1107.9,275.6,34.3,6.38,75,14
East,2022,Rice,681.82,5.21,3552.28,144.6,30,7.01,162.9,15
East,2021,Wheat,718.38,2.48,1781.58,136.5,26.5,6.82,177,8
North,2023,Rice,329.68,5.49,1809.94,335.8,29,6.3,107.5,15
South,2020,Wheat,640.5,4.1,2626.05,308.1,19.6,5.64,74.6,17
North,2022,Soybean,716.38,3.12,2235.11,330.4,28.8,7.34,61.3,15
North,2020,Barley,519.95,4.12,2142.19,145.7,21.4,5.52,82.4,3
South,2022,Soybean,403.04,3.01,1213.15,374.4,19.4,6.97,197,16
South,2023,Wheat,657.24,5.19,3411.08,139.9,19.7,7.39,75.5,10
West,2022,Wheat,980.06,3.41,3342,361,28.4,6.11,62.9,14
South,2022,Barley,484.16,5.51,2667.72,205.7,30.3,5.65,167.8,17
East,2022,Corn,452.56,3.55,1606.59,131.6,26.6,6,142.3,3
North,2020,Corn,517.84,4.3,2226.71,186,16.3,6.13,130.2,14
North,2021,Corn,168.6,5.99,1009.91,154.4,15.8,6.4,117.2,1
East,2020,Rice,597.85,1.73,1034.28,247.2,19.3,6.55,155.3,6
South,2021,Corn,395.83,4.68,1852.48,384.9,20.7,6.95,154.8,11
East,2020,Rice,209.28,1.69,353.68,198.4,23.1,7.3,113.7,16
East,2023,Rice,519.63,5.19,2696.88,283.6,16.5,6.43,85.1,8
West,2023,Corn,103.05,3.98,410.14,367.5,29.5,6.99,176.2,9
East,2022,Corn,461.61,5.69,2626.56,289,29.2,5.75,74.7,1
North,2023,Barley,195.16,5.33,1040.2,208.7,21.9,6.16,130.1,6
East,2022,Barley,121.86,1.37,166.95,397.3,26.3,5.74,153.9,17
North,2021,Rice,842.03,1.69,1423.03,156.2,17,6.88,145.8,5
North,2023,Barley,924.62,4.01,3707.73,257,23.3,7.32,142.8,18
North,2021,Rice,286.91,3.59,1030.01,339,32.2,7.28,149.4,16
South,2020,Wheat,585.37,1.84,1077.08,100.2,28.2,6.15,181.3,12
West,2021,Rice,350.16,1.65,577.76,310.6,17.1,5.97,104.8,3
North,2020,Rice,544.22,3.82,2078.92,179.9,32,6.05,144.1,14
North,2021,Barley,492.97,1.24,611.28,150.9,28.6,6.07,154.5,1
South,2021,Wheat,342.15,5.37,1837.35,182.3,24.1,5.66,138.5,0
North,2023,Soybean,730.35,5.04,3680.96,390,28.8,5.77,185.5,15
East,2021,Soybean,213.84,4.93,1054.23,367.6,18.5,5.93,148.2,7
East,2023,Soybean,147.77,1.08,159.59,164.1,26,5.52,113.7,6
West,2023,Wheat,790.91,1.24,980.73,135.1,27.4,5.59,176.8,4
North,2022,Corn,699.34,3.75,2622.52,209.2,33.6,6.9,123.4,19
South,2022,Wheat,548.67,5.97,3275.56,277.7,16.3,6.74,129.5,1
East,2020,Barley,521.01,2.71,1411.94,360.1,22.5,7.39,137.3,4
South,2021,Rice,547.67,2.72,1489.66,389.8,33.7,6.3,98.4,9
South,2020,Rice,493.32,1.67,823.84,325.3,19.3,6.39,158.4,13
East,2021,Barley,453.6,4.37,1982.23,279.7,31.3,5.64,64.7,1
South,2022,Barley,549.72,4.23,2325.32,142.7,15,5.8,180.3,18
East,2022,Rice,575.66,1.51,869.25,122.2,15.5,6.88,163.2,4
South,2021,Corn,722.71,3.34,2413.85,278.8,21.6,5.97,103,4
East,2021,Corn,740.09,4.34,3211.99,261.7,30.4,7.05,84,4
North,2022,Corn,439.87,3.47,1526.35,353.8,17.1,6.91,108.2,5
West,2022,Barley,472.19,4.37,2063.47,196.8,22.7,6.99,170.8,16
East,2020,Rice,436.33,5.08,2216.56,111.9,17.6,6.88,54.7,13
East,2022,Rice,582.88,4.43,2582.16,227.1,19.5,6.92,120.2,3
West,2021,Rice,508.02,4.08,2072.72,390.8,25.1,6.59,88.1,17
East,2020,Wheat,900.64,5.27,4746.37,338.7,21.4,6.86,181.2,17
East,2021,Wheat,726.73,5.5,3997.02,110.1,19.2,6.55,112.1,10
South,2023,Soybean,908.79,2.94,2671.84,362.4,22.9,5.91,154.7,16
West,2020,Wheat,738.22,1.87,1380.47,241.5,29,5.94,103.7,13
North,2021,Corn,973.89,5.09,4957.1,209.4,17.4,6.31,99.5,5
East,2022,Corn,672.16,2.07,1391.37,204,24.6,5.53,98.9,18
West,2023,Corn,967.2,5.64,5455.01,278.5,20.5,7.28,151.7,17
South,2021,Corn,242.35,1.11,269.01,259.2,22.6,6.04,194.6,7
North,2020,Soybean,147.23,5.61,825.96,297,31.4,5.6,81.2,4
West,2021,Corn,621.21,3.95,2453.78,272.1,33.6,6.35,146.6,15
North,2023,Barley,985.14,4.87,4797.63,143.2,19.9,7.13,89.8,12
North,2020,Barley,475.84,2.99,1422.76,177.2,27.6,6.29,132.4,14
North,2023,Barley,290.84,5.96,1733.41,352.3,28.5,6.03,131.2,0
East,2021,Wheat,569.39,2.14,1218.49,299,31.8,6.59,117.5,0
East,2022,Rice,683.92,2.32,1586.69,234.5,33,6.65,124.8,1
South,2022,Soybean,383.66,1.26,483.41,154.8,24.4,7.02,182,18
South,2021,Barley,743.29,5.7,4236.75,102.3,34.7,7.1,63.3,1
West,2021,Barley,977.6,3.28,3206.53,193.6,34.4,6.91,174.5,15
South,2021,Corn,907.27,4.37,3964.77,116.5,25.1,5.51,119.3,1
North,2020,Barley,362.43,4.44,1609.19,244.7,25.8,5.5,100,6
North,2023,Corn,394.05,5.37,2116.05,346.5,28.4,7.45,76.6,0
East,2023,Corn,434.39,4.32,1876.56,185.6,22.5,6.03,172.2,0
North,2023,Rice,455.1,3.81,1733.93,354.3,28.2,6.06,138.8,17
West,2021,Wheat,190.29,4.55,865.82,311.4,25.3,6.96,159.3,17
North,2023,Corn,785.77,4.75,3732.41,137.6,15.7,6.66,97.2,15
North,2021,Corn,428.81,1.93,827.6,293.4,32.1,6.43,108.9,0
West,2020,Rice,891.84,1.55,1382.35,145.5,33.8,5.73,187,11
South,2022,Corn,934.25,1.37,1279.92,296.4,15.5,5.66,194.2,10
South,2021,Soybean,121.99,2.87,350.11,142.8,30.8,6.91,161,8
West,2021,Wheat,989.65,3.49,3453.88,217.8,22.7,5.75,162.4,9
East,2022,Soybean,739.02,4.08,3015.2,270,26.7,6.37,154.2,10
North,2022,Barley,568.35,5.79,3290.75,115.1,25,6.97,138.1,12
West,2020,Wheat,450.57,2.65,1194.01,146,26,7.35,139.3,11
North,2023,Barley,566.67,4.8,2720.02,196.1,24.9,7.25,194.6,5
East,2021,Corn,392.16,3.66,1435.31,238.7,32.1,7.23,162.6,13
North,2023,Rice,660.42,2.1,1386.88,357.5,28.7,6.22,148.3,5
West,2021,Soybean,183.68,4.08,749.41,156.2,23.3,7.35,78.4,11
North,2020,Barley,659.01,5.84,3848.62,204.2,28.8,6.87,196.6,17
South,2022,Corn,347.81,1.62,563.45,242.7,34.3,7.27,128,19
East,2020,Soybean,115.87,3.54,410.18,188.7,16.6,5.68,191.6,10
East,2022,Soybean,597.44,1.26,752.77,287.7,22.8,5.58,157,1
East,2023,Barley,620.6,2.61,1619.77,177,32.4,6.36,56,11
West,2023,Corn,483.91,4.1,1984.03,331.7,29.8,7.16,130.8,14
East,2020,Rice,165.06,5.21,859.96,251.5,33.7,6.32,183.9,5
South,2022,Barley,904.01,4.65,4203.65,125.9,15.8,7.27,57.8,4
West,2020,Soybean,650.29,3.31,2152.46,288.1,32.3,5.97,180,14
South,2022,Soybean,204.14,5.55,1132.98,270.8,30.8,5.58,142,10
North,2022,Wheat,559.84,2.51,1405.2,201.6,31.3,7.02,56.7,14
North,2023,Corn,547.53,4.77,2611.72,103.3,26.9,6.75,106,18
North,2023,Wheat,154.36,3.37,520.19,160.2,16,6.38,54.5,0
North,2022,Rice,646.17,5.49,3547.47,221.7,25.8,7.19,50.3,4
South,2022,Barley,827.49,4.99,4129.18,160,23.2,7.15,184.5,3
West,2022,Soybean,774.11,5.51,4265.35,273.2,25.5,6.15,162.3,8
West,2023,Corn,282.67,2.07,585.13,313.7,29.8,7.18,93.4,5
East,2023,Soybean,876.06,4.34,3802.1,356.8,26.9,6.19,67.1,10
South,2021,Wheat,408.29,4.69,1914.88,294.1,20.9,6.74,58.2,2
North,2022,Wheat,951.86,4.71,4483.26,306.7,27,5.88,187.6,8
South,2021,Barley,164.57,3.52,579.29,282.5,16.7,6.03,143.8,10
East,2022,Corn,537.59,1.06,569.85,395.6,15.1,6.4,74.1,8
East,2023,Corn,637.41,2.31,1472.42,178.3,23,6.13,152.2,0
South,2021,Barley,322.89,2.62,845.97,179.9,30.1,5.76,199.8,12
South,2021,Wheat,794.24,5.26,4177.7,137.9,31.5,6.46,168.2,0
South,2020,Wheat,664.21,5.2,3453.89,245.7,26,6.52,117,17
West,2022,Wheat,116.3,1.52,176.78,128.8,32.4,5.82,172.1,10
North,2023,Soybean,647.53,5.75,3723.3,181,17.5,5.85,161.6,14
South,2020,Rice,542.33,1.91,1035.85,244.8,34.3,5.56,63.3,15
South,2020,Wheat,276.43,3.07,848.64,387.3,33.4,5.56,188.9,0
South,2022,Rice,996.17,2.08,2072.03,389.1,27,6.22,182.6,10
East,2020,Rice,907.45,5.3,4809.48,323.1,16.2,5.79,138.6,5
East,2022,Corn,363.26,4.75,1725.48,216.8,24.1,7.34,126.2,11
West,2020,Barley,586.96,2.77,1625.88,359.5,18.6,5.9,84.2,18
North,2022,Soybean,384.85,4.41,1697.19,362.6,27.6,5.63,175.2,0
West,2023,Rice,797.95,1.92,1532.06,373.1,18.8,6.31,114.8,1
North,2022,Soybean,937.3,2.91,2727.54,292,24.6,5.88,136.9,19
East,2022,Corn,422.95,2.89,1222.33,160.5,19.1,5.62,75.5,11
East,2021,Wheat,825.03,2.19,1806.82,127.3,18.6,7.01,82.1,0
East,2023,Rice,548.57,5.38,2951.31,374.4,20,6.61,197.8,6
West,2023,Barley,456.92,4.39,2005.88,116.7,15.6,5.61,124.1,9
South,2023,Corn,944.58,2.4,2266.99,188.8,29.3,6.44,172.4,15
South,2020,Soybean,559.36,2.21,1236.19,246.1,21.1,5.58,174.5,14
East,2021,Wheat,520.67,1.09,567.53,106.6,29,6.21,197.2,8
South,2023,Soybean,705.19,2.73,1925.17,372.1,28.1,6.23,197.4,13
South,2020,Barley,335.11,3.63,1216.45,186.1,16.3,7.15,118.5,3
West,2020,Rice,392.31,2.39,937.62,108.6,21.2,6.97,192.5,5
North,2020,Barley,938.84,4.5,4224.78,398.1,26.3,7.29,104.8,14
East,2021,Soybean,710.68,3.06,2174.68,193.4,33.4,5.78,141.1,7
East,2020,Soybean,843.97,2.58,2177.44,363,23,6.57,173.3,9
West,2021,Barley,344,5.7,1960.8,236,25.1,5.54,187.1,6
West,2022,Barley,589.41,2.31,1361.54,298.9,30,7.15,128.6,16
South,2020,Barley,974.26,2.99,2913.04,172.3,31.1,6.23,112.7,12
East,2023,Wheat,386.83,2.91,1125.68,250.9,33.5,5.64,159.3,7
North,2020,Soybean,244.43,2.21,540.19,177.3,24.9,6.15,118.4,10
West,2022,Corn,559.8,2.09,1169.98,385.3,18.9,6.07,150.8,0
North,2022,Wheat,449.04,2.51,1127.09,118.3,30.3,7.03,170.6,5
North,2020,Wheat,243.62,5.32,1296.06,182.4,17.5,5.75,176.2,5
East,2022,Wheat,899.7,4.84,4354.55,367.9,23.4,6.61,88.1,8
East,2021,Corn,991.65,4.4,4363.26,244,27.6,7.09,135.7,1
West,2021,Barley,611.72,3.29,2012.56,280,28.8,6.98,53.8,16
East,2020,Soybean,797.21,3.54,2822.12,295.5,29.7,7.37,169.7,1
East,2021,Rice,873.13,2.34,2043.12,121.3,18.9,5.5,68.8,6
East,2021,Rice,730.88,1.37,1001.31,105.3,34.6,6.21,180.8,18
North,2023,Soybean,139.74,2.66,371.71,381.4,18.6,6.24,111,19
West,2020,Corn,241.87,3.48,841.71,181.5,16.9,5.57,75.1,2
South,2022,Rice,163.89,1.29,211.42,214.1,28.3,7.13,169.4,10
North,2020,Wheat,108.89,1.44,156.8,304.6,33.2,6.88,80,12
East,2021,Rice,375.4,2.32,870.93,170.9,26.2,6.56,109.2,15
North,2023,Soybean,453.12,2.84,1286.86,319.9,26.9,6.31,135,8
East,2020,Wheat,316.93,2.97,941.28,237.5,25.8,7.29,104,18
East,2020,Rice,158.14,1.59,251.44,357,15.9,6.03,76.9,11
North,2021,Soybean,576.88,2.13,1228.75,183.6,28.6,6.17,110.9,15
West,2021,Corn,345.99,2.31,799.24,161.1,22.2,7.41,71.6,5
East,2020,Soybean,816.43,1.34,1094.02,349.5,33.7,5.63,157.9,4
West,2021,Corn,107.25,2.63,282.07,197.9,18.7,7.06,75.7,4
South,2021,Wheat,858.27,1.36,1167.25,223.6,21,6.94,122.4,10
East,2021,Soybean,959.28,4.52,4335.95,338.1,25.1,7.3,134.1,13
West,2021,Barley,744.52,2.93,2181.44,290.7,24.5,5.68,191.8,13
West,2021,Barley,760.28,2.63,1999.54,232.5,23,7.44,61.7,8
South,2023,Barley,940.21,1.63,1532.54,175,21.3,5.56,189.6,7
West,2021,Barley,288.16,2.13,613.78,329.3,17.9,6.18,81.2,10
West,2022,Barley,995.11,2.16,2149.44,154.1,31.4,5.67,176.1,9
South,2020,Corn,796.13,5.93,4721.05,378.5,24,5.6,63.6,18
East,2023,Soybean,753.91,5.18,3905.25,145.1,26.5,7.43,198.3,19
West,2023,Wheat,424.98,1.08,458.98,341.5,25.9,6.94,171.1,15
West,2021,Barley,591.2,4.08,2412.1,227.3,26.5,6.51,59.4,4
West,2020,Barley,688.53,2.28,1569.85,155.8,29.1,5.72,82.1,5
North,2022,Wheat,658.31,1.52,1000.63,220.7,27.6,6.55,132.3,10
South,2021,Wheat,734.49,4.53,3327.24,166.5,20.5,6.14,128.5,10
North,2020,Barley,174.14,1.66,289.07,140.8,26.1,6.04,144.4,15
South,2021,Corn,420.08,3.22,1352.66,171.7,19.9,6.74,119.5,7
East,2021,Wheat,490.6,4.16,2040.9,360.2,26.8,7.08,160.1,18
East,2021,Soybean,334.57,3.77,1261.33,131.8,23.6,6.39,102.3,0
West,2021,Soybean,255.36,5.89,1504.07,391.8,15.8,6.49,76.5,8
South,2021,Corn,225.03,4.93,1109.4,101.5,29.7,6.8,55.1,13
East,2021,Rice,429.75,4.87,2092.88,297.5,20.5,5.75,98.7,19
South,2021,Corn,544.1,2.78,1512.6,357,33.4,7.16,114,2
East,2022,Barley,156.68,1.04,162.95,380.2,20.6,7.17,148.9,4
North,2023,Rice,951.81,4.67,4444.95,143.2,34.9,6.58,171,1
East,2022,Barley,788.72,6,4732.32,309.5,24.3,5.88,86,17
North,2021,Soybean,757.77,3.03,2296.04,132.2,15.5,6.5,124,12
East,2021,Wheat,255.57,5.93,1515.53,205.8,16.5,5.71,85.1,3
West,2022,Barley,643.42,1.71,1100.25,319.6,16.6,7.03,192.7,16
North,2022,Soybean,576.75,2.48,1430.34,203.8,16.1,6.12,147.1,13
East,2023,Corn,984.22,1.85,1820.81,194,20.4,6.12,151.7,11
West,2022,Barley,772.9,3.38,2612.4,134.8,21.5,7.39,129.7,9
North,2023,Soybean,618.19,4.98,3078.59,119.9,17.2,6.34,92.3,14
West,2021,Wheat,865.73,2.7,2337.47,134.6,23.8,7.08,80.1,6
South,2020,Barley,239.58,5.53,1324.88,362.6,22.3,6.77,148.5,2
South,2020,Soybean,113.69,3.72,422.93,103.4,27.7,6.13,188.3,19
North,2020,Barley,721.21,3.33,2401.63,307.9,18.9,5.75,81.9,10
East,2020,Wheat,188.48,4.94,931.09,330.6,33.3,7.1,135.8,12
North,2021,Barley,203.89,1.51,307.87,270.4,25.3,7.03,129.4,2
West,2020,Barley,770.21,4.87,3750.92,319.2,27.5,5.84,146.2,12
East,2022,Soybean,343.48,2.21,759.09,295.7,15.8,6,138.2,7
South,2022,Rice,665.77,2.4,1597.85,236.7,26.2,7.03,90.9,8
East,2020,Barley,925.67,4,3702.68,214.8,22.4,7.47,153.7,6
South,2022,Rice,384.83,5.51,2120.41,382.4,33.5,7.19,90.9,7
East,2023,Corn,295.43,3.89,1149.22,391.6,32.7,6.87,147.9,13
East,2021,Barley,195.91,4.24,830.66,295.4,27.8,7.33,95,17
East,2020,Rice,217.42,4.88,1061.01,159.2,30.4,6.07,62.4,9
West,2020,Corn,156,2.3,358.8,234.4,27.9,5.52,69.1,2
West,2021,Soybean,178.88,5.14,919.44,249,15.3,6.14,175.1,15
North,2022,Barley,488.8,3.09,1510.39,327.4,29.1,7.44,68.2,14
North,2021,Soybean,388.78,1.88,730.91,300.3,18.5,7.26,99.6,12
South,2021,Corn,735.9,2.75,2023.72,254.4,28.7,5.6,93.1,3
West,2022,Soybean,883.22,2.23,1969.58,304.1,15.2,6.5,58.7,15
South,2021,Soybean,806.3,2.14,1725.48,107.2,21.2,5.66,139.9,17
North,2022,Wheat,577.57,2.41,1391.94,333,25.3,7.08,169.8,18
South,2022,Corn,192.2,1.9,365.18,163.5,21.7,6.25,198.8,15
North,2021,Soybean,738.79,4.34,3206.35,296.9,28.9,7.32,190.4,11
West,2023,Rice,426.55,3.9,1663.54,134.2,25.5,5.61,57.4,1
East,2022,Corn,177.09,4.24,750.86,134.3,34.2,6.97,88.6,7
West,2021,Wheat,858.22,2.72,2334.36,110.7,22.2,6.3,111.8,10
South,2022,Barley,404.39,4.85,1961.29,373.1,29.4,6.04,181.3,11
South,2023,Soybean,296.42,1.65,489.09,281.4,31.7,6.53,104,5
West,2023,Rice,884.31,3.86,3413.44,208.6,20.1,6.47,135.5,15
West,2020,Wheat,911.92,2.38,2170.37,336.3,30.1,6.2,148.9,4
North,2022,Corn,405.07,3.64,1474.45,287.8,22.9,6.8,94.7,9
South,2022,Soybean,419.32,2.62,1098.62,286,17.6,6.82,137.3,4
South,2021,Wheat,621.67,4.95,3077.27,246.1,15.1,5.65,57.6,17
West,2022,Wheat,760.1,5.46,4150.15,102.4,29.9,6.69,122,1
East,2020,Rice,156.83,4.71,738.67,177.5,18.7,6.92,106.8,13
South,2023,Barley,634.01,1.88,1191.94,132.7,16,5.65,103.4,6
East,2023,Barley,957.54,2.37,2269.37,298.7,24.9,6.82,85.2,7
West,2020,Barley,335.88,5.6,1880.93,174.6,21.9,7.11,172.7,3
West,2022,Corn,917.94,3.19,2928.23,235,28.8,7.16,182.3,4
North,2022,Wheat,955.15,5.71,5453.91,206,17.1,5.58,183.2,16
South,2020,Corn,342.24,2.96,1013.03,143,17.7,6.89,109.4,5
East,2021,Wheat,778.78,5.76,4485.77,387.5,23.1,7.09,88.9,0
North,2023,Rice,314.9,5.63,1772.89,380,25.4,6.29,64.8,2
South,2020,Rice,763.85,4.3,3284.56,125.4,31.5,6.59,150.9,9
North,2020,Corn,817.68,1.04,850.39,348.2,26.7,6.03,99.5,12
West,2022,Corn,322.49,3,967.47,246.5,33.1,6.12,91.5,18
South,2023,Rice,744.28,5.56,4138.2,332.1,19.4,6.5,105.7,13
North,2022,Soybean,830.89,5.43,4511.73,145.3,26.9,5.8,133.2,10
North,2020,Barley,422.72,1.94,820.08,139.7,28.1,6.24,74.3,17
East,2021,Barley,250.93,3,752.79,367.2,29.5,6.1,194.2,10
North,2023,Rice,182.77,5.18,946.75,369.3,34.8,5.98,159.9,14
South,2020,Barley,617.84,3.89,2403.4,239.8,24.4,6.47,57,3
South,2020,Soybean,980.29,5.24,5136.72,361,22.4,7.18,96,10
East,2021,Soybean,840.66,5.13,4312.59,300.2,32,5.98,57.5,5
South,2020,Wheat,492.26,5.54,2727.12,155.5,18.5,6.82,84.4,17
West,2020,Corn,582.96,1.59,926.91,198.7,15.7,6.01,93,11
South,2023,Barley,351.58,1.73,608.23,140.8,23.9,5.78,157.7,15
South,2023,Soybean,246.76,1.41,347.93,332.2,19.9,7.39,157.8,19
North,2023,Corn,533.87,5.68,3032.38,395.6,22.9,6.77,56.8,15
North,2022,Corn,517.15,3.38,1747.97,263.9,34.7,5.71,138.2,17
South,2021,Wheat,569.74,1.32,752.06,296.8,22,6.77,194.1,13
East,2023,Corn,957.52,2.61,2499.13,323.8,29.2,5.85,144.3,16
North,2022,Corn,643.51,2.76,1776.09,167.3,20,7.28,194.1,14
East,2022,Rice,645.19,5.05,3258.21,200.8,21.1,5.99,107.1,9
South,2021,Wheat,215.22,4.68,1007.23,223.7,19.9,7.11,119,6
South,2021,Wheat,996.84,4.45,4435.94,278.4,26.4,5.9,124.3,4
West,2020,Barley,795.56,1.11,883.07,355.1,19.5,6.62,188.6,10
North,2022,Corn,889.48,5.55,4936.61,176.3,29.4,7.32,107,2
South,2023,Barley,472.87,2.08,983.57,241.3,28.6,6.09,197.5,16
West,2021,Soybean,551.92,4.15,2290.47,325.5,23.4,5.66,131.5,18
North,2022,Corn,569.88,1.31,746.54,126.2,15.5,6.61,82.7,8
South,2023,Soybean,274.69,1.41,387.31,253.9,15.5,5.84,65.6,3
South,2022,Rice,720.54,1.05,756.57,143.3,25.7,6.96,75.9,14
North,2021,Corn,912.68,3.83,3495.56,261.7,31.8,6.68,55.9,8
North,2020,Barley,247.34,4.15,1026.46,330.3,27,6.19,153.8,15
North,2022,Barley,177.69,1.25,222.11,171.1,23.7,6.91,127.5,16
South,2023,Corn,764.4,2.45,1872.78,354.8,32.6,5.98,160.7,17
South,2021,Barley,345.88,5.26,1819.33,200.4,18.9,7.33,167.3,4
West,2020,Corn,661.48,1.51,998.83,157.2,22.2,6.19,189.7,4
East,2023,Wheat,726.18,2.08,1510.45,239.6,26.3,7.03,67.5,8
North,2023,Barley,389.72,3.12,1215.93,362.8,20.8,6.02,77.9,9
South,2023,Corn,833.63,5.21,4343.21,120.7,35,6.93,132.2,12
South,2022,Corn,594.99,2.27,1350.63,198.3,24,5.56,69.4,16
North,2021,Barley,882.1,5.99,5283.78,295.9,16,6.09,63.9,12
East,2023,Wheat,786.96,2.78,2187.75,207.3,18.5,5.69,150,6
North,2022,Barley,881.72,2.93,2583.44,121.2,25.6,6.4,158.7,19
East,2021,Corn,118.15,1.61,190.22,199.6,26,6.37,176.5,2
South,2021,Wheat,319.16,4.4,1404.3,346.3,34.7,6.22,187.4,0
East,2022,Soybean,181.01,2.22,401.84,390.4,27,7.46,116.4,9
West,2022,Rice,497.87,4.14,2061.18,111.9,28.3,5.99,197,14
South,2023,Barley,900.96,2.12,1910.04,270.8,19.3,7.08,55.7,12
West,2021,Corn,520.79,2.94,1531.12,131.6,17.1,6.39,180.5,16
North,2020,Wheat,864.74,5.28,4565.83,304.1,27,6.17,98.2,17
North,2022,Wheat,394.46,4.69,1850.02,102.4,32.3,5.91,188.3,9
North,2021,Soybean,405.61,1.77,717.93,104.4,26.7,6.77,83.4,19
East,2021,Barley,906.01,4.04,3660.28,333.1,23.9,6.17,161.1,8
South,2023,Wheat,483.24,4.14,2000.61,122.3,26.6,7.13,113.8,0
North,2020,Soybean,810.79,1.45,1175.65,191.6,24.4,7.44,107.2,11
North,2023,Corn,312.98,3.33,1042.22,387.4,17.8,5.95,58.9,10
South,2020,Soybean,953.92,2.3,2194.02,395.6,29.8,5.76,155.9,10
North,2020,Barley,617.12,3.34,2061.18,148.4,25.7,6.13,76.3,14
West,2022,Soybean,783.39,4.89,3830.78,268.3,23,6.43,119.4,19
South,2021,Wheat,180.56,1.79,323.2,267.7,26.2,6.1,71.2,13
South,2021,Wheat,543.4,1.62,880.31,235.7,19.8,7.44,140.7,8
South,2021,Rice,910.93,2.35,2140.69,377.4,23.6,7.06,84.7,1
West,2020,Soybean,889.33,5.76,5122.54,326.2,27.4,7.43,139.2,1
South,2021,Corn,142.13,4.74,673.7,329.4,19.5,6.25,192,15
West,2022,Barley,373.33,1.1,410.66,180.9,30,6.11,188.1,5
South,2020,Rice,498.99,3.01,1501.96,230.3,25.4,6.31,80.1,12
East,2020,Soybean,255.04,2.29,584.04,246.2,32.2,6.55,64.9,5
North,2020,Corn,757,4.19,3171.83,189.7,31.9,6.98,56.4,0
East,2020,Rice,266.06,3.3,878,128.4,24.9,7.26,174.3,12
North,2022,Wheat,411.98,5.82,2397.72,137.9,18.9,6.43,87.4,1
West,2021,Barley,696.95,2.09,1456.63,154.2,29.7,6.08,92.6,0
East,2022,Soybean,533.88,3.94,2103.49,161.1,23.4,6.14,83.9,0
South,2021,Corn,764.71,4.5,3441.2,172.7,26.9,6.89,176,10
North,2022,Wheat,965.09,5.13,4950.91,176.6,17.1,6.64,196.8,15
North,2023,Rice,204.89,3.03,620.82,236.7,27.6,6.47,163.3,8
East,2023,Barley,738.61,4.43,3272.04,252.9,22.5,5.91,173.5,6
West,2023,Rice,307.31,2.52,774.42,192.7,21.7,7.25,143.1,13
East,2023,Rice,473.03,3.18,1504.24,372.2,34.6,7.06,129.3,4
West,2020,Corn,129.58,5.48,710.1,265.9,23.6,5.78,158.2,18
West,2020,Wheat,222.32,5.75,1278.34,336.2,28.6,6.23,55.4,16
North,2022,Soybean,387.8,4.59,1780,377.3,27.6,6.58,59.2,7
East,2022,Corn,407.79,2.87,1170.36,148.9,17.1,6.41,153.1,3
East,2023,Barley,909.63,5.1,4639.11,228.4,30,6.3,100.3,1
West,2021,Rice,767.63,1.13,867.42,230,21.5,6.94,123.3,19
East,2023,Barley,974.96,1.51,1472.19,206.3,31,5.61,167.3,12
South,2022,Corn,639.16,4.31,2754.78,102.7,27.2,6.44,136.6,19
South,2023,Corn,317.54,2.46,781.15,344.8,21.3,6.02,170.8,5
East,2022,Soybean,394.89,5.76,2274.57,133.5,22.1,5.67,112.9,17
East,2023,Rice,387.85,3.18,1233.36,398.6,29.6,6.43,93.1,4
West,2021,Corn,393.84,3.15,1240.6,331.9,26,5.84,85.2,11
South,2023,Barley,705.67,4.39,3097.89,274,28.4,6.02,69.8,18
South,2021,Soybean,577.73,4.84,2796.21,146.4,18.2,6.51,55.5,19
North,2021,Barley,446.88,3.38,1510.45,254.6,30.7,7.45,58,18
West,2022,Rice,234.18,2.07,484.75,178.3,21.4,6.87,90.6,14
North,2021,Soybean,119.93,4.87,584.06,175.7,27.4,6.06,91.8,6
South,2020,Soybean,296.95,2.6,772.07,348.9,17.3,6.26,107.3,18
West,2020,Soybean,196.72,1.88,369.83,214.2,21.4,6.31,138.7,2
East,2020,Wheat,806.9,4.16,3356.7,235.2,28,5.81,163.9,0
West,2022,Soybean,201.25,1.45,291.81,352.9,20.5,5.82,79.7,9
East,2020,Barley,751.81,5.86,4405.61,126.3,32.6,5.8,163.9,3
East,2022,Barley,447.09,4.16,1859.89,278.4,28.2,6.54,70.8,15
West,2022,Rice,166.04,5.93,984.62,273.5,32.4,6.85,198.3,11
East,2020,Corn,831.46,2.69,2236.63,227.6,22.9,6.68,92.8,9
North,2021,Corn,621.67,5.86,3642.99,348.9,15.7,7.46,175.6,2
South,2023,Wheat,312.19,1.73,540.09,382.9,26.5,5.75,78.6,7
East,2022,Soybean,905.21,1.2,1086.25,239.6,21.8,7.47,192.6,4
North,2020,Wheat,140.73,1.16,163.25,236.8,24,6.43,174,15
East,2022,Rice,281.64,3.32,935.04,250.6,28.6,5.94,103.9,3
South,2021,Rice,776.84,1.42,1103.11,316.9,29,7.39,113.2,15
North,2021,Corn,738.44,3.56,2628.85,300.4,15.6,6.44,50.6,2
South,2020,Rice,360.34,2.64,951.3,166.9,30.4,6.19,87.7,3
South,2022,Soybean,155.82,2.68,417.6,119.2,24.9,5.93,93.4,15
North,2023,Barley,872.27,4.18,3646.09,384.8,26.1,6.04,117.9,4
North,2023,Rice,382.33,1.82,695.84,178.3,21,7.46,70.9,17
North,2022,Wheat,276.14,4.83,1333.76,291.6,23.4,6.11,121.8,19
West,2022,Soybean,564.46,3.91,2207.04,348.5,29.2,7.46,150.3,7
North,2022,Rice,919.2,5.57,5119.94,190.1,30.5,6.16,105.7,7
North,2020,Rice,139.19,2.82,392.52,290.6,22.7,5.96,84.8,6
North,2021,Soybean,789.22,5.91,4664.29,132.4,28.8,5.87,132.2,9
North,2023,Rice,615.23,3.88,2387.09,391,20.2,6.32,54.4,1
East,2020,Barley,482.9,5.87,2834.62,117.4,31.6,5.97,101.1,19
West,2022,Corn,769.67,1.14,877.42,231.5,27.2,6.89,129.1,5
South,2022,Soybean,969.24,4.64,4497.27,261,30.5,5.98,100.4,14
North,2021,Wheat,306.29,5.08,1555.95,337.1,24.5,7.17,101.8,13
East,2022,Rice,229.28,1.27,291.19,136.3,19.6,7.17,177.2,7
East,2020,Corn,921.59,3.89,3584.99,232.2,23.6,6.07,190.1,8
East,2020,Wheat,702.06,5.01,3517.32,189.9,22.6,7.01,174.1,4
South,2021,Wheat,494.19,3.81,1882.86,193.6,21.7,7.22,64.8,4
North,2020,Barley,615.93,1.32,813.03,333.6,19.2,6.68,93.5,8
West,2023,Corn,771.05,4.47,3446.59,101.6,30.2,6.23,156.7,6
West,2020,Soybean,795.73,1.3,1034.45,324.7,16.7,6.38,196.2,7
East,2020,Corn,927.9,5.09,4723.01,343.1,32.8,7.07,86.3,14
South,2020,Corn,484.16,1.22,590.68,370.4,18.5,6.09,184.7,2
South,2023,Wheat,364.07,1.69,615.28,288.1,34.6,6.17,160.9,16
South,2022,Barley,675.7,2.38,1608.17,200,34.8,5.82,197.5,18
West,2020,Barley,474.16,4.17,1977.25,228.2,23,6.3,64,17
East,2021,Corn,635.14,5.88,3734.62,390.9,34.8,5.67,109.2,9
North,2023,Corn,477.99,1.59,760,364.4,32.4,6.14,121.7,1
West,2021,Rice,237.7,1.71,406.47,239.1,16.6,6.25,150.8,1
East,2020,Wheat,522.48,2.84,1483.84,382.9,33.9,6.01,148.1,16
East,2021,Soybean,721.83,5.18,3739.08,346.9,15.9,5.7,186,14
North,2020,Soybean,819.36,3.34,2736.66,370.3,18.6,6.54,175.8,15
North,2023,Barley,543.99,2.61,1419.81,304.9,26.7,7.23,58.3,5
North,2021,Wheat,248.71,3.81,947.59,357.3,16.6,6.17,123,19
South,2021,Barley,473.22,2.3,1088.41,367.5,18.2,5.97,111.1,1
North,2020,Soybean,807.66,3.01,2431.06,127.6,34.1,6.07,199.6,14
East,2020,Corn,471.57,2.66,1254.38,389.6,34.9,7.22,114.1,17
North,2022,Wheat,726.88,5.02,3648.94,200.1,31,6.56,152.4,7
East,2020,Wheat,556.49,5.62,3127.47,232,25.3,5.76,92.7,3
West,2020,Rice,317.1,4.8,1522.08,337.6,33,6.92,142.2,4
South,2022,Corn,816.54,3.2,2612.93,299.5,17.2,5.81,81,7
West,2020,Corn,175.79,3.52,618.78,367.9,33.9,5.62,140.5,16
West,2020,Barley,572.4,1.63,933.01,220.2,22,6.01,180.2,5
East,2022,Wheat,288,4.73,1362.24,212,32.2,5.84,52.9,14
West,2023,Barley,160.36,3.98,638.23,109.5,28.4,6.71,125.7,0
East,2023,Corn,552.64,5.51,3045.05,238.8,34.2,6.47,197.4,10
North,2020,Rice,549.61,2,1099.22,317.2,32.3,6.95,73.9,5
North,2020,Wheat,736.21,4.8,3533.81,190.4,32.8,6.52,77.5,5
East,2022,Corn,770.28,4.42,3404.64,238.8,27.6,6.34,120.6,19
North,2022,Rice,755.01,2.33,1759.17,165.8,31.7,6.55,180.6,19
South,2023,Soybean,468.6,4.34,2033.72,331.8,30.1,6.37,134.4,17
West,2021,Corn,668.52,5.62,3757.08,118.2,18.2,5.57,126.3,17
South,2020,Soybean,619.25,5.59,3461.61,311.6,28,6.86,63,6
West,2021,Barley,479.41,4.6,2205.29,213.7,18,7.42,194.3,15
North,2021,Soybean,637.49,1.24,790.49,112.5,32.4,6.34,102.1,18
South,2022,Corn,952.52,5.36,5105.51,356,16.3,6.35,87.8,11
North,2020,Soybean,273.6,4.29,1173.74,246.3,34.7,5.59,111.8,17
West,2020,Wheat,915.19,2.55,2333.73,279.8,23,7.28,112.1,3
East,2022,Corn,148.11,1.94,287.33,319.6,18.4,7.36,118.8,1
East,2021,Rice,377.55,1.58,596.53,296.5,33.7,7.13,153.3,8
South,2022,Soybean,359.33,1.25,449.16,319.3,15.9,5.71,180.2,6
North,2023,Wheat,663.73,4.77,3165.99,328.7,24.4,7.3,58.6,11
North,2020,Barley,218.1,2.18,475.46,276.7,30.4,5.55,123.6,4
South,2023,Barley,894.11,1.12,1001.4,209.7,21.3,6.39,112.1,11
East,2022,Soybean,845.7,2.99,2528.64,172.9,25.6,6.5,51.6,15
West,2020,Barley,686.86,3.41,2342.19,370.9,29,7.17,172.5,18
South,2023,Rice,512.57,1.85,948.25,391,34,7,65.6,11
West,2023,Corn,939.66,1.22,1146.39,207.3,17.1,7.09,67.2,0
East,2021,Wheat,847.67,1.95,1652.96,133.7,18.1,7.24,57.2,0
North,2020,Soybean,549.38,4.4,2417.27,166.8,25.2,6.45,80.1,18
East,2023,Barley,731.69,1.41,1031.68,301.2,23.4,7.06,76.5,19
South,2023,Corn,610.24,3.78,2306.71,151.9,23.2,5.64,102.2,11
North,2021,Rice,629.15,1.73,1088.43,334,20.9,6.39,148.9,4
South,2023,Barley,397.88,1.98,787.8,376.9,26.2,5.56,58.1,8
South,2023,Barley,515.88,2.97,1532.16,389.1,32.7,7.33,179,11
East,2023,Wheat,170.31,1.5,255.46,102.8,18.2,7.42,99,1
South,2021,Rice,421.61,1.87,788.41,387.4,19.3,5.67,141,12
East,2023,Rice,726.25,2.74,1989.93,322.1,28.4,6.57,51.8,3
North,2023,Soybean,957.89,2.65,2538.41,125.2,16.1,6.15,104.9,18
East,2020,Wheat,966.76,4.75,4592.11,224.6,28.5,6.19,50.3,7
North,2020,Soybean,600.15,1.37,822.21,310,21.3,6.4,74.8,12
East,2021,Wheat,645.96,5.3,3423.59,387,22.2,5.75,117.2,0
West,2022,Rice,267.15,5.08,1357.12,149.2,23.1,5.86,130.3,16
West,2020,Wheat,725.78,4.83,3505.52,138.3,22,6.65,72.9,16
South,2021,Wheat,163.59,2.55,417.15,241.7,31.8,5.54,161.8,3
East,2023,Wheat,356.22,5.11,1820.28,390.4,33.9,6.7,78.4,7
East,2023,Corn,701.53,1.91,1339.92,391.4,26,6.14,67.4,19
North,2021,Corn,379.28,1.62,614.43,168.4,26.6,7.16,100,4
South,2023,Rice,144.86,1.22,176.73,195.8,16.4,6.7,132.7,15
East,2023,Wheat,848.68,5.7,4837.48,372.4,29.3,6.92,198.3,1
South,2022,Rice,379.3,2.54,963.42,320.5,26.7,5.73,112.8,8
West,2023,Corn,156.79,5.59,876.46,391.7,16,6.03,113.9,12
East,2020,Wheat,167.31,2.36,394.85,367.9,19,7.49,58.9,18
East,2023,Soybean,326.58,5.54,1809.25,164.5,19,6.37,164.9,8
South,2021,Corn,260.21,5.52,1436.36,327.9,18.4,6.22,77.3,2
East,2022,Corn,796.87,5.62,4478.41,114.6,28.2,7.25,161.7,0
South,2023,Corn,389.52,3.48,1355.53,345.3,33.6,5.57,186.6,17
East,2021,Wheat,824.23,5.33,4393.15,280.5,30.3,6.57,165.2,14
North,2020,Barley,256.46,5.75,1474.64,386.8,24.5,5.92,146.4,0
South,2023,Soybean,543.59,2.62,1424.21,388,23.1,6.24,140.6,14
East,2022,Soybean,719.23,3.09,2222.42,115.2,22.7,5.9,118,17
West,2023,Rice,686.79,4.6,3159.23,148.2,27,5.58,71.7,18
East,2021,Wheat,641.02,2.5,1602.55,245.3,22.2,6.33,166.8,19
West,2022,Corn,932.34,4.77,4447.26,363.8,19.5,7.08,121.6,18
West,2023,Barley,305.67,1.37,418.77,344.3,27.1,7.4,143.8,19
North,2020,Wheat,544.35,3.62,1970.55,389.3,22.8,6.75,106.1,12
South,2022,Wheat,895.59,1.61,1441.9,285.4,15.3,6.28,80.1,4
East,2020,Barley,170.1,2.47,420.15,177,15.4,7.04,171,4
North,2021,Corn,150.3,2.29,344.19,107.5,20.5,6.51,101.4,10
East,2023,Wheat,309.97,5.19,1608.74,166.9,25.2,6.24,180,9
West,2020,Soybean,669.72,1.97,1319.35,302.6,22.1,5.86,194.9,5
South,2021,Soybean,333.89,5.04,1682.81,377.9,15.5,7.09,174.5,5
East,2023,Barley,271.22,4.97,1347.96,196.3,19.5,6.5,69.2,12
East,2021,Corn,512.92,3.49,1790.09,362.7,16.9,7.43,178.3,5
West,2020,Barley,652.24,2.17,1415.36,218.5,34,7.1,127.9,6
East,2021,Wheat,323.7,2.13,689.48,192.5,21.3,6.34,86.2,7
East,2022,Soybean,370.62,3.32,1230.46,252.7,15.3,6.98,64,9
West,2023,Rice,652.2,1.04,678.29,232.7,28.2,6.41,91.8,10
North,2021,Barley,951.16,3.66,3481.25,374.1,19.6,5.66,70.6,4
West,2020,Rice,707.27,5.76,4073.88,240.5,26.3,6.53,53.8,7
North,2023,Rice,804.61,1.77,1424.16,183.2,18,7.23,198.2,0
South,2022,Soybean,430.13,3.87,1664.6,352.8,34.7,7.21,174.7,6
North,2023,Barley,345.03,5.81,2004.62,399.6,34.4,6.65,160.8,17
North,2022,Rice,508.84,5.3,2696.85,294.5,28.1,6.26,79,11
South,2023,Wheat,826.42,5.25,4338.7,175.1,29.1,5.52,54.2,18
North,2021,Corn,510.67,5.11,2609.52,171.6,23.5,6.12,122.8,7
West,2021,Corn,862.05,2.55,2198.23,117.3,34.2,7.48,161.3,2
North,2020,Soybean,989.89,5.45,5394.9,123.2,23.5,6.95,194.4,9
South,2022,Barley,164.82,5.71,941.12,374.5,19.8,6.94,176.6,13
West,2020,Barley,140.87,3.48,490.23,128.9,17.3,7.02,184,18
South,2021,Corn,234.63,2.77,649.93,245.3,19.2,6.74,85.8,18
South,2022,Wheat,445.93,3.07,1369.01,309.4,26.4,6.67,73.3,8
East,2020,Corn,217.94,2.67,581.9,355.1,19.9,6.41,87.2,4
East,2020,Corn,883.6,2.06,1820.22,151.4,28.1,6.39,70.8,6
South,2020,Barley,120.83,4.09,494.19,231.3,22.6,7.24,169.8,12
South,2020,Rice,384.21,3.81,1463.84,175.4,32.7,6.29,185.5,17
South,2020,Wheat,266.23,3.31,881.22,176.7,26.2,7.18,96.1,12
East,2022,Barley,938.39,1.48,1388.82,191.2,27.5,7.18,181.5,6
East,2020,Corn,702.53,4.98,3498.6,276.1,26.1,7.04,58.3,7
North,2022,Rice,920.83,1.87,1721.95,105,32.7,5.58,151.6,3
North,2020,Wheat,975.1,1.57,1530.91,222.6,16.3,5.8,129.1,16
South,2021,Soybean,547.39,4.12,2255.25,156,16.3,6.13,91.5,9
West,2021,Wheat,310.89,2.99,929.56,390.1,29,7.2,165.2,3
West,2020,Wheat,274.36,1.3,356.67,274.8,30.4,7.25,81.8,4
East,2023,Corn,300.63,2.78,835.75,360.4,23.7,5.58,112.4,4
East,2021,Corn,737.73,4.86,3585.37,158.7,22,6.15,156.5,17
East,2022,Soybean,136.4,4.08,556.51,343,20.6,7.2,100.7,1
South,2020,Soybean,146.22,2.81,410.88,224.4,19.7,6,178.3,10
West,2022,Soybean,647.33,1.96,1268.77,153.3,33.2,7.45,179.8,0
North,2023,Barley,677.85,4.16,2819.86,328.4,20.9,6.48,80.4,6
South,2020,Barley,698.74,5.44,3801.15,328.6,28,7.37,116.1,11
North,2021,Corn,434.69,4.23,1838.74,398.8,30.7,6.36,114.8,7
North,2022,Corn,825.35,5.06,4176.27,334.3,15.4,6.15,111.5,11
South,2021,Soybean,580.26,3.61,2094.74,143.6,15.7,6.22,125.3,14
North,2021,Barley,194.92,4.59,894.68,196.8,21.7,7.27,61.2,13
West,2020,Rice,817.39,5.48,4479.3,235.5,28.9,6.16,180.5,19
North,2022,Barley,957.76,4.87,4664.29,138,20.2,6.84,93.5,0
West,2023,Corn,154.03,5.55,854.87,336.4,15,6.44,50.3,2
West,2021,Barley,452.22,3.16,1429.02,258,20.8,7.38,152.8,0
West,2020,Corn,538.76,5.52,2973.96,383.3,16.8,5.82,147.6,10
East,2020,Soybean,231.82,4.11,952.78,276.8,19.4,6.36,197.5,8
North,2023,Soybean,880.94,5.35,4713.03,256.9,21.7,5.75,157.9,3
South,2020,Soybean,355.73,1.2,426.88,121.4,17.6,6.66,99.9,7
South,2021,Rice,804.71,4.29,3452.21,144.8,29.1,6.31,192.9,16
North,2020,Rice,703.9,5.24,3688.44,354.9,20.1,5.62,104.8,13
East,2022,Corn,638.24,1.87,1193.51,397.2,28.2,7.2,173.2,19
East,2022,Wheat,272.93,4.31,1176.33,224.6,27,6.25,100.4,15
West,2021,Rice,298.63,5.12,1528.99,343,33,6.49,57.3,19
North,2022,Corn,142.61,2.44,347.97,288.3,16.8,6.32,160.1,1
North,2023,Barley,316.64,3.03,959.42,387.7,19.3,6.48,102.5,7
South,2020,Soybean,410.9,3.85,1581.96,171.4,32.3,5.53,100.8,14
North,2021,Soybean,849.83,3.6,3059.39,263.5,31.4,7.13,157.4,3
East,2023,Soybean,429.75,1.2,515.7,222.6,18.8,6.16,98.3,14
North,2020,Corn,779.16,1.49,1160.95,262.5,17.2,6.95,67.7,0
South,2023,Soybean,495.5,1.5,743.25,180.7,32.1,5.63,110.7,12
West,2021,Rice,806.38,2.31,1862.74,249.3,18.6,6.55,173.6,6
South,2021,Barley,978.64,2.23,2182.37,287.4,32.4,7.32,69.5,15
South,2023,Soybean,315.86,4.71,1487.7,124.4,34.2,6.3,133.2,3
West,2020,Corn,876.11,3.86,3381.78,322.9,19.4,5.89,69.8,2
South,2022,Barley,659.64,4.82,3179.46,312,31.8,5.7,57.4,11
South,2022,Soybean,835.56,1.35,1128.01,364.1,23.5,7.22,106.8,17
North,2023,Wheat,686.43,3.43,2354.45,227.8,30.8,5.98,148.7,13
North,2021,Soybean,481.55,2.62,1261.66,118.5,23.1,7.45,91.2,0
West,2020,Rice,305.27,5.25,1602.67,238.4,16.4,6,116.9,6
North,2020,Barley,163.03,4.54,740.16,141.3,29.3,6.46,123.7,18
North,2021,Rice,581.97,5.35,3113.54,294.2,18,6.42,176.2,2
South,2022,Wheat,991.29,1.23,1219.29,114.1,33.5,5.62,172.8,14
East,2020,Wheat,764.24,4.6,3515.5,212.2,23.4,6.56,50.4,18
North,2023,Rice,394.61,3.7,1460.06,124.9,16.6,6.85,112.1,8
East,2022,Barley,844.48,5.13,4332.18,101,19.6,6.98,148.4,17
North,2023,Wheat,792.09,3.54,2804,388.2,32.3,6.55,177.9,0
North,2022,Wheat,353.47,3.7,1307.84,398.8,21.4,7.13,57.3,6
West,2021,Soybean,112.88,1.26,142.23,266.7,32.1,7,144.2,14
West,2023,Corn,206.35,4.34,895.56,171.7,18.4,5.89,176.3,6
West,2023,Wheat,889.58,2.37,2108.3,373.3,24.4,6.3,88.3,8
East,2021,Barley,852.91,1.1,938.2,376.9,32.6,5.79,80.8,15
South,2023,Barley,365.69,1.33,486.37,356.4,16,5.77,120.2,18
North,2022,Soybean,356.68,5.79,2065.18,263.3,21.1,6.92,194.4,11
North,2020,Barley,813.58,2.73,2221.07,122.4,33.2,6.56,153.9,17
North,2020,Soybean,943.96,5.34,5040.75,126.5,26.9,6.7,113.7,15
East,2021,Wheat,801.22,5.8,4647.08,369,29.3,6.96,53.1,4
West,2022,Wheat,645.02,5.72,3689.51,362.7,31.8,6.05,133.5,1
South,2023,Wheat,318.4,5.41,1722.54,230.3,25.5,6.3,102.3,15
East,2023,Wheat,573.17,5.47,3135.24,198.4,31.9,6.71,77.9,5
West,2020,Corn,310.16,2.45,759.89,293.2,27.8,5.69,125,7
East,2023,Corn,827.21,1.76,1455.89,342.1,28.7,7.17,101.2,18
South,2020,Wheat,448.26,4.2,1882.69,319.5,18.1,6.19,55.8,0
West,2021,Barley,850.33,3.44,2925.14,284.7,33.8,6.82,158.8,4
East,2023,Soybean,443.45,1.49,660.74,169.5,30.9,7.49,159.9,18
South,2022,Rice,841.73,4.39,3695.19,178.8,20.1,6.45,142.8,6
North,2023,Soybean,399.99,3.81,1523.96,317.2,26.6,5.93,176.1,9
South,2020,Rice,496.12,5.32,2639.36,340.8,22.5,5.93,80.5,15
North,2021,Rice,653.94,4.05,2648.46,134.8,28.2,5.62,92.9,12
East,2020,Wheat,163.26,3.87,631.82,156.2,34.9,7.03,118.8,6
West,2023,Rice,953.39,3.2,3050.85,304.1,15.9,6.09,59,4
West,2020,Wheat,616.25,3.31,2039.79,216.7,34.1,5.85,182.5,17
East,2020,Corn,557.04,5.77,3214.12,269,16.4,6.93,123.6,9
West,2021,Barley,855.45,1.69,1445.71,284.4,24.2,6.12,98.7,7
West,2022,Rice,879.19,3.23,2839.78,332.9,24.6,6.7,121.7,3
North,2023,Barley,570.03,4.28,2439.73,341.7,20.4,6.34,98.8,0
East,2021,Wheat,934.54,3.17,2962.49,184,26.3,6.17,92.9,12
South,2022,Rice,158.26,2.42,382.99,262.4,31.7,6.48,117.2,9
North,2020,Soybean,201.9,2.44,492.64,137.1,20.9,6.13,122.3,11
East,2022,Corn,637.11,2.17,1382.53,352.6,16.4,7.24,115,19
North,2020,Corn,418.66,2.72,1138.76,353.6,27.6,5.65,132.2,1
South,2020,Rice,517.8,5.36,2775.41,189.9,30,5.56,167.5,5
South,2021,Corn,395.27,3.53,1395.3,148.2,34.1,6.31,58.6,9
East,2020,Soybean,464.25,2.2,1021.35,121,18.2,5.85,171.7,9
South,2021,Barley,840.38,2.92,2453.91,272.5,33,6.99,84.3,2
North,2022,Soybean,634.13,1.53,970.22,127.4,24.6,6.21,87.8,5
South,2022,Corn,997.61,5.52,5506.81,304.2,19.7,6.02,139.9,14
North,2020,Barley,808.19,3.04,2456.9,303.4,34.3,6.22,196.4,11
North,2021,Soybean,346.3,5.9,2043.17,284.2,19.8,5.94,52.6,8
South,2020,Wheat,337.91,2.74,925.87,363,29.7,6.1,151,3
East,2021,Wheat,402.31,5.18,2083.97,213.5,30.7,6.64,154.5,5
West,2021,Barley,858.93,2.28,1958.36,370.7,23.6,7.23,136,17
South,2021,Barley,124.56,1.38,171.89,111.1,28.8,6.24,51.5,5
North,2022,Barley,307.16,1.16,356.31,133.8,26.4,6.14,141,0
North,2021,Wheat,914.43,4.03,3685.15,223.7,18.8,7.06,67.3,11
South,2022,Soybean,675.91,2.56,1730.33,278.2,30.2,5.54,61.7,2
East,2021,Barley,304.16,3.22,979.4,109.7,33.6,6.1,154.4,11
East,2022,Wheat,297.23,5.09,1512.9,270.2,24.8,6.4,155,2
North,2023,Barley,876.36,2.24,1963.05,192.2,34.9,6.7,183.5,9
North,2022,Barley,904.38,2.54,2297.13,366.1,23.6,5.81,50.5,5
East,2022,Barley,330.52,5.23,1728.62,260,24.6,6.37,106.8,16
West,2020,Wheat,478.46,3.46,1655.47,276.4,28.5,6.63,51.8,0
South,2021,Soybean,851.14,5.14,4374.86,383.7,18.7,6.52,104.7,1
North,2023,Wheat,793.91,2.87,2278.52,329.3,33,6.65,123.7,18
North,2020,Wheat,832.52,2.99,2489.23,231.5,31,6.82,129.5,19
East,2021,Barley,566.56,1.84,1042.47,243.1,32.4,6.26,103.4,5
South,2023,Rice,920.39,5.58,5135.78,294.4,27.2,5.63,158.8,9
East,2023,Rice,393.36,5.48,2155.61,160.1,32.7,5.61,112.3,9
South,2023,Rice,241,5.92,1426.72,126.6,28.6,7.22,127.6,17
South,2021,Wheat,737.86,3.01,2220.96,193.4,25.2,6.85,170,7
South,2023,Barley,585.42,5.09,2979.79,333.5,33.6,7.03,76.1,19
North,2023,Rice,869.13,3.07,2668.23,177.2,23.8,7.36,98.1,6
West,2020,Corn,173.04,3.27,565.84,139.2,25,7,128.2,9
East,2022,Corn,859.32,5.15,4425.5,165.7,18.4,6.88,165.1,0
West,2021,Corn,363.97,1.89,687.9,303.7,34,6.81,113.8,14
East,2022,Soybean,689.37,2.1,1447.68,284.2,19.4,6.02,60.9,9
South,2020,Barley,136.12,2.57,349.83,306.5,19,7.41,198.3,2
North,2022,Wheat,648.62,4.94,3204.18,196.6,17,6.58,156.2,8
West,2023,Wheat,745.54,2.86,2132.24,370.3,24.1,5.94,158.4,12
North,2023,Barley,431.88,2.79,1204.95,235.5,20.5,5.92,119.8,5
East,2021,Soybean,293.87,5.99,1760.28,254.1,29.8,7.13,132.1,18
North,2021,Barley,583.87,2.92,1704.9,384.6,21.2,6,199.1,1
North,2021,Soybean,849.87,2.24,1903.71,393.8,29.4,5.58,139.3,11
West,2020,Rice,391.19,4.12,1611.7,298.5,18.9,6.36,82.8,10
South,2021,Rice,327.22,5.01,1639.37,383.4,19.6,7.13,194.7,12
North,2020,Soybean,351.04,1.35,473.9,262.5,31.1,6.33,130.7,2
South,2023,Barley,954.22,4.09,3902.76,192.2,22.4,7.11,53.1,16
East,2022,Rice,423.35,1.18,499.55,194.5,17.2,7.15,136,8
North,2023,Barley,103.24,3.63,374.76,267.7,34.2,7.22,60.6,14
West,2023,Rice,803.51,2.28,1832,281.5,18.5,6.68,129.1,14
East,2023,Barley,729.35,2.53,1845.26,231.9,18,6.9,173.8,3
East,2021,Barley,215.71,3.34,720.47,365.1,22.2,6.02,130.8,13
West,2021,Corn,986.41,5.64,5563.35,228,16.9,5.7,106,13
North,2021,Soybean,647.26,4.55,2945.03,182,18.1,6.57,182.4,13
North,2022,Wheat,550.7,5.68,3127.98,102.4,31.9,5.52,189.1,17
East,2021,Soybean,444,4.3,1909.2,391.2,18.4,6.43,102.1,2
North,2020,Barley,908.81,1.04,945.16,347.3,17.2,5.7,124.8,5
South,2023,Barley,319.57,2.33,744.6,284.7,32.6,5.72,197.4,7
West,2022,Soybean,357.19,5.53,1975.26,349.2,23.9,7.24,76.7,18
South,2022,Barley,210.17,4.22,886.92,343.1,18.1,6.78,94.7,1
North,2022,Rice,783.21,5.91,4628.77,379.6,26.6,6.79,114.3,4
East,2022,Barley,635.99,1.78,1132.06,215.8,15.8,6.31,65.1,8
West,2022,Soybean,648.16,2.48,1607.44,266.5,23.5,6.33,90.8,10
North,2020,Soybean,296.62,2.81,833.5,129.6,26.8,6.11,131.7,15
North,2023,Soybean,686.05,2.63,1804.31,389.6,34.1,6.37,84.3,19
East,2022,Corn,788.91,2.26,1782.94,395.5,21.5,6.67,152.9,1
East,2023,Corn,422.1,3.22,1359.16,336.7,30.3,5.87,102.2,6
South,2021,Corn,821.21,4.21,3457.29,236.2,17.7,6.02,63.5,4
West,2022,Corn,413.91,2.56,1059.61,249,23.7,6.49,164.7,0
West,2022,Corn,782.32,1.4,1095.25,230.6,19.5,6.27,135.1,3
East,2023,Corn,130.36,4.54,591.83,188,24.8,7.14,173.7,8
South,2022,Corn,596.05,3.3,1966.96,258.3,23.3,7.14,104,14
West,2022,Soybean,972.57,3.78,3676.31,116,34.6,6.17,52.9,17
East,2022,Wheat,983.12,3.28,3224.63,397.6,33.3,6.4,57,9
North,2020,Corn,353.58,5.45,1927.01,227.2,26.6,7.45,169.3,10
West,2020,Soybean,497.26,3.79,1884.62,378.2,18.5,7.15,111.6,16
South,2022,Wheat,156.68,5.62,880.54,317.3,26.1,5.93,196.5,17
South,2020,Corn,886.01,3.55,3145.34,187,30.8,6.06,174.5,11
South,2021,Wheat,611.71,2.46,1504.81,166.6,15.8,5.67,52.4,12
North,2022,Wheat,446.59,2.78,1241.52,398.7,23.7,6.86,180.5,17
West,2021,Rice,201.49,3.61,727.38,331.6,15.9,6.13,81.9,16
West,2023,Barley,952.09,3.65,3475.13,174.9,19.9,6.57,122.9,9
North,2021,Rice,577.2,4.44,2562.77,120.2,16.8,7.04,125.9,14
West,2023,Wheat,354.64,2.12,751.84,309.1,34.2,7.17,59,19
North,2022,Soybean,415.19,4.29,1781.17,190.9,18.4,6.15,68.8,7
North,2023,Corn,343.63,4.89,1680.35,166.4,18,5.97,113.5,10
North,2023,Barley,641.63,4.38,2810.34,320.5,34.4,7.2,146.4,17
South,2021,Corn,936.97,3.41,3195.07,303.8,25.3,6.26,89.7,3
West,2021,Soybean,871.02,5.96,5191.28,244.4,30.2,7.14,129,18
North,2021,Barley,514.34,3.02,1553.31,382.8,21.5,5.8,106.9,1
West,2022,Rice,843.85,1.53,1291.09,303.9,25.7,7.32,144.6,19
South,2022,Wheat,480.79,5.11,2456.84,368,15.1,6.47,113.7,2
North,2021,Soybean,327.08,2.06,673.78,157.2,23.2,5.84,177.7,15
East,2022,Wheat,985.07,4.57,4501.77,189,26.1,6.57,197.6,0
South,2022,Wheat,373.5,1.89,705.92,131.4,25.3,7.24,187,16
East,2023,Corn,391.35,1.08,422.66,191.4,23.1,6.28,75.3,11
West,2023,Soybean,990.72,1.8,1783.3,391.5,30.8,5.86,118.6,18
West,2021,Wheat,220.53,2.88,635.13,388.9,25,6.65,118.8,9
South,2022,Rice,784.48,1.53,1200.25,328.1,27.7,7.17,176.1,19
West,2023,Barley,942.23,1.99,1875.04,256.3,18.7,5.74,103.6,12
East,2020,Soybean,560.62,4.82,2702.19,334.2,32.2,5.58,132.4,13
North,2022,Corn,102.27,4.85,496.01,266,22.3,5.61,141.4,15
North,2020,Soybean,437.55,5.09,2227.13,101.1,24.6,5.96,66.7,0
North,2021,Corn,200.41,5.21,1044.14,250.5,22,5.51,133.7,17
South,2022,Barley,474.57,3.1,1471.17,279.7,32.8,6.36,87,2
West,2021,Rice,811.02,5.34,4330.85,179.7,33,6.9,81,13
East,2021,Wheat,494.84,3.63,1796.27,161,19.5,6.92,87.5,16
West,2021,Soybean,488.73,3.35,1637.25,182.1,30.1,6.77,64.9,13
West,2021,Corn,601.11,4.59,2759.09,287.1,17.1,6.09,60.5,7
West,2021,Barley,623.52,2.07,1290.69,143.8,15.6,6.97,147,11
North,2022,Wheat,870.67,4.95,4309.82,316.1,31.7,6.65,191.1,13
East,2020,Barley,377.52,3.15,1189.19,226.8,17.6,7.22,153.2,1
East,2022,Rice,839.5,1.64,1376.78,206,18.1,6.46,96.8,5
West,2022,Wheat,609.34,1.6,974.94,342.2,27.1,5.86,100.3,11
North,2022,Wheat,370.48,1.82,674.27,251.8,31.3,6.77,131.2,3
North,2023,Wheat,365.61,5.45,1992.57,213.5,18.8,5.8,179.9,3
East,2023,Corn,425.02,5.95,2528.87,363.4,17.3,7.43,80.4,15
North,2022,Wheat,660.42,2.78,1835.97,210.5,16.5,6.91,120.3,19
North,2020,Barley,307.73,2.46,757.02,357.7,15.5,7.01,124.8,15
North,2022,Corn,928.3,2.09,1940.15,251.3,17.3,6.86,189.7,7
South,2021,Wheat,617.42,5.12,3161.19,162.4,33.9,5.7,130.4,2
West,2023,Barley,928.01,2.05,1902.42,283.8,16.9,6.43,167.1,7
East,2023,Barley,141.76,5.62,796.69,185.6,27,6.8,63.2,12
East,2022,Soybean,408.35,4.34,1772.24,144.1,33.4,5.96,99,6
South,2022,Barley,120.53,5.49,661.71,126,27.6,6.86,141.7,1
West,2020,Rice,345.03,3.77,1300.76,172.5,15.7,7.14,151.6,4
East,2020,Wheat,875.81,4.45,3897.35,321,26.9,6.05,182.8,13
North,2021,Wheat,132.95,4.1,545.09,351.4,33.1,5.9,138.6,4
East,2022,Wheat,492.53,5.16,2541.45,358.5,21.5,7.27,93.4,3
North,2022,Barley,205.81,5.18,1066.1,181,21.3,5.51,130.9,16
South,2022,Barley,475.16,3.95,1876.88,298.3,20,6.01,156.7,19
North,2023,Wheat,854.97,4.16,3556.68,169.1,25.1,6.31,167.7,0
East,2021,Corn,660.76,5.61,3706.86,286.8,19.8,6.84,191.7,15
East,2020,Corn,763.08,5.65,4311.4,366.2,29.5,7.49,78.6,10
East,2023,Rice,414.19,4.32,1789.3,112.3,27.9,6.24,149.1,10
South,2023,Soybean,949.96,1.04,987.96,395.6,23,7.4,80,16
South,2023,Rice,738.34,1.52,1122.28,348.1,29.5,6.23,97.7,3
West,2023,Wheat,479.62,5.29,2537.19,328.5,17,6.89,71.4,15
East,2021,Wheat,483.82,1.42,687.02,307.4,30,5.83,165.9,11
North,2022,Wheat,926.82,2.07,1918.52,331.1,27.1,6.42,187.1,4
South,2020,Soybean,618.76,2.15,1330.33,398.4,27.6,7.24,54.5,12
East,2020,Barley,735.74,4,2942.96,331.1,16.3,6.14,172,12
East,2023,Soybean,475.33,3.88,1844.28,205.5,27.4,5.71,86.3,2
South,2023,Rice,301.32,2.45,738.23,284.2,24.9,6.55,123,8
West,2021,Barley,751.2,2.04,1532.45,201.1,24.7,6.38,162.2,17
South,2023,Barley,647.04,4.82,3118.73,391,21.4,5.96,126,17
South,2020,Rice,551.21,5.68,3130.87,370,15.2,7.31,84.7,14
North,2020,Barley,661.62,1.26,833.64,270.3,23.5,6.7,185.9,14
North,2022,Corn,287.46,1.67,480.06,334.4,23,6.19,139,6
West,2022,Rice,814.54,4.21,3429.21,372.9,23.5,7.49,189.7,8
East,2020,Rice,953.35,5.02,4785.82,173.1,27.2,5.78,177,15
South,2020,Corn,901.99,4.96,4473.87,273.8,21,7.2,181.5,1
West,2021,Soybean,389.29,4.6,1790.73,244.5,20.4,5.96,104.3,19
North,2021,Soybean,465.41,5.44,2531.83,331.5,25,5.98,198.1,12
South,2020,Soybean,827.56,2.09,1729.6,213.7,26.8,6.5,177.9,3
East,2023,Barley,635.61,1.54,978.84,312.7,26.3,6.82,100.6,13
North,2022,Corn,593.12,4.08,2419.93,220.9,32.6,6.88,184.5,8
North,2020,Rice,933.98,5.11,4772.64,133.3,30.4,5.54,163.3,13
North,2023,Rice,582.42,3.91,2277.26,132.1,16,6.07,158.8,10
West,2020,Rice,563.44,5.81,3273.59,135.7,26.3,6.82,50.9,19
East,2022,Barley,137.82,4.98,686.34,109.8,23.4,7.28,53.4,12
South,2022,Barley,162.48,4.5,731.16,259.9,22.2,6.84,154.2,16
West,2021,Soybean,106.68,1.3,138.68,301.6,34.2,6.03,91.8,4
West,2021,Barley,921.92,1.54,1419.76,138,24.1,6.52,58.8,3
West,2021,Soybean,467.55,4.92,2300.35,283.6,29.4,6.8,92.9,12
North,2021,Soybean,521.71,1.99,1038.2,279.3,34.3,5.77,175.7,11
East,2022,Rice,860.85,1.14,981.37,144.1,18,6.59,120.6,2
West,2023,Barley,648.32,5.55,3598.18,221.2,16.1,6.44,142.3,3
South,2023,Soybean,648.55,5.45,3534.6,326.5,21.3,6.17,170.1,16
East,2023,Corn,366.88,2.09,766.78,105,15.9,6.75,98.5,17
South,2020,Corn,850.52,4.9,4167.55,144.1,17.3,6.77,51.7,14
East,2021,Barley,249.25,1.24,309.07,398.7,34.8,7.44,98.5,6
South,2021,Rice,147.83,2.43,359.23,320.1,34.2,6.36,193.5,8
North,2022,Rice,272.44,4.12,1122.45,239.2,28.8,6.56,122.3,13
West,2022,Soybean,340.96,4.82,1643.43,288.9,30.1,5.82,135.5,9
South,2020,Barley,354.08,1.05,371.78,353.9,17.8,6.6,164.1,9
East,2020,Corn,703.46,2.63,1850.1,352.7,26.9,5.57,67.2,18
West,2023,Soybean,296.04,2.07,612.8,197.4,18.1,5.8,160.1,12
West,2022,Soybean,708.99,5.99,4246.85,247.4,22.6,5.84,94.7,2
East,2021,Wheat,182.02,4.35,791.79,291.4,21.9,6.77,108.2,15
South,2023,Barley,232.48,3.03,704.41,121.6,27.3,6.63,90.4,10
North,2021,Soybean,557.94,1.38,769.96,383.7,16.6,7.1,73,3
North,2023,Corn,929.71,3.99,3709.54,229.8,17.1,6.43,104.2,2
South,2021,Wheat,873.61,4.21,3677.9,211.3,27.2,6.45,64.2,1
West,2020,Corn,971.88,5.08,4937.15,372.1,27.7,5.82,176.7,14
West,2023,Rice,685.43,2.44,1672.45,135.5,21.8,6.99,95.9,0
West,2021,Wheat,708.23,5.91,4185.64,111.8,17.9,5.51,148,0
West,2021,Wheat,662.52,3.2,2120.06,305.5,32.7,6.35,94.5,0
South,2022,Soybean,660.54,2.48,1638.14,215.5,16.1,5.88,81.6,9
West,2023,Rice,232.41,2.74,636.8,329.3,29.3,7.04,157,0
East,2021,Soybean,589.37,3.6,2121.73,120.6,17.8,6.85,143.6,15
West,2022,Barley,447.46,5.68,2541.57,215.1,27.7,6.91,82.7,4
North,2021,Corn,498.28,4.68,2331.95,170.6,28.3,5.8,141.8,19
West,2023,Corn,571.24,3.89,2222.12,321.9,31.1,6.84,50.8,17
South,2020,Soybean,215.56,1.81,390.16,168.2,22.9,6.88,76.5,2
North,2023,Corn,423.54,1.75,741.2,237.4,15.4,5.51,159.2,7
South,2023,Corn,157.1,3.51,551.42,345.7,31.2,6.14,111.5,14
South,2021,Barley,981.7,4.64,4555.09,374.6,23.9,5.67,80.5,2
North,2021,Rice,206.68,4.76,983.8,316.8,31.9,6.86,125.9,18
South,2023,Wheat,332.67,2.13,708.59,228.8,30.5,5.92,119.8,1
South,2022,Soybean,902.16,1.5,1353.24,271.6,25,6.03,145.1,11
West,2022,Soybean,534.44,2.92,1560.56,306.9,35,5.66,60.9,17
East,2022,Barley,222.07,5.59,1241.37,362.5,24.2,6.47,172.9,9
South,2021,Barley,445.81,3.73,1662.87,366.6,28.9,5.57,58.7,9
South,2021,Wheat,204.28,2.6,531.13,379.3,28.4,7.19,118.1,12
South,2023,Rice,280.19,2.62,734.1,343.2,25.4,5.55,156.6,11
West,2020,Soybean,146.83,1.66,243.74,144,26.7,5.62,101.7,6
East,2021,Barley,494.4,3.37,1666.13,324.3,31,6.78,186.5,15
North,2023,Soybean,825.97,4.96,4096.81,344.4,26.4,7.33,163.3,8
West,2023,Corn,627.37,5.84,3663.84,363.4,24,7.28,113.9,4
West,2020,Soybean,645.71,3.51,2266.44,377.4,28.2,5.67,77.6,3
East,2022,Rice,280.53,1.84,516.18,252.7,15.7,6.08,56.5,8
East,2023,Rice,409.5,4.41,1805.9,296.5,17.2,6.54,170.2,17
West,2023,Soybean,860.72,4.78,4114.24,102.9,17.5,5.55,79.1,13
North,2023,Corn,179.07,1.36,243.54,271.8,23.5,6.56,90.5,0
West,2022,Rice,872.14,5.25,4578.73,242,32.4,6.4,51.6,5
East,2022,Barley,535.32,5.15,2756.9,388.7,27.9,6.68,52.7,5
North,2020,Soybean,853.43,3.36,2867.52,370.5,34.5,7.34,84.6,13
East,2021,Corn,386.21,3.8,1467.6,339.3,15.8,6.05,180.9,15
North,2022,Barley,404.96,4.57,1850.67,117.1,29.4,6.78,167.1,5
South,2021,Soybean,776.44,4.38,3400.81,220.6,21.3,6.36,165.5,19
East,2021,Corn,806.5,1.08,871.02,308.8,15.5,6.37,174.1,10
East,2022,Barley,306.68,1.61,493.75,108.9,31.5,6.79,78,13
West,2023,Rice,975.58,1.81,1765.8,170.7,18.3,7.4,196.9,8
East,2020,Soybean,176.04,4.78,841.47,366.3,19.3,7.23,84.8,6
East,2021,Soybean,161.65,3.2,517.28,138.9,21.8,6.78,72.5,7
South,2023,Rice,635.95,3.73,2372.09,115.4,30.8,6.42,94.2,11
East,2022,Wheat,750.47,4.86,3647.28,274.2,27.5,6.35,129.6,9
South,2021,Barley,964.8,2.7,2604.96,383.9,20.3,7.07,68.7,10
South,2021,Rice,464.45,4.74,2201.49,350.4,18.4,5.94,160.8,19
South,2021,Soybean,122.76,3.21,394.06,392.4,17.2,6.68,105.7,5
South,2023,Barley,642.61,2.89,1857.14,326.1,18,6.51,135.3,11
North,2023,Barley,360.73,2.67,963.15,231.2,32.4,6.8,160.1,12
West,2023,Wheat,489.65,5.82,2849.76,384,33.5,5.87,185.3,6
North,2021,Soybean,539.62,4.86,2622.55,228,34.4,6.89,172.9,8
East,2021,Corn,158.06,1.1,173.87,205,31.7,6.75,130.6,2
North,2020,Wheat,537.38,5.79,3111.43,234.5,32.7,5.86,198.7,2
North,2020,Wheat,483.69,4.88,2360.41,344.2,31.3,6.4,129.5,15
East,2023,Corn,741.29,1.75,1297.26,375.3,34.2,6.86,130.4,17
East,2023,Corn,681.1,1.38,939.92,207.3,31.9,7.3,73.8,12
East,2022,Wheat,266.69,2.54,677.39,238.7,24.2,5.74,72.3,8
North,2023,Barley,285.53,4.12,1176.38,369.5,21.5,5.52,75.3,5
North,2020,Rice,325.91,4.08,1329.71,114.1,26.7,5.83,138.8,14
East,2020,Rice,261.06,2.38,621.32,335.2,27.2,7.48,112.3,8
West,2020,Wheat,691.49,3.23,2233.51,236.3,26.5,7.04,107.9,17
West,2021,Barley,994.99,2.06,2049.68,213,29.1,6.73,69.1,19
South,2021,Corn,686.9,1.25,858.62,234.1,29,5.77,107.2,12
East,2023,Wheat,646.01,3.58,2312.72,225.6,16.7,6.33,106.7,0
South,2022,Soybean,468.94,2.73,1280.21,327,20.7,6.93,143.1,5
West,2022,Barley,381.32,3.71,1414.7,378.4,32.8,7.29,108.3,18
South,2022,Soybean,919.97,5.73,5271.43,247.4,26.8,6.26,112.8,0
East,2021,Soybean,972.1,1.72,1672.01,349.8,21.6,7.5,90.9,11
East,2020,Wheat,547.1,1.01,552.57,319.6,32,5.78,69.7,15
East,2020,Barley,361.18,1.38,498.43,199.2,20,6.27,95,3
North,2021,Soybean,793.11,3.31,2625.19,276.2,23.2,7.25,56.4,3
South,2022,Barley,219.21,4.53,993.02,300,20.5,6.8,80.6,9
West,2022,Rice,789.03,3.9,3077.22,107,32.4,7.12,98.7,13
West,2023,Soybean,837.05,3.47,2904.56,218.8,29.6,7.32,71.8,19
West,2023,Soybean,212.41,2.77,588.38,397.8,24.2,6.51,149.7,17
North,2022,Barley,979.18,2.55,2496.91,291.2,33.6,5.97,92.1,2
North,2021,Rice,986.96,2.88,2842.44,200.3,33.5,6.89,142.3,5
East,2022,Soybean,943.05,4.06,3828.78,175,29.2,6.63,146.6,17
West,2023,Wheat,546.43,1.84,1005.43,162.8,32.8,7.05,117.1,8
North,2022,Barley,321.47,4.86,1562.34,220.5,29.4,6.52,117.4,12
East,2021,Barley,623.81,3.88,2420.38,158,27.6,7.12,137.2,18
West,2020,Soybean,477.94,2.35,1123.16,140.6,23.4,7.3,89.4,9
South,2021,Rice,285.35,3.51,1001.58,209.2,20.5,7,53.2,15
East,2021,Soybean,481.31,5.81,2796.41,282.1,16.2,6.99,146.8,18
North,2023,Corn,697.5,1.1,767.25,143.9,31,6.67,141.3,5
North,2021,Soybean,163.82,2,327.64,113.3,17.4,6.44,121.5,1
East,2021,Corn,400.08,3.24,1296.26,110.4,23.2,7.45,181.4,15
East,2023,Wheat,116.02,4.19,486.12,180.2,19.7,6.79,126.3,19
North,2023,Barley,774.55,2.06,1595.57,157,24.1,7.18,95.5,13
South,2020,Barley,676.62,5.66,3829.67,261.8,21.3,6.51,157,0
West,2022,Rice,156.4,4.21,658.44,236.7,31.6,6.61,194.4,3
South,2021,Soybean,968.26,5.39,5218.92,197.4,34.6,6.83,160.5,4
East,2023,Wheat,120.36,2.65,318.95,350.1,33.8,6.96,186.3,9
South,2020,Corn,630.96,5.14,3243.13,251.5,27.4,6.4,66.9,17
North,2022,Rice,798.73,2.89,2308.33,127.5,34.6,6.21,68.1,8
East,2023,Wheat,809.11,2.26,1828.59,188.7,23,5.98,73.2,6
West,2022,Wheat,130.86,5.56,727.58,392,25.4,6.35,155.4,3
North,2022,Corn,915.77,1.46,1337.02,393.1,20.1,5.92,108.5,14
North,2021,Corn,926.61,5.71,5290.94,176.4,33,6.33,121.7,16
West,2021,Barley,605.25,3.29,1991.27,150.2,18.6,7.25,89.3,4
West,2023,Soybean,533.87,5.96,3181.87,248.7,27.2,7.45,160.4,10
South,2022,Rice,140.38,3.7,519.41,244.4,31,6.65,176.8,5
East,2023,Soybean,605.76,4.79,2901.59,223,26.9,5.79,74,4
West,2023,Rice,468.44,1.04,487.18,258.8,16.6,6.36,78.9,12
West,2022,Wheat,795.53,3.48,2768.44,169.7,27.2,6.7,100.9,5
East,2023,Corn,463.5,4.69,2173.82,134.5,30.3,6.24,92,14
West,2022,Corn,715.22,4.91,3511.73,271.1,18.8,5.91,129.7,12
West,2022,Wheat,191.27,1.79,342.37,379.8,29.7,5.95,162.9,12
South,2022,Wheat,219.66,3.09,678.75,141.3,32.6,6.45,169,9
North,2022,Rice,225.74,3.1,699.79,311.4,34.7,5.93,81.3,1
North,2020,Wheat,140.97,1.52,214.27,231.4,23.2,6,76.3,1
North,2022,Rice,587.2,3.22,1890.78,188.2,15.5,7.25,104.6,8
North,2021,Soybean,814.57,5.04,4105.43,355.9,23.4,7.06,72.2,19
West,2021,Corn,649.37,2.5,1623.42,236.9,28.2,5.61,63.8,9
East,2021,Corn,617.46,3.16,1951.17,275,32.8,6.14,86.4,10
East,2022,Corn,712.56,5.8,4132.85,232.9,33.8,6.56,109.1,7
South,2021,Soybean,405.68,1.16,470.59,124.4,33.2,5.62,138.2,17
South,2020,Soybean,425.76,3.96,1686.01,278.5,28.2,6.87,158.5,1
West,2023,Barley,382.84,4.72,1807,225.7,28.7,6.27,83.4,3
East,2022,Rice,740.9,4.8,3556.32,126,15,6.29,172.8,17
East,2021,Rice,245.48,4.58,1124.3,278.7,22.3,6.03,55.1,15
North,2020,Barley,111.72,4.63,517.26,103,33.1,6.17,116.6,1
West,2023,Corn,636.58,1.3,827.55,162.6,28.8,7.22,145,6
West,2020,Rice,948.14,3.67,3479.67,334.3,24.4,7.08,93.7,3
North,2021,Rice,648.47,4.91,3183.99,111.4,17.1,7.37,152.6,4
West,2020,Corn,804.63,1.47,1182.81,294,19.9,6.9,180.1,17
West,2023,Wheat,705.51,1.06,747.84,384.9,26.1,6.66,63.4,9
South,2021,Wheat,547.69,5.07,2776.79,151.4,33,6.02,126.9,8
East,2023,Barley,746.55,4.56,3404.27,225.1,16.9,6.83,52.8,15
West,2020,Soybean,841.69,3.06,2575.57,272.6,18.1,7.31,91.9,18
South,2022,Rice,302.26,5.7,1722.88,235.1,28.1,5.64,70.5,16
East,2022,Rice,402.52,4.83,1944.17,286.1,20.9,6.39,143.6,3
North,2022,Barley,301.35,5.84,1759.88,221.2,18.4,5.8,87.3,0
South,2022,Barley,506.96,5.65,2864.32,144.6,18.6,7.12,92.4,5
South,2023,Rice,896.56,3.41,3057.27,126.7,24.9,6.73,80.8,15
East,2022,Corn,410.69,4.77,1958.99,323.3,26.7,7.26,86.6,12
North,2023,Corn,437.02,4.35,1901.04,171.6,33.1,5.63,83.8,3
South,2021,Soybean,874.33,5.06,4424.11,354.2,25.6,7.31,154.7,19
West,2022,Rice,563.84,4.94,2785.37,322.9,28.8,5.63,193.4,8
West,2023,Rice,581.9,1.77,1029.96,114.8,18.6,6.08,123.5,3
West,2022,Rice,874.72,2.17,1898.14,160.4,29.3,5.81,140.1,4
North,2022,Rice,541.47,2.33,1261.63,187.6,28,5.79,172.7,3
South,2022,Barley,713.4,5.09,3631.21,278.3,19.3,5.84,121.4,10
West,2023,Wheat,177.08,5.05,894.25,342.9,28.4,6.46,95.3,16
North,2020,Rice,260.77,3.48,907.48,118.1,19.2,7.07,192.6,6
West,2022,Wheat,463.94,3.9,1809.37,174.9,26.9,7.3,185.9,8
East,2022,Corn,545.36,5.13,2797.7,212.9,28.4,6.63,83.1,16
South,2021,Soybean,969.16,2.56,2481.05,155,28.9,5.82,155.5,18
South,2020,Corn,973.59,1.25,1216.99,263.6,33.2,5.66,147.1,12
North,2023,Rice,866.08,3.41,2953.33,243.4,34,6.49,147.4,3
North,2021,Corn,384.04,5.57,2139.1,194.9,31.2,7.03,174.6,8
South,2022,Barley,967.63,4.95,4789.77,255.1,32.6,6.74,151.1,10
West,2021,Wheat,720.41,2.83,2038.76,206.7,15.4,6.67,127.7,12
West,2021,Rice,453.65,1.32,598.82,203,22.3,5.6,176.9,15
East,2022,Barley,731.51,4.18,3057.71,179.6,15.8,6.32,89.7,9
West,2020,Wheat,114.87,5.17,593.88,262.1,19.5,6.6,151.9,3
North,2020,Barley,231.54,4.32,1000.25,233.2,22.6,6.7,155.2,2
North,2021,Corn,846.72,3.13,2650.23,158.9,32.4,5.51,180.5,6
West,2022,Rice,681.02,1.62,1103.25,103.9,25.2,5.9,199.7,11
North,2023,Corn,427.78,5.55,2374.18,145.3,28,7.4,133.6,17
South,2021,Soybean,550.6,2.38,1310.43,112.9,22.3,6.52,122.7,4
South,2023,Rice,914.63,2.12,1939.02,229.5,27.1,6.91,140.1,16
West,2021,Corn,668.42,5.08,3395.57,167.5,31.3,6.12,148.8,4
South,2021,Rice,458.33,5.91,2708.73,226.1,21,6.67,156.9,19
South,2022,Wheat,208.29,4.3,895.65,198.8,33.6,6.21,92.2,11
East,2022,Rice,364.37,4.12,1501.2,261.4,19.3,6.09,123.1,15
East,2023,Rice,980.51,2.6,2549.33,317.2,33.4,6.32,105.6,15
South,2023,Wheat,493.63,1.1,542.99,243.8,15.6,6.42,55.8,6
West,2020,Corn,524.66,1.96,1028.33,118.6,25.9,6.16,141.4,19
East,2022,Rice,548.74,3.92,2151.06,105.3,34.7,6.02,181.2,12
North,2021,Barley,895.69,1.76,1576.41,164,27.2,6.75,188.2,4
North,2021,Rice,643.54,5.42,3487.99,227.5,26.1,6.26,127.6,18
North,2020,Corn,724.31,1.94,1405.16,113.5,28.6,5.9,164.9,19
West,2022,Wheat,450.47,3.61,1626.2,198.3,20.8,7.02,156.9,15
South,2021,Corn,126.18,3.56,449.2,366.1,16.1,6.95,84.3,9
North,2020,Soybean,937.88,4.02,3770.28,127,20,7.27,59.4,11
West,2020,Rice,954.21,2.64,2519.11,384.6,18.5,6.61,162.2,5
East,2021,Rice,954.24,5.37,5124.27,357,33.5,6.06,92.4,18
South,2021,Wheat,949.32,3.22,3056.81,349.5,32,7.23,132.4,1
East,2023,Rice,833.72,4.5,3751.74,359.1,21.4,6.06,128.6,7
West,2022,Barley,716.14,4.18,2993.47,124,31.7,6.81,172.7,19
North,2023,Barley,860.06,1.59,1367.5,145.4,19.2,5.88,146.7,8
North,2020,Corn,640.49,4.11,2632.41,140.3,19,6.76,177.1,2
West,2021,Wheat,220.93,3.75,828.49,133.4,30.4,7.18,162.8,6
North,2023,Soybean,452.1,5.49,2482.03,198.3,21.5,6.58,200,2
South,2020,Corn,974.17,5.4,5260.52,349.1,16.3,6.44,179.6,10
West,2022,Wheat,416.02,1.75,728.04,175.6,29.4,7.49,81.7,11
East,2021,Wheat,881.05,1.41,1242.28,173.3,34.8,5.54,194.2,12
West,2023,Corn,183.89,2.47,454.21,302.8,26.3,6.16,101,3
South,2022,Corn,400.77,5.93,2376.57,129.1,20.3,7.34,141.2,1
South,2023,Rice,415.86,1.11,461.6,208.1,22.5,6.79,191.2,5
West,2020,Soybean,146.44,4.36,638.48,188.6,28,6.58,82.1,11
West,2022,Barley,207.18,4.04,837.01,354.2,29,6.78,178.6,9
North,2023,Rice,273.85,4.23,1158.39,254.4,32.7,6.14,193,19
South,2022,Wheat,854.03,2.09,1784.92,293.9,33.2,5.64,178.1,3
West,2020,Soybean,157.06,2.13,334.54,138.7,32.2,6.05,172.9,16
West,2022,Soybean,368.83,3.15,1161.81,378.7,28,6.17,89.7,11
South,2023,Corn,109.16,1.48,161.56,196.7,24,6.46,111.1,18
West,2020,Soybean,726.06,1.37,994.7,312.1,28.6,6.29,164.1,14
North,2021,Soybean,658.27,1.44,947.91,386.4,28.3,6.54,67.7,1
South,2023,Wheat,680.48,3.86,2626.65,252.6,19.4,5.89,183.3,6
North,2023,Rice,436.94,2.99,1306.45,252.3,25.2,5.87,81.5,18
North,2020,Soybean,287.44,2.47,709.98,135.2,19.2,6.2,134.7,7
North,2020,Corn,748.29,2.58,1930.59,217.1,33,6.45,65.8,17
North,2021,Rice,830.01,2.04,1693.22,355.7,21.5,6.18,77.8,13
South,2023,Corn,224.74,3.06,687.7,140.5,31.1,6.65,137.8,7
North,2020,Soybean,538.15,2.02,1087.06,375.3,22.5,6.12,145.2,5
North,2021,Rice,323.84,4.49,1454.04,300.2,30.3,5.85,90.5,2
West,2021,Soybean,251.3,1.62,407.11,226.3,19.4,7.23,67.9,11
South,2020,Wheat,760.89,5.74,4367.51,263.9,30.3,5.9,132.4,0
South,2023,Rice,584.29,1.45,847.22,145.1,18.6,7.43,176.1,16
East,2022,Corn,294.57,5.72,1684.94,165.2,24.8,7.47,80.2,4
South,2022,Wheat,379,5.17,1959.43,185.9,17.3,6.89,153.7,11
South,2021,Barley,969.99,4.4,4267.96,215.5,25.6,6.5,107.9,17
East,2022,Corn,863.81,5.56,4802.78,374.7,31.4,7.09,191.5,12
South,2022,Soybean,891.95,1.7,1516.32,210.3,30.1,7.25,62.4,8
South,2020,Corn,514.01,1.88,966.34,257.2,16,6.92,56,2
South,2021,Barley,661.43,2.26,1494.83,148.6,24.8,5.7,68.6,3
South,2023,Corn,439.09,2.22,974.78,320.8,32,5.51,167.4,9
East,2021,Wheat,169.94,2.55,433.35,268.1,28,5.88,188.4,9
South,2020,Corn,460.96,3.88,1788.52,232,16.2,5.88,173.4,1
South,2022,Rice,634.58,1.14,723.42,384.2,21.5,5.87,157.7,17
East,2023,Barley,358.43,2.91,1043.03,367.2,26.1,6.52,58.6,2
West,2021,Corn,863.16,2.23,1924.85,297.9,18.5,6.54,82.1,10
North,2022,Barley,235.99,4.03,951.04,376.5,28.6,6.95,190.3,4
West,2021,Wheat,430.42,5.93,2552.39,269.4,27.7,5.9,143.4,14
East,2023,Rice,212.41,3.59,762.55,348.1,19,5.69,120.2,16
North,2021,Soybean,464.35,3.13,1453.42,222.8,26,6.83,147.8,1
East,2021,Corn,135.7,2.84,385.39,126,31.2,6.47,76.8,4
East,2021,Wheat,345.29,4.92,1698.83,398.2,22.5,6.83,183.9,16
South,2022,Barley,460.66,1.36,626.5,149.7,19.9,6.26,148.4,10
North,2023,Barley,530.35,5.8,3076.03,175.5,29,7,120.7,9
South,2023,Wheat,589.33,3.09,1821.03,148.9,16.4,6.87,118.6,18
North,2022,Corn,347.49,2.57,893.05,201.2,31.7,6.8,173.4,5
East,2022,Soybean,570.74,5.87,3350.24,186.8,33.9,5.56,96.2,9
East,2022,Corn,558.1,5.68,3170.01,280.3,34.3,7.22,70.6,10
West,2020,Rice,384.56,4.21,1619,398.9,23.7,6.25,77.9,6
North,2021,Corn,847.18,1.09,923.43,115.8,27.5,5.77,62.2,15
South,2021,Rice,591.08,4.74,2801.72,333.5,32.1,7.01,126.2,12
West,2023,Barley,399.04,2.68,1069.43,138.4,19.5,6.47,151.6,10
West,2021,Rice,952.6,2.94,2800.64,106,15.6,5.56,190.1,2
West,2020,Soybean,860.6,1.79,1540.47,291.6,22.7,7.06,162.6,7
South,2022,Wheat,984.33,3.62,3563.27,362,32.7,6.37,137.5,3
West,2023,Rice,723.01,4.72,3412.61,152.9,25.1,7.01,179.6,6
South,2023,Corn,440.4,2.37,1043.75,202.5,25.6,7.01,183.8,9
West,2021,Rice,352.77,5.69,2007.26,150.6,28.8,5.7,156.9,11
South,2023,Barley,696.99,1.97,1373.07,372,26.5,6.73,58.4,10
East,2022,Rice,982.73,1.33,1307.03,181.1,16.1,6.22,93.8,4
East,2023,Soybean,664.04,4.22,2802.25,233.4,26.2,6.59,100.4,4
East,2022,Rice,893.45,5.25,4690.61,368.4,28,5.68,199.6,18
East,2020,Soybean,396.19,5.77,2286.02,265.9,27.8,6.68,119.6,14
East,2020,Corn,466.26,4.84,2256.7,379.9,29.6,7.06,164.3,6
West,2022,Barley,915.65,2,1831.3,377.9,25.4,7.47,172.1,3
West,2021,Wheat,781.18,5.89,4601.15,238.5,33,6.14,148,6
West,2023,Corn,983.27,5.6,5506.31,274.7,24.3,5.81,52.7,6
South,2021,Corn,797.29,1.82,1451.07,169.1,25.4,6.23,52.9,9
South,2023,Wheat,503.66,3.79,1908.87,397.2,30.6,5.54,172.8,3
South,2020,Rice,577.96,3.78,2184.69,183.5,31.7,6.32,160.9,17
South,2020,Rice,910.46,3.21,2922.58,335,28,7.33,130.4,5
East,2020,Rice,596.48,5.92,3531.16,193.9,17.5,5.89,87.3,0
East,2023,Barley,329.86,1.3,428.82,193.9,21.6,6.46,63,1
East,2020,Corn,492.06,4.14,2037.13,131.2,15.4,6.65,74.6,2
North,2020,Soybean,564.68,2.03,1146.3,268,20.9,5.86,137,6
West,2020,Wheat,187.05,3.64,680.86,173.4,26.4,6.16,131.9,1
South,2020,Corn,769.39,4.9,3770.01,144.5,31.1,7.32,191.2,13
South,2021,Rice,198.42,2.23,442.48,168,26.7,6.09,193.6,4
East,2020,Wheat,464.43,2.97,1379.36,175.3,15.8,6.77,136.4,4
South,2020,Soybean,824.16,5.75,4738.92,251.2,20.2,5.77,176.2,15
South,2021,Corn,520.81,4.81,2505.1,215.8,26.6,6.84,171.8,14
West,2021,Corn,857.81,3.86,3311.15,122.6,29.2,6.06,162.9,15
East,2023,Barley,407.69,2.11,860.23,260.8,32.3,5.96,115.6,8
West,2022,Corn,961.87,3.13,3010.65,336.3,34.4,5.75,108.4,7
North,2020,Corn,288.52,4.87,1405.09,272.3,32.8,5.59,89.6,1
North,2020,Soybean,134.44,5.1,685.64,392.4,24.3,7.44,190.6,9
North,2020,Soybean,885.18,2.22,1965.1,129.7,29.9,6.33,175.2,17
East,2023,Wheat,776.98,4.31,3348.78,346.3,19.8,7.06,76.6,17
South,2020,Rice,308.79,1.48,457.01,251.7,16.3,7.34,87.9,18
East,2022,Soybean,986.27,1.12,1104.62,256.5,16.1,5.91,137.2,4
East,2021,Wheat,552.05,3.74,2064.67,255.7,19.8,7.24,112,0
South,2023,Corn,955.96,2.12,2026.64,197.6,15.8,6.92,82.1,10
West,2021,Wheat,554.53,1.39,770.8,197.4,32,6.66,168.7,10
North,2020,Wheat,524.69,4.65,2439.81,289.6,24.8,7.12,50.2,2
West,2020,Wheat,504.22,3.49,1759.73,113.4,31.2,5.72,101.5,2
North,2020,Wheat,401.39,4.98,1998.92,276.6,33.8,6.03,189.4,15
East,2022,Soybean,580.33,4.32,2507.03,317.4,34.9,5.76,164.1,19
North,2022,Rice,507.3,4.65,2358.95,206.9,33.7,7.29,110.2,14
East,2023,Wheat,133.07,2.54,338,165.2,29.3,5.7,189.3,12
West,2021,Barley,334.39,2.32,775.78,164,23.8,7.46,185.1,9
East,2020,Corn,291.81,4,1167.24,124.6,27,5.72,57.9,18
West,2020,Corn,880.69,2,1761.38,126.9,31.3,6.82,69.2,9
South,2020,Corn,638.98,5.08,3246.02,150,33,6.82,108.1,15
South,2020,Corn,787.31,3.61,2842.19,105.8,34.1,7.36,189.4,5
South,2022,Corn,961.14,2.13,2047.23,179.9,29.6,6.15,176.6,4
East,2021,Wheat,679.64,4.13,2806.91,191.9,25.8,6.16,57.2,14
South,2021,Rice,984.35,5.73,5640.33,398.6,34.4,7.19,126.8,16
North,2023,Barley,380.59,1.41,536.63,397.5,34.2,7.46,158,3
West,2022,Soybean,267.64,1.55,414.84,156.1,24.6,5.56,91.4,7
West,2020,Barley,462.98,5.22,2416.76,163.9,28,6.77,158.4,11
North,2021,Soybean,523.72,1.55,811.77,247.6,31.2,5.99,105.5,12
East,2021,Soybean,905.83,1.2,1087,144.6,23.7,6.96,91.1,8
East,2022,Barley,603.95,2.74,1654.82,251.2,31.6,7.05,108.9,14
West,2023,Wheat,362.96,3.33,1208.66,219.8,17.2,7.03,192.6,10
South,2023,Corn,768.37,3.85,2958.22,197.4,24.6,6.37,185.8,14
East,2020,Wheat,555.25,3.54,1965.58,346.8,24.7,5.82,187.1,14
East,2023,Corn,245.92,5.57,1369.77,348.4,28.7,6.67,187.6,3
North,2021,Rice,619.14,4.84,2996.64,396.4,17.3,7.08,76.7,15
North,2023,Soybean,920.26,5.92,5447.94,166.9,17.1,7.32,184.4,9
South,2020,Barley,858.36,3.38,2901.26,366.5,33,6.41,81.8,1
East,2021,Rice,628.13,1.42,891.94,261.4,21.1,5.99,175.7,11
East,2023,Corn,439.37,5.78,2539.56,277.4,21.5,5.74,131.3,7
North,2023,Wheat,178.28,1.02,181.85,368.9,30.5,7.1,86,16
East,2022,Barley,522.68,4.88,2550.68,382.8,23.3,6.57,109.8,4
West,2020,Soybean,776.87,1.16,901.17,318,31.7,6.85,115,18
North,2023,Rice,424.25,4.81,2040.64,204.4,23,5.82,160,10
South,2022,Soybean,311.9,5.69,1774.71,246.9,30.2,5.51,140.9,16
North,2021,Corn,938.24,2.95,2767.81,284.5,25.5,7.44,172.5,5
East,2022,Soybean,839.4,2.2,1846.68,348.6,33.7,7.12,109.5,11
South,2022,Wheat,674.45,2.13,1436.58,297.4,21.5,6.3,161.5,6
North,2023,Rice,223.11,3.46,771.96,209.6,22.3,6.41,168.9,15
West,2023,Rice,230.42,1.85,426.28,225.4,34.4,7.36,59.5,2
West,2023,Wheat,192.9,4.36,841.04,115.1,29.8,5.92,106.3,11
North,2022,Soybean,654.67,2.84,1859.26,377.3,30.5,7.11,182.9,7
West,2021,Wheat,204.01,2.62,534.51,126.4,20.9,5.54,155.7,2
West,2020,Barley,858.36,3.31,2841.17,274,25.6,7.25,112.8,14
West,2022,Wheat,993.67,3.71,3686.52,361.5,21.3,6.68,77.4,5
South,2023,Soybean,429.71,1.71,734.8,226.3,20.2,6.46,64.5,7
West,2020,Wheat,508.3,4.54,2307.68,340,25.7,6.91,84.4,11
West,2021,Corn,740.5,5.41,4006.1,341.1,34.8,5.64,86.7,12
West,2020,Wheat,943.44,2.39,2254.82,118,19.3,5.89,105.6,16
South,2023,Wheat,904.68,1.9,1718.89,223.6,19.9,6.31,76.5,16
North,2022,Soybean,151.83,4.8,728.78,307.3,19.9,6.74,71.9,13
East,2022,Barley,252.16,1.92,484.15,226.7,30.8,5.79,176.6,15
West,2023,Barley,779.14,1.21,942.76,263.6,25.2,6.26,87.4,10
North,2022,Soybean,720,4.1,2952,278.3,22.7,6.02,134.2,5
West,2023,Soybean,219.9,2.2,483.78,145.4,31.9,6.79,79.9,9
South,2022,Soybean,551.86,1.86,1026.46,223.6,20.9,7.34,123.8,6
North,2022,Corn,802.73,5.91,4744.13,108.5,22.8,5.83,91.5,8
South,2022,Rice,296.9,2.46,730.37,144.9,16.5,5.88,63,9
West,2021,Wheat,884.16,5.52,4880.56,253.7,17.4,6.7,197.3,11
West,2021,Soybean,147.67,1.89,279.1,272.1,17.7,6.41,118.7,18
South,2023,Soybean,803.98,5.09,4092.26,143.9,21.9,6.94,109,11
East,2021,Soybean,654.24,3.51,2296.38,326.7,25.5,6.08,79.9,18
South,2023,Barley,383.68,1.39,533.32,211.9,15,6.59,124.3,14
West,2020,Soybean,748.84,4.67,3497.08,376.2,18.8,6.27,145.3,19
South,2020,Wheat,804.13,5.46,4390.55,216.3,18.5,6.06,95.7,5
East,2021,Soybean,940.51,1.82,1711.73,144.9,20.1,6.96,122.1,14
South,2020,Wheat,431,4.63,1995.53,327.4,18.3,7.09,85.6,19
East,2020,Corn,717.42,3.23,2317.27,270.3,18.9,6.16,129.2,15
East,2022,Rice,642.35,4.77,3064.01,216,34.7,6.75,168.1,1
South,2022,Barley,572.69,4.57,2617.19,206.8,26.9,5.86,59,17
South,2023,Wheat,901.37,1.13,1018.55,145.2,30.3,7.08,127.7,4
North,2020,Corn,102.85,1.89,194.39,202.3,31.4,6.06,109.9,7
West,2023,Rice,353.9,3.36,1189.1,108.8,28.4,5.84,61.1,10
East,2023,Rice,584.45,5.67,3313.83,250.7,29.1,7.38,191.1,14
North,2020,Rice,260.46,2.71,705.85,369,27.6,6.34,89,4
South,2021,Wheat,917.08,4.14,3796.71,338.6,28,6.79,134.7,13
West,2020,Corn,682.84,1.06,723.81,108.6,33.6,7.12,105.9,9
North,2022,Soybean,530.09,4.56,2417.21,364.4,18.7,6.87,90.7,5
East,2020,Corn,833.23,4.02,3349.58,235.7,20.5,6.63,129.1,13
North,2021,Corn,505.8,4.58,2316.56,157.3,16.9,6.24,153.4,19
East,2023,Corn,602.79,5.52,3327.4,325.7,31.7,7.34,167.8,3
South,2023,Wheat,102.48,1.73,177.29,196.9,24,5.77,145.1,13
West,2022,Wheat,429.13,2.31,991.29,176,33.1,7.27,128.9,2
West,2022,Wheat,224.91,5.98,1344.96,148.4,23.2,6.92,166.6,17
West,2022,Corn,720.72,1.78,1282.88,246,23.9,6.64,127.6,19
South,2023,Wheat,531.12,4.6,2443.15,128,24,6.15,196.1,10
East,2022,Rice,371.58,4.63,1720.42,335.7,27.2,5.79,129,11
South,2020,Wheat,521.05,4.41,2297.83,241.2,30.3,6.39,97.6,15
West,2023,Barley,288.67,2.14,617.75,234.1,22,7.07,117,19
South,2021,Wheat,932.58,2.08,1939.77,100.6,27.6,6.99,123.5,8
South,2023,Wheat,148.58,4.33,643.35,345.4,19.1,6.79,92.5,10
South,2020,Wheat,878.88,1.93,1696.24,247.9,26.1,7.48,73.8,8
East,2020,Wheat,560.22,4.31,2414.55,232,25.9,7.45,114.7,8
North,2022,Barley,657.05,3.46,2273.39,328.4,32.8,6.3,184.6,6
North,2023,Soybean,372.35,2.93,1090.99,118.9,32.9,5.89,88.3,8
South,2023,Wheat,970.03,2.5,2425.07,210,24.7,6.43,104.3,0
North,2023,Rice,353.67,5.74,2030.07,272.7,15.5,7.19,163.7,3
North,2021,Barley,629.99,3.54,2230.16,238.2,31.9,6.42,62.3,5
South,2022,Soybean,994.08,3.81,3787.44,154.5,15,6.17,173.8,10
South,2020,Wheat,892.98,5.75,5134.64,189.8,24.6,6.98,158,16
West,2020,Soybean,582.7,4.27,2488.13,190.1,15.4,6.8,132.5,0
North,2022,Rice,991.34,5.79,5739.86,397.6,22.1,7.44,81.4,13
East,2020,Barley,731.23,1.53,1118.78,197.9,27.7,6.6,63.9,16
South,2020,Barley,287.83,5.23,1505.35,161.6,22.4,7.43,84.8,16
West,2022,Soybean,465.04,2.68,1246.31,346.8,33.5,6.08,164.2,8
East,2020,Wheat,401.04,5.05,2025.25,226.4,27.8,7.23,190,9
North,2023,Corn,409.61,5.28,2162.74,233.2,27.9,6.2,160.7,17
West,2021,Barley,784.41,2.36,1851.21,264.7,22.5,7.12,129.1,8
South,2022,Corn,625.84,3.04,1902.55,278.7,15.8,7.35,192.6,12
East,2021,Barley,134.28,4.63,621.72,277.2,29.8,6.75,174.3,10
South,2020,Wheat,889.7,1.5,1334.55,110.3,29.3,6.96,148.4,1
North,2020,Wheat,367.12,4.78,1754.83,345.7,25.6,7.42,55.7,3
East,2023,Barley,997.37,1.55,1545.92,158.5,23.3,6.25,93.2,10
North,2022,Soybean,958.77,5.57,5340.35,187.7,25.8,6.52,96.2,8
North,2020,Wheat,946.48,2.38,2252.62,152,29.9,7.3,102.1,11
West,2022,Wheat,830.01,3.88,3220.44,330.1,29.3,6.85,108.4,16
South,2022,Rice,298.55,1.59,474.69,275.1,28.2,7.25,190.9,1
East,2022,Wheat,579.37,2.35,1361.52,326.6,33.1,6.74,161.3,13
North,2022,Rice,301.87,3.02,911.65,296,27.2,6.98,153.8,19
North,2022,Wheat,333.71,3.44,1147.96,131.2,15.3,5.53,114,8
East,2021,Wheat,649.86,1,649.86,190.4,27.4,6.18,100.6,3
North,2023,Soybean,136.75,5.44,743.92,252.2,27.3,7.04,67.9,4
West,2022,Soybean,972.51,1.04,1011.41,191.5,16.4,6.31,118,16
West,2021,Wheat,926.81,4.87,4513.56,162.2,23.6,6.23,80.8,12
West,2020,Barley,442.69,3.35,1483.01,360.9,28,7.4,108.7,13
West,2022,Barley,563.88,3.62,2041.25,324.3,29.1,6.61,73.5,17
North,2020,Wheat,519.51,2.04,1059.8,203.6,32.9,5.88,101.6,8
East,2022,Barley,893.98,4.04,3611.68,329.5,31.8,6.44,56.4,9
East,2021,Wheat,719.74,3.69,2655.84,288.3,17.3,6.54,50.9,11
East,2021,Soybean,350.3,1.82,637.55,101.1,27.2,7.48,180.5,8
East,2021,Corn,502.16,2.19,1099.73,214.1,26.9,6.94,146.2,11
South,2023,Rice,486.07,1.33,646.47,187.1,21.1,6.54,138.1,9
East,2020,Barley,963.4,1.33,1281.32,165.4,18.7,6.36,127.1,5
South,2023,Barley,257.78,1.07,275.82,175.5,19,7.33,159,8
South,2022,Soybean,180.62,2.1,379.3,382.7,18.6,6.79,160.4,19
West,2020,Barley,892.56,4.4,3927.26,245.9,31.1,6.21,190.3,13
South,2021,Wheat,907.02,2.58,2340.11,354.3,18,6.43,86.7,13
North,2020,Wheat,884.57,2.71,2397.18,164.3,20.3,6.06,167.8,12
South,2021,Corn,559.88,1.66,929.4,152.3,19.4,7.42,198.7,3
West,2023,Corn,693.77,3.88,2691.83,366.6,29.3,6.9,54.4,6
South,2023,Corn,607.03,2.71,1645.05,248.7,18.2,6.28,106.1,4
North,2021,Wheat,162.5,4.38,711.75,368.5,15.5,5.87,115.4,3
North,2021,Corn,636.25,4.71,2996.74,118.9,22.5,5.85,173.3,17
North,2022,Corn,112.25,3.92,440.02,374.9,21.1,6.46,52.1,1
West,2023,Wheat,392.49,2.38,934.13,224.6,23,6.44,139.8,19
West,2023,Soybean,939.06,3.54,3324.27,146.6,30.1,6.34,183.9,9
East,2022,Barley,373.64,2.26,844.43,305,15.2,7.2,72.1,7
West,2023,Rice,945.84,5.51,5211.58,339.1,15.8,7.46,67.3,19
North,2021,Wheat,325.12,4.83,1570.33,114.2,20.1,6.21,200,8
North,2020,Wheat,383.11,3.47,1329.39,396.2,32.8,6.09,173.9,2
West,2020,Rice,665.57,5.83,3880.27,309.1,18.4,7.04,154.6,17
South,2023,Rice,785.46,3.73,2929.77,196.4,34.9,6.4,109.8,19
West,2022,Corn,551.25,2.64,1455.3,145.4,31.1,5.94,178.1,12
West,2021,Rice,893.9,1.48,1322.97,217.8,24.1,5.86,188.4,10
North,2020,Barley,136.22,3.72,506.74,166.2,30,6.06,159.9,19
East,2021,Barley,929.98,5.3,4928.89,248.2,25.4,5.5,109.7,9
North,2023,Barley,276.68,5.33,1474.7,334.6,26.3,7.38,137.5,12
East,2023,Barley,895.81,4.02,3601.16,298,26.6,6.36,64.8,2
North,2020,Barley,460.78,2.97,1368.52,230.8,28,5.67,73.7,2
West,2023,Corn,849.48,4.25,3610.29,135.7,16.2,5.83,167.5,19
North,2022,Wheat,704.5,4.81,3388.64,387.1,27.3,6.15,54.4,19
North,2023,Rice,258.35,3.06,790.55,181.1,29.3,6.6,57.4,16
North,2023,Wheat,926.24,3.38,3130.69,183.4,21.2,6.91,126.2,11
West,2023,Rice,320.97,4.4,1412.27,293.7,34.6,6.12,75.6,12
West,2021,Corn,319.73,5.38,1720.15,331.2,17.9,7.42,94.1,15
West,2021,Corn,832.76,4.96,4130.49,395.2,33.2,7.02,109.8,18
West,2020,Soybean,195.29,1.11,216.77,390.7,28.5,7.15,128.3,6
East,2020,Soybean,299.83,1.62,485.72,374.1,28.3,6.15,92.5,6
East,2020,Corn,553.31,5.26,2910.41,230.6,32.5,6.26,122.5,16
South,2023,Corn,847.43,5.17,4381.21,150,31.6,6.58,105.6,14
West,2021,Rice,232.74,2.94,684.26,275.3,21.9,6.4,62.2,3
East,2022,Corn,592.9,3.92,2324.17,105.2,29.1,6.02,180.1,12
North,2023,Wheat,740.12,5.53,4092.86,158.9,16,7.49,92.2,16
West,2023,Rice,874.54,5.56,4862.44,100.8,24.3,7.2,141.4,0
South,2023,Corn,942.01,4.92,4634.69,154.2,33.8,5.98,135.5,7
South,2022,Rice,806.18,2.05,1652.67,242.4,20.5,7.28,79.9,17
South,2020,Rice,687.55,4.65,3197.11,218,16,6.67,54.5,15
North,2022,Barley,490.26,1.51,740.29,210.8,26.7,5.53,178.5,15
East,2020,Soybean,200.9,5.47,1098.92,349.3,22.1,6.19,124.7,8
North,2022,Rice,738.76,1.75,1292.83,302.5,22.6,5.55,112.2,16
West,2021,Rice,993.46,4.31,4281.81,380.9,26.6,5.68,164.4,8
South,2023,Barley,763.08,4.05,3090.47,233.6,27.4,5.86,55,16
North,2023,Corn,115.04,4.88,561.4,181.7,23.7,6.47,164.8,9
North,2023,Rice,546.63,3.76,2055.33,136.8,25.2,6.26,111.3,14
East,2020,Barley,653.18,1.3,849.13,301.6,34.9,5.8,132.7,7
East,2022,Wheat,720.71,4.53,3264.82,352.5,34.1,6.29,162.9,16
South,2021,Barley,747.75,2.92,2183.43,155.1,29.1,6.11,132,7
North,2022,Soybean,602.3,2.6,1565.98,363.6,18.2,6.32,59.3,16
North,2023,Soybean,301.02,5.96,1794.08,257.9,22.2,5.84,159.3,12
East,2021,Corn,947.98,3.95,3744.52,143.2,32.7,6.72,168,7
North,2021,Corn,727,4.55,3307.85,292.9,23.5,5.59,119.3,1
North,2023,Soybean,313.16,3.63,1136.77,256,34.1,6.28,115.9,14
North,2022,Soybean,390.09,4.85,1891.94,108.5,24.8,7.29,87.8,5
East,2023,Rice,929.73,4.76,4425.51,219.8,32.2,6.34,146.6,7
South,2022,Soybean,898.74,4.29,3855.59,335.4,15.7,6.38,182.3,2
West,2021,Corn,464.63,5.99,2783.13,266.6,23.7,5.64,148.4,15
South,2021,Soybean,134.48,3.3,443.78,184.6,29,6.71,165.7,1
West,2023,Corn,143.65,4.53,650.73,378.6,32.3,7.37,175.6,9
North,2021,Wheat,355.53,4.99,1774.09,171.3,27.2,6.08,83.9,2
South,2020,Soybean,666.21,2.88,1918.68,175.8,18.5,6.29,110.3,10
West,2021,Corn,625.78,3.29,2058.82,206.4,32.7,6.68,115.4,14
East,2020,Barley,670.45,5.85,3922.13,368.4,26.5,5.69,133.8,1
East,2021,Rice,745.55,1.16,864.84,252.3,17.2,7.4,57.4,8
South,2023,Corn,117.13,2.68,313.91,304.7,24.3,6.44,138.3,18
South,2023,Soybean,194.58,3.43,667.41,392.9,29,5.73,63.3,16
North,2020,Soybean,423.54,1.01,427.78,335,24,6.17,171,0
South,2023,Wheat,239.37,5.5,1316.54,151.8,32.4,6.25,194.5,7
North,2021,Barley,167.79,2.43,407.73,336.5,23.5,6.19,93.5,0
North,2021,Corn,676.87,2.29,1550.03,324.5,26.7,6.89,126,10
East,2023,Barley,833.8,5.1,4252.38,169.8,19.2,6.19,173.5,15
East,2021,Wheat,777.36,2.39,1857.89,197.6,25.3,6.15,97.2,6
West,2022,Rice,835.34,4.29,3583.61,313,19.5,6.14,73.7,14
East,2022,Barley,699.27,5.11,3573.27,171.5,19.5,7.06,160.9,6
East,2021,Wheat,761.81,4.96,3778.58,162.5,20.6,6.12,154.8,5
South,2023,Corn,344.6,4.91,1691.99,311,15.9,5.53,135.5,3
East,2020,Rice,993.71,1.44,1430.94,364.2,18.3,6.23,191.7,3
West,2023,Soybean,264.85,1.4,370.79,122.5,23.5,6.06,193.3,9
South,2020,Wheat,293.04,2.53,741.39,233.8,17.6,7.32,179.2,18
West,2023,Soybean,360.03,1.18,424.84,282.2,17.7,6.46,94,9
East,2021,Rice,977.8,3.5,3422.3,302.9,34.4,5.97,83.8,11
West,2022,Wheat,989.46,2.97,2938.7,398.9,23.5,7.46,175.4,19
South,2023,Wheat,815.4,3.79,3090.37,304.8,23.1,5.99,147.7,8
North,2020,Rice,666.15,2.49,1658.71,286,20.4,7.03,109.4,6
West,2022,Corn,568.06,3.43,1948.45,396.9,25.2,6.8,111.5,0
West,2020,Wheat,973.56,2.67,2599.41,118.2,26.9,6.42,178,19
South,2021,Rice,726.06,1.98,1437.6,122.3,23.4,6.31,74.5,5
South,2022,Barley,950.26,4.25,4038.6,268.2,22.9,7.24,191.6,15
West,2020,Soybean,384.9,4.37,1682.01,207.6,29,6.45,145,15
East,2023,Wheat,400.4,5.15,2062.06,129,34,6.25,168.7,1
West,2021,Barley,869.25,5.37,4667.87,191.9,32.6,6.21,105.6,2
South,2021,Wheat,234.87,4.52,1061.61,302.3,17.4,6.05,138,18
North,2021,Corn,951.34,4.44,4223.95,364.2,28,6.32,162.5,5
North,2023,Rice,556.73,1.28,712.61,128.3,15.1,5.74,115.3,9
East,2023,Wheat,933.77,1.55,1447.34,262,27.7,5.63,123.2,7
West,2022,Rice,403.11,5.06,2039.74,188.8,24.3,6.58,137.3,0
North,2023,Wheat,744.36,2.16,1607.82,300.2,24.8,6.41,59.5,2
West,2022,Corn,534.59,2.78,1486.16,264.8,26.8,5.85,179.5,0
South,2021,Corn,664.12,1.73,1148.93,378,29.9,5.71,180,7
North,2022,Barley,553.94,1.98,1096.8,111.3,29.6,5.79,92.2,6
East,2020,Corn,970.4,4.88,4735.55,241,15.9,6.13,182,10
South,2021,Rice,722.89,2.31,1669.88,157.8,29.7,6.4,161.8,9
East,2021,Corn,326.19,3.25,1060.12,261,31.6,5.89,122.5,19
South,2022,Wheat,918.71,1.76,1616.93,356.1,16.4,7.01,102.2,10
North,2021,Corn,364.63,4.39,1600.73,373.4,21.5,5.89,109.9,19
East,2023,Rice,434.44,4.64,2015.8,219.5,30.8,5.75,130.2,16
East,2020,Wheat,191.91,2.81,539.27,343.5,24.9,7.49,111.9,13
South,2022,Barley,909.97,4.92,4477.05,184.2,28.9,6.4,113,3
East,2022,Barley,357.5,2.2,786.5,101.9,25,5.84,80.5,0
South,2021,Barley,333.03,4.46,1485.31,356.6,34.6,7.29,156.2,4
South,2023,Wheat,928.24,4.65,4316.32,135.8,33.7,5.96,141.4,1
South,2021,Barley,824.97,5.84,4817.82,105.3,20.6,7.35,198.8,9
South,2021,Corn,226.97,2.16,490.26,206.1,22.7,5.74,71.2,17
North,2022,Wheat,792.39,1.47,1164.81,213.8,23.6,7.18,67.1,8
South,2021,Wheat,921.73,2.32,2138.41,123.2,17.1,5.87,127.4,17
West,2020,Wheat,170.66,1.61,274.76,344.3,23.1,7.38,72.8,4
East,2021,Soybean,842.69,1.85,1558.98,221.7,30.5,6.65,141.6,11
West,2021,Rice,592.68,2.67,1582.46,247,31.9,5.88,79.4,15
North,2022,Soybean,702.28,3.07,2156,179.4,32.7,7.19,122.4,1
West,2021,Soybean,543.57,5.52,3000.51,253.5,15.3,6.28,141.7,1
East,2023,Soybean,728.02,1.98,1441.48,330,30.8,6.97,118.7,15
West,2022,Rice,130.69,5.86,765.84,371.9,25.1,6.79,98,3
North,2021,Soybean,786.44,5.05,3971.52,391.2,19.1,6.93,167.3,2
South,2020,Barley,130.01,5.41,703.35,228,25,6.19,178.2,19
West,2020,Wheat,509.77,5.65,2880.2,397,31.9,7.38,91.7,1
North,2022,Wheat,235.87,4.77,1125.1,188.5,23.7,6.62,172,1
North,2022,Corn,841.22,4.94,4155.63,102.1,34.8,5.66,108.7,19
East,2021,Barley,382.29,3.19,1219.51,330.3,27.3,5.63,123.1,11
East,2023,Rice,508.68,3.55,1805.81,153.5,24.8,6.98,84.8,12
West,2021,Wheat,485.88,5.66,2750.08,115.7,20.9,7.2,143.9,18
South,2020,Soybean,795.25,2.89,2298.27,377.2,15.2,6.89,65.1,0
North,2023,Corn,533.03,1.21,644.97,337.5,27.2,6.05,138.7,6
West,2023,Corn,810.06,4.81,3896.39,130.8,26.5,5.95,198.5,18
North,2023,Wheat,166.16,3.87,643.04,333.1,25.3,6.63,163,12
North,2021,Barley,272.43,5.07,1381.22,353.2,25.8,5.89,184.3,3
South,2020,Corn,596.38,1.38,823,371.6,31.9,6.26,119.6,15
South,2022,Wheat,952.38,4.11,3914.28,263.1,21.3,6.76,71.3,17
West,2021,Barley,167.28,2.24,374.71,311,26,6.07,93.3,14
South,2022,Wheat,138.78,5.52,766.07,328.7,28.6,6.25,57.4,10
South,2023,Wheat,240.9,1.55,373.4,306.6,19.2,6.22,125.3,4
West,2023,Barley,677.04,5.22,3534.15,294.1,33.5,6.42,147.5,13
South,2021,Barley,459.09,1.44,661.09,264.3,29.7,6.85,113.7,10
East,2020,Barley,843,1.13,952.59,243.8,16.1,7.06,134.5,17
North,2023,Wheat,164.74,2.18,359.13,398.8,32.3,6.83,98.1,7
North,2022,Corn,276.77,2.67,738.98,201.3,33.6,5.55,62.9,8
North,2022,Rice,370.02,4.13,1528.18,126.5,30.9,7.29,114.8,11
North,2021,Rice,664.06,1.66,1102.34,329.5,23.5,6.66,132.2,17
West,2022,Wheat,716.66,3.19,2286.15,164.1,34.9,7.34,197.4,10
North,2020,Wheat,211.78,2.02,427.8,259.8,17.5,7.43,102.1,4
North,2023,Corn,949.42,5.28,5012.94,128.7,25.7,6.44,151.7,8
North,2022,Barley,406.94,1.22,496.47,285.8,18.4,7.33,173.4,7
North,2022,Wheat,741.85,2.78,2062.34,383.2,23.8,6.23,100.3,17
East,2023,Soybean,571.79,4.16,2378.65,316.8,33.5,6.02,189.5,16
North,2021,Barley,300.48,5.57,1673.67,164.4,30.9,5.65,100.8,12
East,2022,Wheat,861.61,5.34,4601,391.3,30.6,6.4,195.5,5
West,2021,Soybean,836.41,5.48,4583.53,192.1,22.1,6.88,50.3,6
South,2021,Corn,456.46,1.31,597.96,231,33.7,7.45,145.1,1
North,2022,Soybean,629.75,5.2,3274.7,249.4,22.4,6.54,168.5,1
South,2020,Wheat,332.04,4.9,1627,397.2,15.8,6.97,92,11
South,2021,Rice,720.87,5.51,3971.99,120.7,27.8,7.29,67.6,1
West,2022,Wheat,378.12,2.56,967.99,309,22.3,6.59,53.7,0
South,2021,Rice,859.67,5.56,4779.77,208.6,18.1,5.83,61.2,1
East,2023,Corn,295.65,3.01,889.91,123.5,33.7,7.2,131.5,4
South,2020,Corn,113.32,4.17,472.54,380.5,27.7,6.65,175.9,10
South,2020,Barley,341.66,3.12,1065.98,277,33.8,7.02,59.5,13
South,2023,Barley,271.95,3.14,853.92,326.1,26.7,6.82,67,7
North,2023,Rice,557.46,3.73,2079.33,172.1,16.3,5.62,50.8,16
North,2021,Rice,283.33,2.78,787.66,328.5,15.6,5.84,92.3,12
East,2023,Corn,786.87,4.96,3902.88,348.5,33,6.07,188.2,7
East,2020,Soybean,317.23,4.17,1322.85,229.2,15.8,6.07,91.4,14
North,2023,Rice,736.27,4.45,3276.4,271.6,27.3,7.18,116.1,6
East,2022,Rice,620.62,2.16,1340.54,391.6,21,6.7,76.8,14
North,2022,Soybean,987.62,5.85,5777.58,354,28.8,5.67,67.4,8
West,2021,Barley,999.91,4.3,4299.61,233.5,20.7,6.27,77.4,13
South,2020,Barley,882.57,1.99,1756.31,299.4,15.7,6.61,81.6,14
South,2022,Rice,783.99,4.75,3723.95,335.3,29.6,6,69.5,10
East,2023,Barley,447.81,1.87,837.4,107.3,21.2,5.58,168.7,3
North,2022,Barley,777.95,1.32,1026.89,276.5,26,6.26,121.6,13
North,2022,Barley,961.01,3.64,3498.08,395.4,30.5,6.42,131,14
East,2021,Corn,121.04,3.77,456.32,384.2,29.1,7.31,106.2,3
North,2023,Wheat,584.12,1.94,1133.19,349.7,22,7.32,81.6,13
West,2023,Rice,296.2,2.74,811.59,131.9,30,6.5,64.1,3
South,2023,Rice,602.09,5.73,3449.98,398.2,33.5,6.44,61.4,8
East,2021,Corn,519.8,2.43,1263.11,282.9,27.2,6.78,77.8,0
East,2023,Wheat,618.19,1.78,1100.38,166.9,29.1,6.02,177.5,7
North,2023,Wheat,595.87,5.96,3551.39,302.3,32.3,6.07,82.5,14
East,2022,Corn,964.1,2.51,2419.89,357,31.9,5.51,103.2,5
West,2022,Soybean,596.97,4.4,2626.67,133.7,22,5.66,135.9,0
North,2023,Soybean,861.61,2.16,1861.08,374.9,34.8,5.86,126.7,5
North,2020,Wheat,387.84,3.75,1454.4,376.1,15.6,6.78,149.9,19
North,2020,Soybean,494.29,2.93,1448.27,104,34.7,5.93,79.1,13
North,2023,Soybean,523.37,5.81,3040.78,370.1,19.9,5.75,128.6,7
West,2020,Soybean,350.86,3.16,1108.72,384,23.8,6.73,165.2,6
North,2021,Wheat,441.81,3.92,1731.9,111.3,32.7,6.8,108.1,15
East,2022,Soybean,638.66,5.72,3653.14,188.2,19.9,5.62,195.8,0
West,2021,Rice,622.17,5.95,3701.91,211.9,19.5,7.05,136.7,9
South,2022,Wheat,672.79,1.51,1015.91,204.7,27.9,6.71,151.2,11
South,2020,Corn,416.64,5.17,2154.03,327.7,29.1,6.29,118.9,8
East,2020,Soybean,384.25,2.91,1118.17,207.4,15.1,7.47,178.7,9
East,2023,Barley,650.46,3.97,2582.33,387,24,5.52,117.7,9
West,2020,Wheat,219.58,2.88,632.39,398.5,24.8,6.59,191.3,2
South,2020,Corn,327.73,3.01,986.47,195,20.4,5.82,96.1,1
South,2023,Rice,137.91,1.79,246.86,252.6,25.9,6.16,179.9,8
South,2023,Corn,165.35,3.86,638.25,267.3,18.1,5.77,145.9,16
South,2022,Soybean,319.04,3.73,1190.02,273.8,21.5,6.84,169.9,4
South,2020,Barley,117.58,1.95,229.28,212.3,29.3,6.3,55.7,11
North,2022,Soybean,320.87,3.71,1190.43,149.8,32.5,7.47,91.6,3
East,2022,Corn,689.48,5.87,4047.25,116.4,26.8,6.81,177.1,9
North,2021,Wheat,155,4.57,708.35,131.9,16.5,7.33,97.8,16
South,2020,Barley,493.06,3.4,1676.4,370.4,28.6,5.98,156.9,1
West,2020,Barley,921.8,5.58,5143.64,184.1,33,6.14,198.8,19
West,2021,Corn,812.16,3.88,3151.18,123,25.1,6.23,76.6,5
South,2022,Soybean,374.89,1.68,629.82,287.1,24.9,7.18,112.6,4
South,2020,Corn,932.32,3.74,3486.88,122.6,34.8,5.92,74.8,7
West,2022,Barley,396.68,1.9,753.69,121,27.7,7.39,73.1,15
North,2021,Corn,165.26,4.84,799.86,286.5,31.1,5.59,145,2
North,2023,Barley,994.65,5.84,5808.76,277.4,27.9,7.28,78.7,8
South,2022,Soybean,883.02,2.8,2472.46,112.4,19.4,6.4,122.4,3
North,2020,Wheat,519.34,3.17,1646.31,238.1,20.7,6.55,196.7,0
West,2023,Wheat,699.74,3.11,2176.19,230.7,28.3,7.49,100,5
North,2022,Corn,704.11,2.43,1710.99,264,24.1,7.24,181,17
South,2022,Barley,275.03,4.97,1366.9,321.4,23.1,7.31,109.5,3
West,2023,Wheat,280.04,4.09,1145.36,184.8,15.4,6.67,89.4,11
North,2023,Barley,522.62,1.32,689.86,229.8,32.7,7.41,100.4,13
East,2023,Soybean,920.42,5.19,4776.98,337.8,32.7,6.88,69.2,2
West,2020,Corn,108.99,1.94,211.44,376.8,24.2,7.14,151.8,18
West,2020,Barley,804.26,5.9,4745.13,367.4,29,6.94,126.4,1
East,2022,Corn,151.77,2.88,437.1,243.3,18.6,7.06,142.1,1
East,2022,Barley,530.4,4.08,2164.03,256.3,25.1,6.78,95.5,16
West,2021,Barley,674.09,1.39,936.99,258.7,23.8,6.95,148,4
East,2020,Soybean,718.08,2.72,1953.18,360.6,28.1,6.37,74.7,0
South,2022,Corn,152.63,5.01,764.68,352,24.4,6.91,147.9,15
South,2023,Rice,476.74,3.39,1616.15,193.5,25,6.05,62.2,5
South,2023,Barley,625.45,5.52,3452.48,148.9,20.9,6.77,110,4
West,2020,Barley,159.44,3.88,618.63,213.7,16,6.55,141.5,11
East,2023,Wheat,221.59,5.64,1249.77,186.5,33.3,7.3,178.3,16
East,2021,Corn,697.28,5.91,4120.92,385.2,15.2,6.85,171.9,10
North,2022,Rice,569.47,3.27,1862.17,179.8,20.6,6.69,129,18
North,2022,Soybean,245.65,3.83,940.84,154.4,24,6.13,182.5,1
East,2022,Rice,581.72,5.17,3007.49,369.8,21.4,7.23,125.9,15
East,2020,Soybean,921.42,2.11,1944.2,125.9,26,5.61,127.6,18
East,2023,Rice,114.03,5.31,605.5,178.1,24.2,7.3,158.1,7
West,2021,Rice,678.37,3.96,2686.35,231.7,20.1,6.81,181.7,3
East,2020,Corn,166.29,4.63,769.92,278.5,16.8,5.88,140.4,5
North,2022,Wheat,105.8,1.4,148.12,198.3,17.8,7.31,191.6,19
West,2021,Rice,235.59,4.83,1137.9,248.9,24.7,6.15,84.9,2
East,2022,Barley,480.62,2.55,1225.58,159.6,31.9,5.84,188.6,8
North,2022,Barley,822.11,5.03,4135.21,272.3,17,6.14,83.2,18
West,2020,Barley,353.61,3.55,1255.32,222.3,28.5,7.42,129,0
East,2022,Wheat,663.11,2.37,1571.57,354.8,30.8,7.01,169.4,2
East,2021,Rice,470.04,5.76,2707.43,224.7,20.5,7.33,170.2,0
East,2022,Soybean,310.9,4.83,1501.65,233.1,28.4,6.1,91.7,14
West,2023,Soybean,562.82,5.93,3337.52,277.7,28.7,5.66,197.9,4
North,2022,Corn,817.72,2.82,2305.97,137,29.2,6.63,62.1,15
North,2020,Wheat,849.24,4.25,3609.27,147,32.8,6.47,55.2,4
South,2021,Rice,861.87,4.06,3499.19,337.1,23,6.94,176.2,18
East,2020,Barley,404.7,4.44,1796.87,182,19.9,6.59,172.9,11
South,2023,Wheat,814.11,1.19,968.79,305.4,25.9,6.29,156.9,12
South,2022,Wheat,290.96,2.46,715.76,129.2,16.3,5.51,177.6,7
North,2020,Rice,764.58,5.55,4243.42,346.6,21.7,6.44,70.6,16
West,2020,Corn,953.55,3.12,2975.08,396.5,32.7,5.74,64.4,11
West,2020,Corn,112.37,5.8,651.75,212.1,25.6,7.34,195.4,13
North,2020,Corn,496.33,2.07,1027.4,251.7,23.7,7.34,143.6,10
West,2023,Barley,682.99,5.99,4091.11,232.8,20.3,7.11,188,0
South,2023,Barley,731.6,4.49,3284.88,368.3,20,5.82,186,1
East,2022,Rice,258.48,4.88,1261.38,103,19.7,5.79,148,15
North,2022,Corn,974.96,2.98,2905.38,296,31.6,6.63,144.3,1
East,2021,Rice,653.74,5.54,3621.72,295.7,34.7,6.95,104,0
West,2023,Corn,247.91,3.73,924.7,214.7,25.7,7.31,72.4,0
East,2020,Wheat,118.47,4.4,521.27,165.8,16.6,7.29,153,9
West,2020,Soybean,804.94,1.47,1183.26,171.9,30,5.81,172.7,17
West,2021,Soybean,171.73,4.16,714.4,340.1,32.5,7.49,131.7,1
South,2020,Corn,226.95,5.4,1225.53,119.8,33.6,5.81,57.6,2
West,2021,Rice,617.35,1.89,1166.79,269.1,27.6,7.18,71.7,13
South,2022,Barley,643.15,4.69,3016.37,192.1,25.1,6.67,65.3,11
South,2023,Corn,718.2,1.13,811.57,179.6,27.4,6.86,148.7,8
South,2021,Corn,454.16,5.63,2556.92,251.7,15.3,6.71,134.7,12
North,2020,Barley,796.51,5.91,4707.37,369.4,28.1,7.24,120,9
North,2021,Corn,976.92,2.77,2706.07,285.4,29.2,6.77,131.5,5
West,2022,Wheat,343.99,1.54,529.74,336.6,29.4,7.2,91.4,4
South,2020,Barley,732.73,4.29,3143.41,280.2,26.3,5.81,170.7,17
North,2022,Wheat,935.62,1.15,1075.96,309.3,29,7.23,99.3,6
South,2022,Soybean,717.66,3.41,2447.22,229.7,27.8,7.49,146.6,15
East,2021,Barley,713,2.36,1682.68,377.8,17.3,6.82,108.6,10
East,2022,Barley,301.4,3.37,1015.72,250.6,33,7.45,60.8,9
East,2020,Rice,581.62,1.09,633.97,265.5,27.5,5.94,88.5,7
West,2022,Rice,606.27,1.26,763.9,257.5,29.6,7.16,194.8,4
South,2022,Barley,730.12,1.08,788.53,194.9,21.9,5.84,78.6,0
East,2021,Soybean,997.14,4.1,4088.27,169.4,33.4,6.53,65.7,2
North,2022,Corn,130.28,3.8,495.06,122.2,25.1,6.83,93.7,14
East,2023,Rice,158.71,2.17,344.4,315.5,28.6,6.82,181.7,9
East,2021,Soybean,170.16,4.23,719.78,186.8,34,6.84,95.9,0
East,2021,Soybean,768.68,5.42,4166.25,216.8,33.3,6.14,112.6,9
West,2020,Rice,222.72,2.39,532.3,376,27.9,7.45,96.5,15
North,2020,Corn,660.21,5.16,3406.68,269.9,18.3,5.51,198.3,11
South,2020,Rice,392.2,4.31,1690.38,129.1,34,6.74,200,4
North,2020,Soybean,511.59,1.17,598.56,339.9,34.7,7.23,122.4,10
South,2023,Wheat,294.1,2.88,847.01,176.8,17.1,7.28,167.7,4
West,2021,Rice,879.5,3.54,3113.43,265.8,24,6.94,83,5
West,2022,Soybean,627.54,4.66,2924.34,253,26,6.65,106.1,1
West,2020,Rice,950.11,2.44,2318.27,171.4,16.8,6.41,151.9,9
West,2020,Soybean,617.14,5.91,3647.3,134.7,18.8,6.4,92.9,3
South,2020,Corn,211.52,4.42,934.92,163.4,25.8,6.35,83.7,11
East,2022,Soybean,253.78,2.86,725.81,129.2,34.3,6.9,188.3,4
South,2020,Barley,990.17,1.49,1475.35,182.7,15.6,6.96,86.6,15
North,2022,Wheat,753.01,1.91,1438.25,399.2,33.2,6.53,58.9,18
West,2021,Soybean,144.35,3.44,496.56,220.6,33,6.98,162.7,14
West,2021,Rice,733.4,3.47,2544.9,359.2,32.1,6.56,86.5,18
North,2021,Rice,470.96,4.84,2279.45,264.8,22.6,5.69,117.5,11
South,2023,Soybean,376.49,4.63,1743.15,300,24.8,7.2,66.7,0
East,2022,Barley,238.65,2.01,479.69,146.9,23.1,7.24,60.3,9
East,2020,Soybean,855.91,3.97,3397.96,182.4,34,6.03,119.1,7
North,2020,Corn,157.46,1.1,173.21,253.1,25.4,7.07,100.6,2
East,2020,Barley,360.85,2.99,1078.94,364.3,16.6,6.52,125.9,11
South,2020,Soybean,375.74,4.82,1811.07,112.9,20.5,5.75,194.9,6
South,2023,Wheat,244.81,3,734.43,252.1,24.2,6.3,111.1,19
North,2020,Barley,557.37,5.18,2887.18,115.3,34.1,5.65,140.4,5
South,2023,Soybean,110.53,5.88,649.92,237,26.4,7.07,64.6,4
West,2022,Wheat,370.88,4.04,1498.36,288.7,28.9,5.89,182.9,13
North,2021,Soybean,940.27,1.73,1626.67,323.4,16.8,5.83,170.9,6
South,2020,Corn,379.48,2.9,1100.49,141.6,32.5,5.92,128.4,14
North,2021,Rice,424.41,1.05,445.63,150,25.8,5.95,77.5,15
East,2022,Soybean,525.85,4.01,2108.66,241,33.4,6.85,113.9,18
South,2022,Barley,605.52,5.11,3094.21,399.4,23.9,6.78,94.6,1
West,2020,Soybean,827.84,4.15,3435.54,206.8,28.7,5.76,199.2,1
South,2022,Soybean,271.29,4.93,1337.46,228.3,24.4,6.95,123.6,8
North,2021,Soybean,884.57,5,4422.85,229.7,17.9,6.2,113.3,9
North,2020,Soybean,781.79,5.26,4112.22,124.2,20.4,6.41,75.4,3
South,2023,Barley,750.39,2.33,1748.41,332.3,16.3,5.75,85.9,0
West,2020,Barley,178.12,5.36,954.72,175.9,23.8,6.92,156.7,4
West,2021,Soybean,119.48,4.27,510.18,311.1,28,6.25,130.2,18
West,2020,Rice,634.61,2.45,1554.79,242.5,19.9,6.76,103.7,0
North,2020,Soybean,876.82,5.94,5208.31,283.5,24.8,6.35,94.6,16
South,2021,Barley,626,5.75,3599.5,116.2,24.2,5.6,80.1,18
East,2020,Corn,291.91,3.87,1129.69,367,25.7,6.91,55.1,2
North,2020,Soybean,181.47,5.22,947.27,173.2,18.7,6.61,196.6,2
West,2021,Soybean,729.64,2.31,1685.47,301,25.7,6.37,163,11
South,2022,Soybean,749.59,3.08,2308.74,339.4,22.3,5.9,189.2,18
West,2021,Soybean,255.28,1.92,490.14,262,20.7,6.75,111.9,10
East,2020,Wheat,125.37,3.6,451.33,201.2,26.7,6.05,180.4,9
West,2023,Soybean,467.46,3.48,1626.76,393.4,18,6.36,88.4,9
West,2023,Barley,624.45,2.06,1286.37,183.5,33,5.61,126.5,2
East,2021,Barley,735.4,4.36,3206.34,384.6,33.7,7.05,80.4,17
South,2023,Wheat,828.95,1.59,1318.03,146.9,28.2,5.68,165.6,4
North,2020,Soybean,649.48,1.31,850.82,216.8,21.1,7.28,124.6,5
South,2020,Rice,199.79,2.92,583.39,141.5,27.5,7.24,130.4,17
East,2021,Soybean,714.32,3.05,2178.68,100.7,27,7.44,178.9,12
West,2020,Barley,985.76,2.6,2562.98,178.1,22.8,7.32,160.9,0
South,2022,Corn,915.03,2.29,2095.42,126.2,20.7,7.44,194.9,3
North,2020,Corn,884.5,2.69,2379.3,395.9,18.4,7.27,110.8,9
East,2021,Rice,371.95,1.82,676.95,328.5,19.3,5.73,119.2,15
South,2022,Soybean,775.71,3.02,2342.64,101.1,28.1,6.38,142.3,15
North,2022,Wheat,865.99,5.52,4780.26,167.1,32.7,5.65,118,16
East,2023,Soybean,710.49,2.12,1506.24,301,22.7,6.59,112.9,10
North,2020,Rice,325.51,4.42,1438.75,219.6,17.4,6.56,101.1,7
East,2021,Rice,958.45,1.71,1638.95,349.6,15.3,7.34,174.8,13
West,2023,Rice,505.74,2.77,1400.9,251.5,23.1,7.44,130,17
South,2023,Corn,216.83,2.61,565.93,296.1,19.7,6.02,141.1,0
North,2020,Soybean,198.8,5.69,1131.17,279.1,21.5,6.66,80.6,8
East,2020,Soybean,682.77,3.14,2143.9,291.5,19.8,6.43,87.8,19
North,2021,Wheat,493.94,4.45,2198.03,169,28.3,6.59,101,10
North,2023,Rice,185.04,4.01,742.01,212,27.8,6.56,119.8,3
South,2021,Rice,766.33,1.71,1310.42,115.2,33.2,7.33,56.6,1
West,2023,Barley,819.39,5.7,4670.52,276.3,29,7.29,183.3,17
North,2023,Barley,752.87,2.73,2055.34,237.8,18.3,5.75,185.6,4
East,2023,Corn,282.03,1.22,344.08,328.2,30,6.19,149.3,1
East,2020,Soybean,720.8,2.5,1802,161.9,18.6,7.01,97.4,10
West,2023,Wheat,109.65,2.68,293.86,231,26.2,6.87,107.8,1
East,2023,Wheat,374.6,1.46,546.92,154.2,16.5,6.76,160.1,11
West,2023,Rice,458.94,4.1,1881.65,284.2,15.9,7.49,92.9,9
East,2022,Wheat,851.72,2.73,2325.2,354.4,24.3,6.17,141.3,18
South,2020,Rice,451.35,4.15,1873.1,329.6,17.1,6.53,185.9,3
North,2022,Soybean,110.14,1.03,113.44,383.3,21.1,7.46,111.6,6
South,2020,Wheat,417.11,5.91,2465.12,391.5,21.8,6.89,138.1,13
North,2021,Rice,549.03,1.85,1015.71,331.6,30.4,6.8,189.3,12
North,2022,Soybean,954.1,4.3,4102.63,186,21.7,5.81,101.1,0
North,2021,Soybean,946.93,4.58,4336.94,165.8,24.9,5.99,163.9,19
South,2023,Rice,262.79,1.86,488.79,234.3,30.5,6.25,163.3,0
North,2021,Rice,266.63,1.56,415.94,398.2,19.1,6.43,189.3,1
South,2021,Corn,247.04,1.76,434.79,223.8,31.1,6.49,178.8,15
West,2021,Soybean,810.03,2.23,1806.37,159.7,31.6,7.3,162.3,1
East,2021,Rice,105.42,1.84,193.97,383.3,34.8,5.71,145.5,11
East,2020,Soybean,214.46,4.37,937.19,215.8,23.9,6,86.2,18
North,2022,Wheat,584.16,3.1,1810.9,307.3,22.4,5.79,150.6,14
South,2020,Barley,322.81,3.69,1191.17,336.4,29,6.97,91.5,15
East,2020,Barley,183.12,1.24,227.07,352.9,16.2,7.44,116,15
South,2020,Rice,423.89,5.31,2250.86,346.4,15.8,7.29,156.5,10
South,2021,Rice,346.79,1.85,641.56,350.9,21.7,6.95,151.2,5
North,2020,Soybean,559.99,2.8,1567.97,300.3,29.6,5.54,110.2,16
East,2022,Rice,981.31,1.36,1334.58,221.1,17.3,6.19,77.4,6
North,2020,Soybean,211.87,1.68,355.94,300.2,27.7,7.23,122.6,10
North,2023,Rice,435.45,4.33,1885.5,351,20.4,6.81,90.5,12
East,2021,Soybean,938.79,4.46,4187,205.2,28,5.92,88.3,15
East,2023,Rice,889.19,4.38,3894.65,189,24.1,6.43,99,12
West,2022,Corn,454.84,3.76,1710.2,203.1,17.3,5.68,155.9,7
West,2022,Soybean,729.06,5.76,4199.39,265.4,19.9,6.54,124.6,8
South,2022,Corn,179.07,3.54,633.91,115.7,19.4,7.3,106,4
East,2022,Corn,741.29,3.25,2409.19,333.7,18.3,5.58,185.1,13
West,2020,Corn,975.57,2.24,2185.28,141.7,24.4,6.73,156,10
South,2021,Corn,583.74,1.49,869.77,139.9,34.1,5.97,124.2,11
South,2022,Wheat,548.64,3.74,2051.91,159.3,28.2,7.48,113.2,19
South,2023,Barley,268.59,2.57,690.28,273.1,31.7,5.63,172.8,19
West,2022,Wheat,670.41,3.62,2426.88,185.7,34.6,6.73,75.9,9
East,2021,Rice,631.39,2.03,1281.72,210.4,25.8,6.01,149.6,0
North,2023,Rice,686.74,5.19,3564.18,379.5,19.8,7.26,53.2,15
South,2023,Barley,123.47,6,740.82,354.2,33.6,5.74,51,6
West,2023,Barley,593.85,2.61,1549.95,355.7,29,6.36,189.8,15
West,2020,Barley,635.44,5.21,3310.64,273.3,34.2,5.87,127.1,13
North,2022,Corn,286.78,5.36,1537.14,359.9,28,7.1,97.3,3
North,2020,Wheat,287.5,5.98,1719.25,333.6,30.5,6.2,169.2,2
West,2023,Rice,348.6,2.71,944.71,386,32.8,5.87,197.7,18
East,2020,Wheat,740.55,4.78,3539.83,119.3,30.2,6.95,55.2,16
North,2020,Wheat,645.64,2.14,1381.67,108.6,26.3,7.13,55.7,11
West,2020,Wheat,861.19,4.12,3548.1,152.5,24.4,6.42,178.2,16
North,2022,Barley,366.09,4.52,1654.73,378.7,31.5,6.26,133.5,0
East,2023,Barley,920.86,4.71,4337.25,281.7,30.4,6.76,182.4,0
South,2023,Rice,769.34,2.04,1569.45,227.8,22.3,6.8,154.2,10
North,2022,Rice,455.51,5.24,2386.87,253.8,25,6.82,120.6,2
East,2020,Rice,185.74,3.1,575.79,348.9,27.7,6.05,74.2,3
West,2020,Wheat,331.29,2.08,689.08,378.7,15.6,7.38,108.5,6
North,2021,Barley,961.09,3.71,3565.64,318.9,20,5.93,168.1,17
North,2021,Corn,379.33,5.32,2018.04,328,20,6.25,85.1,19
West,2021,Wheat,396.91,5.84,2317.95,196.1,32.7,6.07,156.9,6
South,2022,Soybean,270.63,4.74,1282.79,240.1,21.6,7.36,87.1,10
West,2023,Wheat,826.17,1.03,850.96,365.6,25.9,7.16,119.5,13
North,2021,Barley,348.08,1.67,581.29,335.8,31.6,7.12,62.8,7
West,2023,Soybean,397.23,1.38,548.18,305.3,20.2,5.51,118.2,19
East,2023,Wheat,472.91,1.51,714.09,119.6,17.5,6.87,141.9,15
West,2023,Barley,490.36,2.92,1431.85,111.9,34,5.96,134.5,17
North,2022,Barley,470.21,2.69,1264.86,139.1,29.1,7.44,111,11
West,2022,Corn,553.37,1.57,868.79,274.4,18.5,6.56,105.5,8
South,2022,Wheat,833.06,5.41,4506.85,260.9,31.4,6.63,91.3,19
West,2022,Barley,837.36,4.08,3416.43,382.8,30.7,6.21,165.1,8
South,2021,Rice,818.48,4.98,4076.03,308.4,31.8,6.57,167.4,12
East,2020,Barley,191.01,2.86,546.29,188.2,20.5,7,122.5,5
South,2020,Corn,819.71,3.05,2500.12,148.4,24,6.62,107.4,4
West,2020,Barley,208.23,2.59,539.32,354.9,28.9,6.78,145.6,9
North,2021,Wheat,212.25,3.19,677.08,237.9,22.8,6.44,133.7,10
South,2020,Wheat,953.08,4.05,3859.97,296,16.4,6.93,150.1,13
East,2021,Soybean,837.46,3.46,2897.61,269.5,17.7,7.3,95.9,15
South,2021,Wheat,597.17,5.19,3099.31,132.2,26.9,5.6,168.3,6
South,2021,Soybean,887.47,5.5,4881.08,117.1,22.5,5.71,97.5,17
South,2020,Rice,990.43,3.35,3317.94,213.1,15.1,6.87,112.8,7
East,2023,Corn,649.58,2.2,1429.08,208.5,30.3,6.26,69.9,13
West,2020,Rice,651.61,5.73,3733.73,302.1,23.3,6.06,178.3,9
South,2020,Soybean,778.98,4.68,3645.63,289.7,21.3,5.86,146.6,13
South,2022,Barley,308.93,4.2,1297.51,390.7,29.3,6.65,85.3,19
North,2021,Barley,250.41,4.73,1184.44,357.4,24.1,6.2,177.8,12
East,2023,Rice,783.62,1.38,1081.4,249,28.9,6.52,155.7,16
South,2022,Barley,410.41,1.34,549.95,250,15.3,7.42,116.3,5
East,2023,Soybean,221.56,1.77,392.16,302.2,15.2,7.02,198.5,14
South,2023,Corn,383.39,1.74,667.1,134.2,26.2,7.09,100.6,7
West,2021,Wheat,422.77,3.1,1310.59,400,34.6,5.75,64.9,4
West,2020,Soybean,968.7,1.79,1733.97,255.6,20.4,6.15,160,7
South,2021,Soybean,728.16,5.27,3837.4,373,28.7,5.71,163.6,8
West,2021,Wheat,577.77,3.89,2247.53,390.2,18.4,7.44,58.8,6
South,2022,Wheat,971.99,2.84,2760.45,274.5,21.2,6.86,172.9,17
West,2021,Corn,912.83,1.35,1232.32,131,16.6,5.54,166.4,13
North,2020,Corn,560.8,3.96,2220.77,272,32.6,6.45,189.4,7
North,2023,Corn,915.11,1.58,1445.87,279.3,21.2,6.03,67.8,0
North,2021,Barley,463.87,4.72,2189.47,336.8,19.6,6.58,140.1,16
East,2023,Soybean,307.38,5.01,1539.97,114.5,29.6,5.86,82.9,5
East,2021,Wheat,309.41,3.72,1151.01,239.9,19,5.61,109.9,13
North,2023,Soybean,696.08,1.75,1218.14,376.8,19.8,6.15,89.8,16
East,2021,Soybean,550.96,4.93,2716.23,397.4,17.1,6.09,117.4,16
West,2022,Corn,693.06,2.54,1760.37,157.4,34.3,6.93,66.9,11
South,2023,Corn,717.47,2.11,1513.86,361.2,20,6.45,95.5,15
South,2021,Soybean,120.09,3.35,402.3,143.9,34.9,6.08,60.6,2
South,2021,Corn,148.64,5.61,833.87,352.4,18.5,6.64,123.8,16
North,2022,Barley,579.41,2.49,1442.73,183.2,15.4,5.64,94.5,1
East,2022,Wheat,271.93,5.53,1503.77,387.9,32.9,6.82,138.5,12
West,2022,Soybean,669.28,1.27,849.99,308.6,26.6,5.79,118.5,13
West,2023,Wheat,596.97,1.42,847.7,219.7,22,6.06,86.6,3
North,2023,Barley,627.18,4.49,2816.04,184.3,25.3,6.06,65.4,5
West,2022,Corn,372.21,1.95,725.81,170.6,20.2,6.43,163,19
West,2020,Rice,675.86,2.58,1743.72,304.2,27.7,7.41,145,8
West,2020,Barley,846.54,1.68,1422.19,368.7,27.3,6.15,54.9,13
West,2021,Rice,998.26,2.66,2655.37,326.5,16.6,6.06,198.4,16
East,2020,Wheat,854.6,2.4,2051.04,350.4,33.2,5.84,146.4,7
West,2021,Soybean,601.75,4.68,2816.19,334.4,24.2,6.28,81.1,18
South,2023,Corn,274.09,4.51,1236.15,393.7,18.9,5.86,176.1,1
North,2023,Barley,713.3,5.77,4115.74,327.3,21.1,5.78,182.3,16
East,2020,Corn,943.89,4.62,4360.77,163.1,32.3,7.21,136.1,6
West,2023,Rice,290.68,4.47,1299.34,337.5,22.7,5.61,182.8,2
East,2022,Rice,330.4,4.47,1476.89,196.6,26.2,6.92,54.4,3
West,2022,Soybean,234.11,5.41,1266.54,398.7,34,5.91,191.8,17
South,2020,Rice,763.05,2.48,1892.36,213,28,5.52,58.6,13
North,2020,Soybean,465.91,2.5,1164.78,187.8,28.5,7.09,146.4,19
West,2021,Barley,156.43,4.71,736.79,171.8,20,6.9,101.9,12
West,2023,Soybean,887.45,2.14,1899.14,297.6,28.4,6.17,55.9,16
West,2021,Rice,601.9,5.56,3346.56,132.8,22.9,5.66,189.4,11
West,2021,Wheat,397.98,3.67,1460.59,386.1,33.2,6.22,70.3,6
North,2022,Soybean,409.58,2.5,1023.95,188.3,17.6,5.86,178.1,2
North,2022,Corn,361.23,4.88,1762.8,188.6,20.7,7.37,99.6,4
South,2022,Wheat,509.93,2.56,1305.42,113.8,16.3,6.56,161.2,19
North,2022,Soybean,403.34,5.82,2347.44,173.8,22.6,7.43,88.1,0
West,2021,Corn,593.15,5.91,3505.52,225.7,18,6.2,137.5,13
South,2022,Wheat,796.17,4.33,3447.42,210.9,31.9,6.61,169.9,8
South,2023,Soybean,707.02,1.57,1110.02,181.9,33.5,5.88,134.9,14
South,2022,Barley,365.01,2.32,846.82,112.2,28.4,7.12,96,1
West,2022,Corn,575.87,3.58,2061.61,190.2,17.1,5.58,85,17
East,2022,Barley,856.11,5.26,4503.14,333.5,21.8,6.89,76.2,3
West,2020,Rice,161.39,1.92,309.87,231.6,34.3,6.28,175.8,1
North,2023,Soybean,170.47,1.52,259.11,187.2,17.7,6.66,141.6,12
North,2023,Soybean,600.55,1.37,822.75,191.4,26.1,6.68,126.3,17
West,2021,Corn,675.2,3.53,2383.46,266.3,22.1,6.92,87.4,19
West,2021,Soybean,290.27,5.42,1573.26,190.7,35,5.91,115.1,3
South,2022,Rice,770.7,1.21,932.55,289.2,20.7,6.56,143,2
West,2020,Soybean,681.64,2.06,1404.18,396.8,16,6.35,60.8,6
South,2021,Wheat,930.96,4.47,4161.39,112.4,29,6.06,104.1,1
North,2021,Barley,252.06,5.13,1293.07,150.6,21.5,6.49,85.9,13
South,2022,Rice,776.24,5.04,3912.25,153.7,28.2,7.4,147,4
West,2022,Rice,175.28,4.93,864.13,234.1,17.1,7.4,140.9,1
North,2021,Barley,608.76,1.65,1004.45,112.4,25.5,6.06,94.9,8
East,2021,Barley,596.71,2.99,1784.16,243.3,22.5,7.27,56.2,15
South,2023,Rice,449.55,5.92,2661.34,378.7,25.7,7.25,77.4,7
North,2020,Barley,860.11,5.94,5109.05,103.5,32.1,6,74,5
South,2023,Corn,103.93,4.01,416.76,209.5,34.5,6.7,135.3,2
North,2021,Barley,568.16,4.55,2585.13,328.3,30.1,7.24,75.4,6
North,2023,Wheat,295.44,5.76,1701.73,146.3,30.3,6.53,122.4,17
South,2023,Wheat,769.15,3.25,2499.74,123.3,25.6,6.24,142.2,15
East,2021,Corn,138.76,1.68,233.12,289.2,16.9,6.8,181.9,3
North,2022,Barley,848.4,4.34,3682.06,103,28.3,5.84,86.8,3
North,2021,Wheat,854.28,5.8,4954.82,340.5,18,5.82,77.9,15
North,2022,Soybean,849.58,4.49,3814.61,120.1,19.9,7.17,76,17
East,2021,Barley,237.31,5.02,1191.3,257.3,29.2,5.58,104.1,1
East,2021,Corn,667.37,3.11,2075.52,322,28.1,7.11,147.4,11
West,2021,Barley,112.93,1.48,167.14,172.6,21.3,6.08,150.8,8
South,2020,Rice,863.17,1.84,1588.23,131.1,30.4,6.47,81.6,6
East,2022,Rice,750.68,5.91,4436.52,152.7,33.8,6.59,69.7,7
South,2020,Wheat,578.04,3.47,2005.8,356.4,25.9,7.03,117.3,5
West,2021,Rice,757.53,1.06,802.98,311.7,28.6,7.27,71.2,11
South,2023,Corn,184.89,5.78,1068.66,159.4,20.4,7.11,171.9,7
East,2020,Wheat,575.79,3.49,2009.51,314.8,34.4,6.64,62.6,9
South,2022,Corn,362.15,5.18,1875.94,312.6,20.5,6.2,162.8,3
East,2021,Corn,975.36,3.74,3647.85,399.3,32.7,6.55,56.4,9
South,2020,Rice,871.41,1.51,1315.83,217.5,33.6,5.56,171,6
East,2023,Rice,759.95,4.08,3100.6,359.5,29.4,5.99,144.1,18
East,2020,Corn,940.37,5.99,5632.82,233.9,31.2,6.23,98.4,2
South,2022,Rice,412.16,1.17,482.23,369.3,24.2,6.14,110.8,11
West,2020,Rice,910.79,5.21,4745.22,127.5,33.4,5.69,151,18
North,2023,Rice,392.71,2.18,856.11,152.6,29.9,5.6,77.8,9
West,2023,Barley,759.52,2.97,2255.77,355,21.5,6.34,183.5,5
South,2022,Corn,762.78,2.86,2181.55,345.8,15.7,5.65,122.4,19
West,2023,Soybean,116.51,5.49,639.64,191.6,25.8,6.07,164,14
East,2021,Corn,424.95,3.52,1495.82,279,31.8,6.45,126,18
North,2023,Wheat,117.49,3.24,380.67,214.8,32.2,5.92,117.8,10
South,2021,Rice,997.38,5.09,5076.66,103.1,31.7,5.66,120.4,7
South,2020,Rice,209.98,1.24,260.38,107.8,19.3,6.36,104.5,9
South,2021,Soybean,588.53,1.43,841.6,116.3,23.5,6.4,159.9,13
North,2021,Wheat,811.5,1.11,900.77,278.2,27.3,7.33,176.9,19
East,2020,Barley,281.14,4.44,1248.26,183.8,28.4,5.76,178.2,13
South,2023,Corn,536.55,3.63,1947.68,143.2,21.7,6.73,68.2,14
West,2021,Barley,646.69,5.38,3479.19,382.3,28.9,6.14,164.2,11
South,2023,Wheat,244.18,3.49,852.19,136.4,26.8,5.75,80,16
South,2020,Soybean,800.7,2.11,1689.48,302.2,26.3,6.29,51.8,9
South,2022,Wheat,369.4,5.03,1858.08,368.2,28.3,6.36,91.3,11
South,2023,Soybean,289.92,2.47,716.1,149.1,27.1,6.23,93.9,18
East,2023,Barley,602.46,5.68,3421.97,164.4,18.3,7.03,171.5,7
West,2022,Barley,469.28,2.25,1055.88,272.1,32.5,7.18,161.4,15
East,2022,Wheat,928.26,1.84,1708,252.5,19.8,5.8,62.7,17
West,2020,Wheat,892.06,3.47,3095.45,256.3,29.9,5.84,98.9,19
South,2023,Rice,535.02,1.25,668.78,266.4,18.5,6.34,87.7,9
North,2023,Soybean,423.34,1.18,499.54,385,28.2,6.14,139.3,10
East,2020,Rice,392.97,3.48,1367.54,116.2,32.9,7.14,131.2,5
North,2023,Corn,340.81,2.08,708.88,328.1,15.2,7.49,151.8,17
East,2021,Corn,590.09,1.05,619.59,169.8,34.6,5.86,186.6,12
South,2021,Wheat,824.48,2.48,2044.71,212.1,15.6,7.03,113.2,10
East,2021,Barley,379.68,3.39,1287.12,126.8,15.2,6.71,148.4,13
South,2023,Corn,271.08,2.97,805.11,233.7,32.2,6.79,187.8,13
East,2021,Corn,527.94,1.68,886.94,341.3,29.2,6.03,131.3,3
South,2021,Rice,162.13,3.9,632.31,129.6,17.1,5.69,96.2,9
South,2020,Rice,731.15,4.55,3326.73,182.7,33.7,6.59,110.4,19
West,2020,Corn,566.52,4.38,2481.36,211.9,28.4,6.73,163.2,17
South,2022,Wheat,546.74,2.97,1623.82,131.2,17.2,7.43,158,8
West,2022,Rice,370.4,1.69,625.98,328.7,32.2,6.85,162.3,12
South,2022,Corn,914.21,3.5,3199.74,336.1,24.6,6.39,161.5,18
North,2022,Barley,181.44,5.45,988.85,350.8,20.6,7.49,188.1,7
South,2020,Rice,882.84,3.34,2948.69,275.2,31.5,6.25,164.6,10
North,2020,Corn,439.03,1.98,869.28,252.2,29.8,5.83,178.3,7
North,2020,Soybean,892.56,1.47,1312.06,178.8,27.5,6.74,136.1,17
South,2021,Rice,755.89,5.72,4323.69,296.5,33,6.03,146.6,16
North,2021,Soybean,193.75,4.72,914.5,233.4,32.2,7.34,195.2,9
West,2022,Rice,848.38,2.56,2171.85,391.2,19.5,6.36,180.5,9
East,2021,Rice,713.96,2.48,1770.62,390.5,32.6,5.8,166.6,3
South,2023,Soybean,129.07,5.48,707.3,371.6,22.5,5.78,152.8,7
North,2020,Wheat,220.33,1.89,416.42,208,23.6,6.8,103.8,1
South,2022,Corn,672.07,3.68,2473.22,210.4,34.4,6.23,132.2,13
West,2022,Wheat,696.34,4.57,3182.27,355.8,30.2,6.23,58.3,7
South,2023,Wheat,771.99,2.98,2300.53,318.7,21.4,6.72,112.4,13
South,2021,Corn,748.22,1.2,897.86,311.3,28,5.94,66.8,7
North,2022,Barley,693.57,2.14,1484.24,183.9,25.8,5.79,159.3,17
West,2021,Wheat,789.62,5.51,4350.81,350,17.3,6.81,183.8,7
East,2021,Wheat,617.58,3.62,2235.64,273.8,32.8,5.51,76.1,9
East,2023,Wheat,334.71,5.08,1700.33,234.1,31.4,7.31,86.9,3
North,2022,Barley,921.14,3.78,3481.91,359.6,30.6,5.87,178.5,10
South,2021,Rice,116.39,5.72,665.75,218.3,26.2,6.4,137.9,13
North,2021,Soybean,429.91,5.55,2386,296.2,19.4,5.92,138.2,15
North,2023,Soybean,755.98,3.41,2577.89,239.8,32.7,5.94,134.4,9
North,2023,Barley,484.44,2.59,1254.7,277.8,22.1,7.17,82.7,14
South,2021,Wheat,122.35,4.01,490.62,112.2,15.4,6.67,86.5,7
West,2023,Soybean,159.38,4.37,696.49,238.3,34.6,6.12,192.4,14
North,2021,Barley,683.77,3.49,2386.36,266.9,32.2,6,158.5,18
South,2022,Corn,968.38,5.11,4948.42,247.8,27.5,5.93,63.6,7
West,2020,Soybean,596.68,1.92,1145.63,354.2,15.2,6.61,83.4,16
North,2023,Corn,556.08,2.67,1484.73,193.3,19.6,6.96,144.1,17
East,2020,Wheat,386.49,4.43,1712.15,365.2,24,6.01,92.5,1
West,2021,Soybean,331.02,2.23,738.17,221,27.6,6.16,87.8,4
North,2021,Barley,118.89,3.2,380.45,308.4,29.2,6.94,80.4,15
West,2021,Rice,345.66,5.82,2011.74,126,30.8,6.97,77.9,16
West,2020,Soybean,504.2,4.13,2082.35,160,26.1,5.91,142,14
West,2021,Soybean,278.15,5.75,1599.36,328.3,28.1,6.26,185.9,18
West,2023,Soybean,178.61,4.61,823.39,103.7,31.2,7.24,104.2,14
West,2022,Soybean,745.96,4.62,3446.34,390.6,29.4,6.98,68.2,12
West,2022,Barley,905.16,3.96,3584.43,157.2,34.1,5.82,68.6,16
North,2023,Barley,943.09,1.71,1612.68,370.4,32.5,6.27,190.1,19
East,2022,Rice,656.2,3.6,2362.32,254.8,18.4,7.45,129.3,11
South,2020,Barley,147.5,2.26,333.35,269.4,33.9,6.55,119.9,2
West,2021,Barley,766.78,5.99,4593.01,125.2,19.1,6.94,183.6,9
South,2021,Wheat,199.09,2.33,463.88,209.6,34.8,5.68,126.1,9
North,2021,Wheat,702.77,2.15,1510.96,146.9,29,7.17,122.1,12
West,2020,Corn,801.43,4.12,3301.89,257.8,27.6,6.71,189,6
East,2020,Rice,753.28,3.55,2674.14,265.2,21.5,5.85,121.2,4
South,2020,Wheat,956.7,1.11,1061.94,312.9,17.7,6.26,108.6,8
West,2023,Rice,764.33,1.65,1261.14,363.5,17.5,5.67,137.2,3
North,2020,Rice,723.89,5.06,3662.88,240.5,32.3,7.05,196.6,2
East,2022,Soybean,335.57,3.42,1147.65,170,23.6,6.99,194.6,10
South,2023,Rice,932.29,1.73,1612.86,200.1,26.2,6.48,166.3,16
South,2023,Soybean,261.59,3.33,871.09,354.1,33.6,6.4,124.9,1
West,2023,Corn,914.41,2.27,2075.71,143.8,20.1,6.43,182.2,8
East,2020,Corn,381.4,2.12,808.57,288.2,30.3,5.57,112.9,5
East,2023,Corn,217.15,5.79,1257.3,103.9,24.4,6.24,146,11
East,2020,Soybean,844.01,2.81,2371.67,173.7,19.3,5.76,76.9,18
East,2020,Soybean,102.25,1.23,125.77,277.4,32.1,5.87,149.2,3
North,2023,Corn,848.88,5.85,4965.95,236.9,28.6,7.42,91.4,10
East,2021,Soybean,336.08,4.97,1670.32,248.1,16.9,6.02,165.8,4
South,2021,Barley,896.25,2.27,2034.49,298.2,25.8,6.47,112.1,19
South,2023,Barley,722.33,3.04,2195.88,170.4,32,7.28,109.8,5
North,2021,Soybean,699.56,5.31,3714.66,184.2,16.3,6.33,162,19
South,2022,Soybean,428.79,2.79,1196.32,305.3,23.3,6.56,113.8,15
South,2022,Wheat,153.46,3.84,589.29,261.5,31.1,5.84,157.1,10
East,2020,Wheat,847.07,3.67,3108.75,104.4,32.2,6.07,178.3,8
South,2021,Rice,253.81,3.01,763.97,301.1,30.5,6.51,70.5,1
North,2022,Rice,435.03,4.2,1827.13,286,21.1,6.23,121.9,3
East,2023,Rice,640.32,3.37,2157.88,123.6,25.1,5.58,191.7,15
West,2021,Corn,534.03,1.11,592.77,324.3,29.8,6.3,171.8,3
East,2022,Barley,278.79,5.07,1413.47,256.6,18.1,7.13,196,8
North,2022,Corn,226.55,1.57,355.68,161.4,26.9,5.73,179,7
East,2023,Soybean,210.92,3.32,700.25,267.8,29.4,5.54,96.5,6
East,2020,Wheat,876.71,3.9,3419.17,278.6,32,5.74,76.9,17
North,2023,Soybean,128.4,4.53,581.65,376,17.2,6.87,81.6,8
East,2020,Soybean,979.31,3.05,2986.9,322.6,21.6,7.09,82.5,9
North,2022,Wheat,278.68,4.68,1304.22,190.6,25.8,5.6,61.4,10
North,2020,Soybean,199.29,1.66,330.82,135.4,29,7.28,186,1
West,2022,Rice,619.27,4.27,2644.28,356,29.6,6.75,125.4,18
South,2022,Wheat,171.99,5.13,882.31,353.8,20.1,6.54,65.2,9
South,2021,Soybean,642.21,5.45,3500.04,152.6,15.3,6.01,164.4,14
East,2020,Rice,865.56,3.9,3375.68,118.6,28.9,6.24,98.8,17
East,2020,Rice,143.11,2.56,366.36,313.6,33.2,7.39,60.7,4
West,2020,Barley,819.88,1.82,1492.18,316.8,31,7.32,78.5,11
West,2023,Rice,455.03,2.73,1242.23,153.1,27.4,6.75,148.6,7
West,2021,Corn,243.54,3.7,901.1,300.5,34.6,6.66,169.1,5
North,2021,Wheat,258.49,1.98,511.81,183.7,23.7,5.92,88.1,0
West,2021,Wheat,926.89,5.76,5338.89,178.2,25.5,7.41,136.6,12
West,2023,Wheat,199.55,5.49,1095.53,197.4,15.2,7.01,50.1,14
East,2020,Soybean,880.1,1.16,1020.92,256.1,33.9,6.26,91.8,10
West,2020,Soybean,589.82,3.81,2247.21,341.3,26.7,7.13,77.2,3
North,2020,Corn,135.15,4.95,668.99,249.6,22.8,5.92,61.5,7
North,2021,Rice,518.03,2.23,1155.21,189.4,15.9,5.93,122.6,6
East,2021,Soybean,835.7,3.62,3025.23,365.2,22.2,7.08,144.7,12
West,2022,Rice,753.58,3.03,2283.35,116.5,15.1,6.62,57,4
West,2023,Rice,539.9,1.98,1069,339.1,21.5,6.61,70.7,0
North,2023,Soybean,874.04,4.07,3557.34,335.3,34,6.65,189.8,15
West,2021,Soybean,208.33,5.97,1243.73,176.1,18.1,5.75,83.5,10
West,2022,Corn,918.95,2.83,2600.63,159.5,25.9,6.2,164,17
West,2020,Barley,861.8,3.76,3240.37,362.4,18.7,6.65,162.2,8
South,2021,Wheat,737.45,2.64,1946.87,267.7,30.7,6,98.2,3
East,2023,Soybean,836.1,5.38,4498.22,113.8,26.2,6.51,80.6,6
South,2023,Soybean,589.43,5.32,3135.77,367.2,19,6.61,86.6,6
East,2023,Rice,707.65,1.89,1337.46,204.7,32.3,7.39,134.9,12
North,2020,Barley,604.54,5.5,3324.97,202.6,30.7,5.99,107.2,18
West,2023,Soybean,419.89,1.76,739.01,293,34,6.38,124.3,6
East,2020,Barley,611.97,1.48,905.72,298.4,15,7.46,171.7,6
South,2020,Wheat,331.72,4.26,1413.13,206,24.1,5.87,125.3,12
West,2020,Rice,496.25,2.93,1454.01,143,35,7.06,199.3,3
North,2021,Corn,352.7,3.65,1287.36,265.7,31.2,5.85,149.9,11
East,2020,Wheat,210.6,4.26,897.16,287.6,31.6,7.2,81.1,7
East,2022,Barley,389.68,1.26,491,358.1,27.4,6.48,124.9,15
East,2023,Barley,866.79,2.46,2132.3,245.3,29.3,7.44,172,10
West,2021,Wheat,442.97,3.3,1461.8,293.7,31.1,5.84,82.7,3
South,2023,Barley,773.2,2.33,1801.56,116.3,16.8,6.88,159.4,14
South,2020,Corn,257.68,1.24,319.52,368.4,28.9,6.89,55,11
East,2021,Corn,481.98,1.43,689.23,198.2,31.3,6.94,191.4,1
North,2022,Barley,203.37,5.01,1018.88,289.7,15.8,5.7,149.5,5
North,2020,Barley,224.76,5.56,1249.67,374.8,20.9,6.08,74.4,17
South,2023,Corn,655.69,1.76,1154.01,343.2,21.5,6.18,181.1,11
North,2022,Barley,646.73,2.25,1455.14,291.3,32.1,6.15,62.3,15
South,2020,Soybean,292.03,4.26,1244.05,311.1,30.6,6.85,110.9,0
East,2022,Rice,526.98,5.77,3040.67,376.3,28.1,5.61,160.5,18
South,2020,Soybean,876.98,2.5,2192.45,343.6,31.1,6.96,190.6,3
South,2021,Barley,256.78,5.28,1355.8,283,24.1,6.55,102.3,9
East,2020,Barley,117.29,3.53,414.03,297.6,32.5,5.85,174.6,9
North,2021,Rice,686.8,5.78,3969.7,144.2,19.7,5.95,79.5,6
South,2020,Barley,148.15,1.68,248.89,241.1,29.1,5.7,55.3,5
South,2020,Rice,981.95,5.87,5764.05,190.3,19.8,6.42,54.3,11
East,2023,Corn,648.66,3.2,2075.71,229.6,15.8,6.69,148.7,9
North,2022,Rice,523.36,5.76,3014.55,298.7,20.7,6.66,73.1,11
South,2022,Rice,486.99,3.29,1602.2,144.7,24.9,7.42,57.5,12
East,2022,Soybean,615.76,3.65,2247.52,105.2,31.9,6.09,196.5,14
South,2020,Barley,181.56,5.02,911.43,219.1,25.2,7.02,86.3,12
West,2020,Corn,937.02,4.61,4319.66,196.7,18.6,6.95,119.4,18
East,2020,Wheat,663.08,4.1,2718.63,226.1,34.9,5.62,142,15
North,2021,Rice,265.58,3.08,817.99,379.4,20.4,7.36,71.7,10
North,2021,Wheat,606.32,4.96,3007.35,312.1,34.7,7.36,103.6,0
North,2023,Barley,219.93,5.74,1262.4,198.2,33.7,6.29,147.2,17
North,2020,Rice,115.8,1.05,121.59,153.8,25.8,6.34,146,6
South,2022,Wheat,667.47,3.94,2629.83,285.5,16.8,7.14,176.3,11
South,2022,Soybean,683.64,5.33,3643.8,297.3,28.9,6.49,115.6,17
North,2023,Wheat,625.33,4.27,2670.16,245.1,31.9,7.1,183.5,11
North,2022,Soybean,265.13,5,1325.65,163.8,23.9,5.57,152.3,8
North,2023,Corn,643.09,5.48,3524.13,108.6,19.8,6,134.3,16
South,2020,Barley,150.86,4.75,716.58,179.7,31.1,5.68,67.6,3
North,2022,Wheat,648.31,4.59,2975.74,237.2,25.9,6.41,136.2,3
North,2020,Rice,598.62,5.82,3483.97,336.4,19,7.21,139.2,19
West,2021,Barley,689.73,5.32,3669.36,356.1,34,6.64,163.8,19
West,2022,Wheat,905.93,5.08,4602.12,223.9,34,6.54,157.9,0
North,2021,Rice,865.32,1.43,1237.41,338.8,22.3,6.23,129.5,2
East,2022,Rice,982.59,2.2,2161.7,398,16.3,5.63,138.9,18
North,2020,Rice,978.62,3.78,3699.18,315,27.6,7.03,165.9,7
West,2023,Rice,795.09,4.55,3617.66,318.6,21.3,6.64,102.7,19
East,2020,Wheat,960.78,2.52,2421.17,372.9,16.3,7.36,70.2,0
East,2020,Corn,880.56,1.47,1294.42,201.4,32.8,6.36,181.1,5
North,2020,Soybean,754.82,2.56,1932.34,103.4,35,6.3,194.8,8
West,2022,Soybean,167.85,4.86,815.75,396.1,22,7.45,114.4,17
West,2023,Soybean,144.14,5.39,776.91,247.1,29.9,5.78,198.5,8
East,2021,Corn,853.84,5.56,4747.35,335.7,16.3,6,98.4,19
North,2020,Rice,540.69,2.89,1562.59,343.7,22.4,6.48,60,9
South,2022,Rice,833.15,2.86,2382.81,219.3,17.2,6.55,135.9,15
South,2021,Barley,381.63,3.03,1156.34,262.4,16.1,6.6,180.2,11
West,2020,Soybean,457.88,2.88,1318.69,262,26.8,5.92,142.6,5
South,2021,Soybean,730.17,4.33,3161.64,166.1,31,7.35,51.4,13
West,2020,Rice,923.79,2.79,2577.37,135.3,24.1,6.91,51.8,7
West,2021,Soybean,178.99,1.1,196.89,263.1,25.5,6.02,158.7,14
West,2021,Rice,875.33,3.2,2801.06,136,20.4,6.09,176.8,9
South,2023,Rice,813.71,2.12,1725.07,203.8,29.7,7.26,88,4
West,2023,Rice,383.99,1.14,437.75,155.8,22.2,6.26,120.5,19
East,2020,Wheat,419.69,3.35,1405.96,312.1,16.3,6.61,194.2,15
North,2022,Wheat,141.82,2.03,287.89,361.6,18.3,5.74,119.1,7
North,2023,Wheat,114.17,3.26,372.19,273.4,17.6,6,70.4,10
West,2021,Wheat,529.31,2.39,1265.05,223,23.7,6.33,186.7,2
North,2023,Corn,185.99,4.02,747.68,399,16.3,6.81,124.3,1
South,2023,Barley,274.6,5.95,1633.87,106.4,31.1,6.06,101.6,0
South,2020,Barley,862.09,3.74,3224.22,191.3,33.2,7.4,64.6,0
North,2023,Rice,613.93,4.23,2596.92,183.6,20,5.94,118.7,19
South,2023,Soybean,670.27,5.6,3753.51,206.9,24.7,7.06,165.5,9
North,2021,Wheat,268.73,2.87,771.26,169.2,25.4,6.23,157.6,17
North,2023,Barley,845.8,1.83,1547.81,179.3,34.7,7.17,124.5,15
North,2021,Barley,881.18,2.41,2123.64,177.3,16.3,7.35,157.9,18
West,2023,Wheat,570.99,3.01,1718.68,251.7,28.4,5.87,102.6,15
North,2023,Corn,921.3,4.23,3897.1,217.3,21.9,6.48,160.3,2
West,2022,Corn,860.35,1.02,877.56,291.8,25,5.81,62.9,6
North,2023,Barley,758.19,5.27,3995.66,254.3,19.3,6.91,79.9,5
North,2021,Corn,760.67,1.38,1049.72,155,18.2,7.16,181.7,10
North,2021,Wheat,194.85,5.5,1071.68,343,19.9,6.28,94,4
South,2020,Barley,343.75,5.75,1976.56,241.7,16.4,6.29,80.9,8
West,2020,Wheat,160.16,5.95,952.95,146,20.6,5.91,63.4,3
West,2022,Corn,107.81,5.05,544.44,150.1,28.8,6.11,108.9,11
North,2021,Wheat,242.48,1.71,414.64,339.1,28,6.15,60,9
North,2021,Corn,892.44,4.53,4042.75,310.9,26.1,5.81,124.5,2
South,2021,Corn,315.89,2.02,638.1,252,15,6.12,187.9,6
South,2022,Wheat,973.14,5.49,5342.54,191.8,17.5,7.31,168.1,1
South,2021,Corn,637.56,2.58,1644.9,238.2,31.9,6.15,56.1,7
West,2020,Rice,313.53,2.63,824.58,290.9,20.4,6.05,95,12
West,2022,Wheat,547.42,5.59,3060.08,363.8,33.2,6.27,78.1,14
West,2020,Rice,297.19,1.07,317.99,266.8,32.5,7.42,60,0
North,2020,Wheat,985.58,1.97,1941.59,183,18.1,7.03,66.3,1
West,2022,Corn,862.54,3.11,2682.5,112.8,33,5.9,186.2,17
East,2023,Corn,123.61,4.5,556.24,152.6,27.6,7.01,96.5,18
East,2023,Barley,953,4.24,4040.72,295.1,27.6,7.03,108.8,6
South,2020,Barley,748.96,4.35,3257.98,148.1,32.1,7.4,122.9,1
West,2023,Rice,174.14,5.4,940.36,244.5,23.1,7.28,161.7,15
East,2021,Corn,703.57,1.61,1132.75,309.7,29.7,5.69,169.8,15
South,2022,Barley,682.23,3.61,2462.85,192.5,28.4,6.41,194.6,3
West,2020,Corn,296.91,4.63,1374.69,300.7,30.4,6.91,81.6,16
North,2021,Wheat,782.6,4.18,3271.27,274.3,28.2,7.45,95.2,13
East,2023,Barley,178.36,3.24,577.89,231.7,16.6,5.67,96.9,7
North,2021,Rice,540.5,1.09,589.15,369.2,20.9,6.24,116.8,8
West,2023,Barley,108.93,1.3,141.61,307.6,33.8,6.48,171.1,7
East,2020,Corn,971.86,1.59,1545.26,208.2,19.5,6.33,85.9,17
West,2021,Soybean,776.41,2.72,2111.84,341.3,24.4,6.41,167.4,6
North,2022,Soybean,242.97,1.59,386.32,321.4,22.1,6.24,80.6,12
East,2020,Corn,407.51,3.13,1275.51,337.5,16.7,7.44,156.5,0
North,2021,Wheat,244.51,1.89,462.12,292.3,18.6,7.11,169.9,7
West,2021,Barley,789.96,4.9,3870.8,213.8,20.7,6.97,178.1,8
West,2023,Soybean,153.01,5.36,820.13,204.6,24.3,6.32,126.5,18
North,2020,Wheat,856.37,2.95,2526.29,296.2,32.5,7.26,99.3,14
East,2020,Corn,947.98,3.56,3374.81,139.3,25.3,5.69,165.9,2
North,2020,Wheat,708.97,5.77,4090.76,346,28,5.79,98.1,10
West,2020,Corn,291.67,3.68,1073.35,211.1,23.5,7.41,72.2,13
North,2023,Barley,424.08,5.98,2536,289.1,32.4,6.63,175.2,11
West,2022,Wheat,529.52,1.71,905.48,249.7,28.3,5.82,111.7,4
North,2020,Barley,644.16,5.31,3420.49,255.8,16.8,7.4,135.6,1
East,2023,Wheat,701.8,3.49,2449.28,321.4,24.6,7.45,187.8,6
East,2022,Corn,598.79,1.11,664.66,288,31.5,7.26,70.4,4
North,2022,Corn,416.18,5.86,2438.81,175.1,29.7,5.98,133.6,2
North,2023,Wheat,901.83,5.83,5257.67,122.3,33.1,6.06,133.8,9
East,2020,Corn,173.25,2.92,505.89,352.1,19.6,6.31,179.3,10
West,2022,Rice,519.63,5.77,2998.27,365.5,34.5,6.66,101.2,7
East,2020,Rice,798.01,1.71,1364.6,149.3,20.7,7.48,110.2,5
West,2020,Barley,154.79,4.4,681.08,192.8,16,7.41,127.9,11
North,2021,Rice,734.8,1.96,1440.21,184.7,24.9,7.34,75.1,12
North,2020,Rice,837.74,2.23,1868.16,381.2,17.2,5.68,120.6,1
West,2021,Soybean,694.75,4.9,3404.28,161.4,28.6,7.01,115.4,15
North,2022,Soybean,111.64,2.89,322.64,150,33,7.25,79.6,12
West,2023,Soybean,262.12,1.04,272.6,154.6,33.4,6.17,175,8
South,2021,Soybean,407.9,3.07,1252.25,319,27.1,5.94,114.7,12
East,2023,Corn,310.32,2.14,664.08,366.4,25.7,7,95.9,14
South,2022,Barley,966.39,4.42,4271.44,218,34.9,5.68,69.6,7
West,2020,Barley,686.43,1.97,1352.27,140.8,26.6,7.38,63.5,16
East,2022,Rice,367.27,5.21,1913.48,275.7,33.5,5.81,194,9
West,2023,Barley,936.73,2.34,2191.95,163,33.3,6.42,199.3,8
East,2022,Rice,766.53,2.97,2276.59,119.2,20.8,7.47,184.7,16
East,2020,Barley,356.15,2.49,886.81,365.9,15.3,7.48,118.8,16
East,2022,Wheat,440.99,4.22,1860.98,361.3,23.8,7.05,171.2,18
East,2020,Wheat,279.49,1.51,422.03,392.8,32.2,7.18,175.1,18
West,2021,Barley,973.97,3.39,3301.76,242.2,31.7,7.43,95,1
East,2023,Corn,565.57,2.67,1510.07,188.2,27.1,7.35,137.9,10
East,2020,Rice,906.45,5.42,4912.96,330.9,18.1,6.74,193.5,7
South,2020,Barley,411.85,1.37,564.23,154.1,17.2,6.97,92,16
North,2022,Rice,874.76,5.15,4505.01,173,34.1,6.69,149.4,0
North,2021,Soybean,148.5,1.84,273.24,176.7,23.4,6.51,149.4,17
South,2020,Barley,983.88,1.44,1416.79,385.5,28,7.26,117.9,6
South,2021,Corn,920.83,2.01,1850.87,318.9,33.1,6.98,123.5,8
West,2021,Soybean,426.88,1.51,644.59,140.1,32.4,7.22,118.5,8
West,2022,Barley,797.25,3.6,2870.1,127.9,26.3,5.69,128.2,9
West,2020,Wheat,777.03,5.94,4615.56,352.8,24.8,6.65,72.3,15
South,2022,Barley,911.13,1.17,1066.02,340.7,29.7,6.16,169.2,10
South,2023,Wheat,376.53,3.31,1246.31,301.3,22,6.53,149.2,5
East,2023,Wheat,518.97,2.93,1520.58,158.8,27.5,6.73,196.1,11
West,2020,Barley,878.5,2.7,2371.95,244.1,15.5,7.19,86.8,9
West,2021,Barley,800.72,2.66,2129.92,280.8,31.5,5.56,71.9,15
West,2020,Wheat,454.12,5.48,2488.58,379.6,35,5.83,101.4,13
North,2020,Rice,861.15,1.09,938.65,150.8,34.1,7.34,126.5,16
East,2023,Soybean,142.26,4.87,692.81,254.6,22.2,7.43,80.8,19
West,2023,Corn,803.84,2.26,1816.68,147.3,25.6,5.61,119.1,4
West,2021,Barley,286.09,2.92,835.38,233.2,19.7,6.16,146.4,3
West,2021,Soybean,357.51,3.1,1108.28,160,21.1,5.52,58.4,12
North,2020,Soybean,543.89,2.52,1370.6,350.9,24.1,7.01,163.7,6
North,2022,Rice,504.76,1.47,742,176.4,29.9,6.86,191,10
South,2020,Soybean,568.51,1.57,892.56,225.1,15.4,6.63,90.2,10
East,2021,Barley,590.3,2.49,1469.85,222.3,22.9,6.88,166.4,11
South,2022,Soybean,398.37,5.11,2035.67,359.9,26.1,6.58,112.7,2
East,2023,Barley,257.7,1.67,430.36,327.3,19.3,5.98,149.7,11
North,2021,Barley,791.63,4.71,3728.58,117.3,16.6,7.01,161.5,2
West,2021,Wheat,459.98,2.44,1122.35,120.1,25.8,7.07,94.2,0
South,2022,Rice,555.26,5.42,3009.51,265.4,27.8,7.21,168.1,9
West,2021,Corn,680.23,3.14,2135.92,228.3,27.8,7.41,65.8,0
South,2021,Wheat,918.67,1.86,1708.73,182.7,22.1,7,198,0
North,2021,Corn,736.8,5.93,4369.22,337.8,19.7,5.61,100.6,10
North,2021,Barley,140.91,1.88,264.91,138.6,19.4,5.54,83.6,15
North,2021,Wheat,854.7,3.84,3282.05,392.2,15.8,6.98,70.8,2
South,2021,Soybean,990.42,3.85,3813.12,107.2,18.7,5.61,171.8,2
East,2021,Soybean,525.24,2.86,1502.19,135.5,31.4,6.13,137.9,7
South,2021,Corn,972.63,5.76,5602.35,193.4,15.1,5.77,192.8,12
East,2023,Barley,592.6,5.22,3093.37,252.7,15.9,7.44,147.2,15
South,2021,Corn,513.65,5.15,2645.3,164.8,17.5,6.13,101.1,14
South,2023,Rice,398.26,5.87,2337.79,320.9,23.4,5.61,175.5,9
North,2023,Soybean,691.8,3.29,2276.02,207.3,21.7,7.4,92.2,16
West,2020,Wheat,306.84,1.49,457.19,111.6,18.6,6.72,93.6,2
West,2020,Wheat,194.44,4.83,939.15,363.3,17.2,5.57,54.2,13
East,2023,Wheat,124.51,2.9,361.08,383.2,33.8,7.17,87.8,0
West,2023,Soybean,363.14,1.95,708.12,285.6,33.2,5.81,89.2,8
South,2021,Barley,456.19,3.42,1560.17,342,30.4,7.1,94.6,18
South,2020,Soybean,596.87,5.63,3360.38,136.3,20,6.71,105.3,9
North,2022,Soybean,363.47,1.86,676.05,180.6,21.5,5.85,136.5,10
North,2020,Wheat,985.65,5.24,5164.81,197.6,28.3,7.01,82.5,13
West,2023,Soybean,362.57,3.09,1120.34,388.2,20.8,6.41,145.5,15
East,2023,Wheat,496.88,1.68,834.76,253.7,25.6,6.78,70,6
West,2021,Barley,192.95,5.24,1011.06,102.2,28,7.24,189.6,8
West,2021,Rice,334.56,5.85,1957.18,214.1,25.4,6.02,53.9,12
West,2020,Wheat,143.5,2.46,353.01,102.3,23.3,6.23,186.2,6
West,2021,Corn,603.56,2.52,1520.97,171.3,22,7.49,132.1,0
South,2022,Rice,775.96,2.95,2289.08,236.4,30.6,6.52,156.5,6
East,2022,Barley,276.14,5.07,1400.03,197,29.8,6.62,94.8,1
South,2021,Rice,431.12,1.05,452.68,109.8,28.9,6.07,76.1,1
East,2022,Wheat,114.95,2.12,243.69,134.9,22.5,6.33,192.1,0
North,2022,Barley,855.57,4.53,3875.73,265.3,30.5,6.5,116.2,8
West,2020,Corn,801.97,3.03,2429.97,308.7,34.2,6.02,122.1,9
South,2022,Wheat,156.93,2.65,415.86,221.4,28.8,5.98,197.9,9
East,2023,Wheat,428.38,5.36,2296.12,319.4,23.2,6.7,100.4,4
North,2023,Barley,959.76,5.59,5365.06,149,30.9,5.87,65,6
North,2020,Barley,452.82,5.74,2599.19,136.6,27.2,6.61,138,9
West,2021,Rice,573.59,2.36,1353.67,351.8,32.6,6.91,133.2,2
East,2020,Corn,419.72,5.56,2333.64,201.8,29.3,5.9,166,11
South,2021,Rice,636.52,4.68,2978.91,229.7,30.4,6.99,193.3,19
West,2021,Rice,980.34,1.77,1735.2,384.3,28.3,6.22,96.2,15
South,2021,Wheat,997.75,4.05,4040.89,227.2,16.8,7.49,158.3,17
North,2021,Barley,797.24,1.13,900.88,101,24.7,7.46,115.2,15
South,2021,Wheat,463.88,4.54,2106.02,381.4,16.1,7.1,167.6,9
South,2020,Corn,544.99,4.67,2545.1,104.2,24,6.19,74.6,0
West,2021,Rice,421.06,4.95,2084.25,298.7,29.3,7.37,125.1,15
South,2022,Corn,987.02,1.86,1835.86,196.9,23.4,7.5,61.6,4
West,2022,Barley,736.98,4.14,3051.1,241.1,15,6.42,134.2,11
North,2021,Barley,504.04,1.89,952.64,264.2,22.4,6.73,75.3,15
West,2022,Soybean,110.9,5.73,635.46,222.5,16.4,5.51,194,13
West,2023,Corn,568.44,4.38,2489.77,332.3,30.6,5.59,133.1,9
East,2020,Wheat,985.54,1.48,1458.6,379.2,30.7,6.5,129.4,15
South,2020,Corn,570.75,1.94,1107.25,125.9,31.1,6.72,195.8,14
North,2021,Rice,264.18,4.32,1141.26,340.1,15.6,6.12,124.8,10
West,2021,Barley,119.88,3.38,405.19,138.6,15.6,5.7,151.5,5
North,2023,Barley,419.23,4.68,1962,124.1,33.1,7.06,57,18
East,2021,Corn,926.41,2.4,2223.38,386.7,17.5,6.34,156.3,14
South,2022,Corn,996.9,4.29,4276.7,246.8,28.4,6.8,65.6,12
West,2023,Corn,950.83,1.88,1787.56,145.8,30.9,6.8,167,18
South,2022,Rice,756.48,3.72,2814.11,271,24,6.59,181.5,0
East,2020,Rice,602.33,5.79,3487.49,179,25.9,5.86,97.3,9
East,2022,Wheat,631.62,4.14,2614.91,239.3,19.5,6.73,181.7,10
North,2020,Corn,585.09,1.25,731.36,287.4,33.5,6.14,122.4,11
West,2022,Wheat,736.34,5.94,4373.86,360.8,21,7.14,135.7,13
North,2020,Soybean,476.99,1.78,849.04,100.9,19.4,5.89,111.6,15
East,2021,Rice,702.28,4.59,3223.47,164.2,25.5,6.08,121.5,6
South,2022,Barley,209.45,3.66,766.59,128.9,18.8,6.38,186.2,3
North,2020,Soybean,339.13,2.47,837.65,129.1,28.7,6.98,192.1,15
North,2022,Barley,852.4,1.89,1611.04,383.7,25.3,6.94,116.9,18
South,2023,Soybean,913.37,1.89,1726.27,380.8,18,6.17,127.2,2
North,2021,Wheat,585.11,5.29,3095.23,324.8,16.3,6.52,67.4,8
South,2020,Wheat,128.47,5.36,688.6,292.9,17.7,5.97,98.8,16
West,2023,Rice,934.28,3.33,3111.15,354.4,17.7,7.04,127,3
South,2022,Barley,731.86,1.52,1112.43,117.5,21.3,5.89,80.4,8
West,2023,Soybean,472.63,5.42,2561.65,135.8,31.7,7.14,136.5,13
South,2022,Corn,638.54,3.44,2196.58,195.1,16.1,7.37,152.8,11
East,2021,Corn,486.8,3.19,1552.89,349.7,17.6,7.48,147.5,18
East,2023,Rice,518.81,3.04,1577.18,241.7,21.1,7.21,116.4,10
West,2021,Barley,898.13,2.83,2541.71,251.1,26.1,5.94,165.4,3
West,2020,Corn,244.98,3.63,889.28,168.8,30.3,6.33,97.9,12
East,2022,Rice,193.3,4.02,777.07,294.5,33.4,5.68,120.4,13
West,2022,Rice,102.46,3.33,341.19,366.4,23.2,5.83,90.5,9
South,2021,Barley,382.6,5.48,2096.65,198.9,17.1,5.6,140.5,15
South,2021,Corn,232.67,2.59,602.62,285.8,19.3,6.78,116.1,19
East,2020,Corn,297.99,3.89,1159.18,199.6,20.7,6.57,82.6,19
North,2023,Corn,110.12,2.5,275.3,337.8,30.7,7.33,96.2,5
South,2022,Wheat,304.48,4.77,1452.37,242.5,28.7,6.43,91.9,11
West,2022,Corn,399.44,1.51,603.15,201.8,19.2,6.78,186.6,15
North,2020,Soybean,128.41,1.94,249.12,226,31.8,6.3,128.3,7
North,2020,Wheat,647.11,5.01,3242.02,127.4,32.2,7.16,147.9,2
South,2021,Wheat,611.92,1.92,1174.89,359.8,32.6,7.35,190.2,14
South,2021,Wheat,187.33,4.13,773.67,387.4,20.5,6.36,77.3,17
North,2023,Wheat,635.51,5.85,3717.73,243.2,17.7,5.67,190.5,7
North,2020,Rice,998.79,3.61,3605.63,166.4,17.1,5.83,130.9,8
East,2023,Soybean,950.02,1.94,1843.04,299.4,23,6.94,178.4,19
West,2020,Barley,102.4,2.6,266.24,235.7,23.6,6.15,75.2,11
East,2022,Corn,815.84,5.12,4177.1,175.7,32.4,7.07,90.9,14
South,2020,Wheat,418.24,2.76,1154.34,111.5,20.4,7,79.1,11
East,2020,Barley,157.29,4.62,726.68,366.9,27.5,6.89,148,14
East,2022,Rice,366.38,4.89,1791.6,339,30.8,7.13,71.1,17
East,2020,Barley,389.56,3.51,1367.36,348.7,20.4,7.01,168.9,2
East,2023,Wheat,570.92,4.92,2808.93,232,20.3,6.77,87.6,17
West,2021,Soybean,694.98,2.58,1793.05,326,28.4,5.51,88.3,7
West,2021,Barley,774.15,3.58,2771.46,274.4,29.5,6.53,92.2,17
North,2023,Wheat,321.31,4.43,1423.4,212.4,34.2,6.69,162,9
South,2022,Wheat,389.59,1.84,716.85,352.8,32,7.42,188.6,6
East,2020,Corn,377.54,2.37,894.77,399.6,31.4,6.8,186.1,1
North,2023,Corn,426.46,4.26,1816.72,369.8,28.8,6.65,65.2,17
North,2021,Soybean,999.69,4.28,4278.67,332.9,17.4,6.58,89.4,9
North,2021,Corn,800.15,3.47,2776.52,324.3,31.2,5.71,150.8,18
West,2023,Soybean,977.49,4.98,4867.9,295.1,33.7,6.36,142.8,2
East,2021,Rice,723.8,3.41,2468.16,356.1,22.8,5.77,102.5,5
East,2023,Rice,465.64,5.41,2519.11,247.9,21.3,5.61,179.4,9
South,2021,Corn,450.77,4.68,2109.6,154.5,25.4,6.16,69.6,19
East,2023,Rice,539.72,2.57,1387.08,330.4,34.1,6.79,145.9,9
East,2020,Barley,475.18,2.98,1416.04,375.9,16,7.23,91,12
North,2020,Barley,845.49,4.34,3669.43,202.4,29.2,7.12,129.1,9
South,2020,Barley,518.5,5.47,2836.2,334.9,31.3,6.09,108.1,18
East,2020,Rice,366.05,1.89,691.83,182.1,30.8,5.59,197,13
West,2021,Barley,797.37,3.57,2846.61,382.8,26.3,6.31,123,10
East,2022,Soybean,868.98,1.59,1381.68,305,33.4,6.13,196.4,19
North,2023,Wheat,478.39,2.4,1148.14,270.8,17.7,6.24,88.3,15
West,2022,Corn,701.03,4.43,3105.56,334,19.9,6.62,165.2,2
North,2021,Soybean,152.92,1.39,212.56,344,21.1,5.56,157.6,12
East,2021,Barley,576.52,4.31,2484.8,367.7,15.2,6.24,177.1,13
West,2022,Wheat,140.48,5.5,772.64,370.3,22.4,6.62,154,8
South,2022,Corn,126.27,5.85,738.68,115.8,18.2,6.36,152.4,3
South,2021,Soybean,651.63,2.08,1355.39,136.9,29.5,6.83,149.1,13
West,2021,Corn,373,4.74,1768.02,347.8,23.3,5.87,197.8,10
West,2023,Rice,768.28,5.63,4325.42,383.8,29.1,5.81,84.2,11
North,2020,Barley,906.47,1.46,1323.45,192.3,20.9,6.12,54.5,16
West,2020,Soybean,225.45,3.07,692.13,102.6,17.6,5.7,151.7,15
North,2023,Soybean,752.07,5.6,4211.59,196.8,17.6,5.97,75.9,0
East,2022,Wheat,563.07,2.01,1131.77,214.9,19.1,5.67,151.9,15
North,2021,Wheat,200.91,5.67,1139.16,328.3,17.3,6.3,98,17
West,2022,Wheat,686.43,3.64,2498.61,114.3,19.4,6.92,56.5,10
West,2020,Corn,648.52,1.5,972.78,163.8,26.6,6.07,165.5,1
East,2020,Barley,564.08,3.25,1833.26,368.2,20.1,5.51,57.7,15
West,2022,Corn,933.82,2.63,2455.95,146.4,21.9,6.61,83.6,15
West,2020,Barley,568.97,2.41,1371.22,327.8,16.1,6.88,100.5,3
South,2021,Soybean,991.46,3.71,3678.32,208.4,32.8,6.28,69.9,0
South,2023,Corn,558.31,3.42,1909.42,298.8,17.8,6.09,187,10
East,2022,Corn,204.27,3.41,696.56,122.2,22,6.48,143.3,6
North,2021,Corn,523.42,1.44,753.72,186,22.6,5.7,181.3,5
South,2021,Rice,264.1,5.01,1323.14,227.4,30.4,6.79,152.3,5
North,2020,Barley,637.42,3.41,2173.6,357.2,24.7,6.97,198.8,19
West,2021,Barley,723.82,5.1,3691.48,269,22.7,6.91,128.8,17
South,2022,Corn,521.59,5.12,2670.54,113.6,28.9,6.16,58.1,7
East,2021,Rice,187.93,2.59,486.74,340.6,26.9,7.19,74.1,5
East,2023,Corn,521.78,1.02,532.22,116.4,16.6,7.39,138.3,7
East,2021,Barley,173.31,5.56,963.6,380.3,21.3,6.09,102.2,2
South,2021,Soybean,713.91,4.8,3426.77,163.5,34.6,6.03,66.9,3
North,2023,Rice,811.33,1.54,1249.45,246.4,24.7,6.91,85.7,5
West,2021,Rice,966.14,4.51,4357.29,121.7,23.5,6.92,121.2,16
North,2021,Corn,233.92,1.1,257.31,268.5,18,6.52,127.7,0
North,2020,Soybean,579.18,1.14,660.27,249.2,31.8,7.35,190.2,14
West,2022,Barley,610.78,3.63,2217.13,223.1,17.7,5.79,63.6,14
West,2020,Wheat,930.23,1.48,1376.74,110.7,17.1,6.45,103.7,11
South,2022,Barley,664.55,5.82,3867.68,363.7,23.8,5.57,125.9,5
South,2023,Barley,230.96,5.47,1263.35,340.8,23.7,5.61,67,19
South,2023,Soybean,492.72,4.25,2094.06,289.9,34.6,5.61,153.2,4
South,2023,Rice,689.29,1.32,909.86,271.7,17.6,6.48,127.3,6
South,2022,Barley,730.26,2.62,1913.28,308.5,24.7,6.68,118.9,7
West,2022,Rice,876.77,2.86,2507.56,143.2,19,5.51,148.4,9
North,2022,Soybean,262.46,3.4,892.36,379.8,29,6.77,93.2,6
South,2023,Soybean,956.39,1.84,1759.76,185.4,22.8,6.48,100.9,6
South,2022,Corn,153.23,3.89,596.06,296.9,28,5.95,74.4,13
North,2021,Wheat,985.39,3.18,3133.54,282,21.8,5.53,128.6,3
South,2020,Soybean,871.99,5.74,5005.22,291,26.3,5.81,105.9,9
North,2023,Soybean,694.25,5.68,3943.34,363.7,24.4,6.7,89,12
North,2020,Rice,761.5,3.83,2916.54,188.8,22.5,6.82,68.7,6
West,2021,Soybean,165.42,4.22,698.07,324.7,25.8,6.79,53.5,2
East,2022,Barley,137.33,1.69,232.09,279.5,22.7,5.81,79,4
West,2020,Corn,191.59,2.12,406.17,122.8,31.1,7.32,87.1,17
East,2021,Corn,178.62,5.5,982.41,224.2,24.9,6.32,122.8,6
East,2021,Barley,592.64,4.5,2666.88,351.4,33.1,7.04,86.1,5
East,2020,Soybean,293.9,1.95,573.1,194.6,19.5,5.83,172.6,7
South,2023,Wheat,874.19,3.85,3365.63,244.7,17.2,6.44,121.1,6
West,2020,Soybean,501.17,5.67,2841.63,246.6,22.6,6.54,143.6,19
East,2023,Corn,725.96,2.73,1981.87,285.4,18.7,7.04,81.2,10
North,2022,Wheat,687.59,1.93,1327.05,365.2,22.9,6.74,112.4,9
South,2023,Rice,387.87,5.71,2214.74,152.1,19.1,6.3,140.4,5
West,2022,Rice,318.85,3.31,1055.39,251.4,32.4,6.07,96.7,17
East,2020,Soybean,408.21,3.09,1261.37,227.3,26.4,7.45,100.4,5
North,2022,Soybean,816.99,2.34,1911.76,188.8,25,6.07,171.1,9
West,2021,Wheat,627.65,5.46,3426.97,375.9,30.8,5.76,175.6,8
West,2022,Wheat,328.18,5.23,1716.38,102.5,17.6,6.1,129.9,7
South,2023,Soybean,836.06,3.01,2516.54,136.6,32.1,6.15,184.5,11
West,2023,Corn,149.28,1.15,171.67,320,24.7,5.76,160.5,9
South,2023,Rice,729.27,3.23,2355.54,179,17.7,6.92,58.3,11
East,2022,Wheat,495.19,1.9,940.86,317,31.4,6.74,133.9,17
South,2023,Corn,758.16,1.71,1296.45,349.7,24.2,6.13,154.7,18
North,2023,Soybean,934.72,2.97,2776.12,176.4,27.1,7.49,131.1,13
South,2021,Barley,775.03,1.5,1162.54,157.6,32.9,6.81,174.8,12
North,2022,Wheat,497.77,5.79,2882.09,143.6,32.8,6.91,95.1,6
South,2021,Barley,235.88,1.24,292.49,160,32.9,6.61,59.8,7
West,2023,Corn,825.72,3.01,2485.42,180.2,23.3,6.6,145,14
East,2023,Rice,514.63,1.81,931.48,360.6,30,5.54,159.6,8
North,2023,Corn,167.78,4.44,744.94,331,19.7,7.04,164.8,2
South,2022,Rice,747.15,1.39,1038.54,100.6,31.6,7.32,51.7,4
South,2020,Corn,362.67,3.73,1352.76,362.2,21.8,5.74,151,3
South,2023,Wheat,144,4.87,701.28,123.6,24.3,7.09,53.1,19
West,2023,Wheat,912.48,5.75,5246.76,296.6,32.8,6.57,166.2,19
West,2023,Barley,534.79,4.49,2401.21,145.4,31.1,6.07,155.5,5
North,2023,Corn,352.86,1.5,529.29,118.7,34.1,7.34,135.1,7
North,2022,Corn,744.75,1.44,1072.44,327.9,22.3,5.53,125.9,2
West,2020,Barley,897.31,4.66,4181.46,240.2,18,6.05,157.3,3
North,2020,Soybean,100.28,2.08,208.58,279.7,33.2,7.27,58.6,16
East,2020,Corn,719.07,3.24,2329.79,227.6,24.9,6.46,174.8,16
East,2023,Corn,790.31,5.88,4647.02,120.2,32.8,6.7,80.2,4
West,2023,Corn,288.93,5.1,1473.54,321.9,29.6,7,121.7,16
North,2020,Soybean,540.66,5.23,2827.65,346.1,32.5,5.8,123,11
South,2020,Wheat,180.36,5.3,955.91,112.4,28.1,5.93,166.6,2
East,2023,Barley,772.07,4.1,3165.49,212.7,31.2,7.5,78.9,1
West,2023,Soybean,862.71,4.72,4071.99,267.2,17.4,5.97,95,10
North,2021,Rice,197.37,2.79,550.66,281.6,34.4,6.58,149.5,5
West,2021,Rice,834.81,5.99,5000.51,273.4,18.6,6.1,111.9,16
South,2021,Soybean,794.41,2.4,1906.58,307.9,15.5,7.2,94.8,18
East,2020,Soybean,412.22,3.95,1628.27,390,25.6,7.42,143.2,12
West,2022,Wheat,721.26,2.41,1738.24,217.2,29.2,5.78,63,4
West,2023,Rice,100.04,1.56,156.06,267,29.3,6.7,168.5,4
West,2021,Barley,938.62,3.84,3604.3,309.7,21.8,7.12,128.7,18
South,2022,Corn,595.34,2.77,1649.09,277.7,30.1,7.15,80.9,14
West,2023,Corn,658.3,3.92,2580.54,216,31.9,6.38,111.3,3
South,2022,Wheat,698.19,3.79,2646.14,287.2,27.2,5.95,69.7,5
South,2020,Wheat,605.23,3.71,2245.4,295,22.7,6.27,142.5,2
South,2020,Rice,871.09,1.62,1411.17,275.5,27.3,7,150.4,10
East,2020,Barley,648.73,3.2,2075.94,161.5,32.2,7.49,110.8,18
East,2021,Barley,916.98,5.06,4639.92,251.8,33,6.61,101,3
West,2023,Soybean,624.1,2.58,1610.18,365.3,15.6,5.89,177.5,6
West,2020,Wheat,254.01,3.22,817.91,360.6,17.4,5.58,136.4,2
East,2021,Corn,922.21,3.47,3200.07,325.2,15.1,7.39,150.1,4
North,2021,Corn,713.46,5.31,3788.47,309.2,24.8,6.47,69.1,15
East,2021,Rice,729.32,4.28,3121.49,146,23.7,6.93,157,18
South,2021,Corn,986.93,1.5,1480.4,237.8,25.9,6.82,116.7,17
East,2020,Barley,167.68,5.33,893.73,133.3,28.7,7.28,105,2
South,2021,Barley,485.73,5.16,2506.37,345.2,22.3,6.03,189.4,4
West,2020,Wheat,315.19,4.77,1503.46,187.3,19.2,6.38,58.1,6
North,2020,Rice,667.38,3.33,2222.38,330.1,22.9,7.33,79.3,6
West,2021,Corn,826.13,4.79,3957.16,344.4,15.2,6.67,106.3,2
South,2020,Wheat,969.68,3.39,3287.22,367.7,31.6,5.64,98.6,8
South,2023,Soybean,509.14,4.68,2382.78,326.1,22.7,5.89,126.6,7
South,2023,Soybean,807.6,5.4,4361.04,269.4,27.5,5.97,110.1,17
North,2022,Corn,925.35,5.45,5043.16,279.5,21.5,7.49,168.2,9
East,2023,Corn,714.99,3.27,2338.02,196.2,27.3,5.95,165.2,19
West,2020,Corn,318.46,5.3,1687.84,153.1,25.8,7.24,165.9,7
West,2020,Barley,647.07,1.51,977.08,139.2,19.2,5.66,105.4,7
East,2023,Corn,972.96,1.51,1469.17,154.6,27.5,5.86,111.1,16
West,2021,Soybean,988.8,3.74,3698.11,380.2,17.2,7.24,158.1,16
North,2021,Corn,678.12,4.26,2888.79,149.3,24.6,7.3,68.6,3
West,2020,Rice,898.29,1.76,1580.99,317.1,29.4,5.85,177.8,5
South,2021,Soybean,280.31,3.36,941.84,155.4,26,5.96,131.2,18
East,2022,Rice,321.47,1.47,472.56,392.6,29.9,6.56,177.3,0
North,2022,Soybean,957.6,4.01,3839.98,210,20.5,5.61,169,3
East,2023,Wheat,221.71,5.28,1170.63,223.6,16,7.39,106.2,10
North,2023,Soybean,272,4.69,1275.68,221.4,16.1,6.22,65.2,5
South,2021,Soybean,478.49,2.89,1382.84,344.9,20.4,6.48,188.1,11
East,2020,Rice,630.63,5.97,3764.86,165.5,23.2,5.71,101.7,4
West,2023,Rice,643.44,4.31,2773.23,349.3,25.8,5.57,106.1,13
North,2022,Soybean,362.78,5.08,1842.92,297.1,30.2,6.44,186.4,16
East,2023,Soybean,928.55,4.35,4039.19,166.1,31.8,5.74,187.6,3
West,2023,Barley,923.59,5.95,5495.36,119.6,28.9,6.76,89.4,14
East,2022,Wheat,452.86,5.11,2314.11,332.5,24.3,7.09,63.3,5
East,2020,Wheat,490.86,3.6,1767.1,165.7,20.3,5.56,50.2,12
East,2023,Corn,732.25,2.83,2072.27,366.7,23.6,6.72,115.7,11
North,2023,Soybean,696.7,4.41,3072.45,138.9,20.5,7.13,135.3,9
West,2023,Soybean,444.07,3.95,1754.08,284.9,27.5,6.38,90.6,5
South,2021,Soybean,472.82,4.15,1962.2,307.7,31.4,7.42,89,8
North,2023,Soybean,413.24,2.72,1124.01,297.3,25.4,5.72,103.5,15
North,2022,Wheat,311.85,3.14,979.21,194.8,15.9,6.15,89.5,7
North,2020,Rice,512.32,3.79,1941.69,362.7,33.8,5.96,178.8,6
South,2020,Barley,717.79,5.2,3732.51,330.9,20.9,7.49,146.4,13
West,2022,Rice,767.77,4.81,3692.97,253.1,33.3,6.09,174.3,3
West,2021,Rice,800.99,1.59,1273.57,281,31.3,6.28,179.1,2
West,2022,Wheat,437.26,2.23,975.09,269.9,23.3,7.2,115.3,2
East,2020,Barley,788.17,1.13,890.63,384,16.1,7.36,121.6,18
East,2022,Soybean,105.86,1.04,110.09,368.9,34,7.38,196.7,9
East,2021,Wheat,529.34,2.12,1122.2,170.6,28.2,6.62,172.5,13
South,2020,Wheat,814.51,5,4072.55,178.8,20,6.83,169.7,5
East,2021,Barley,667.04,5.52,3682.06,394.4,25.7,6.2,137.6,11
South,2022,Corn,526.66,2.96,1558.91,171,27.7,6.71,119.2,11
West,2023,Wheat,680.18,3.82,2598.29,386,19.5,6.11,184.2,3
East,2022,Rice,916.25,4.53,4150.61,294.9,16.9,6.99,170.7,9
East,2021,Rice,609.74,5.76,3512.1,115,20.3,6.11,127.5,11
North,2022,Soybean,819.81,5.56,4558.14,200.7,16,7.26,90.6,16
South,2023,Wheat,982.67,1.29,1267.64,242.8,16.4,5.79,72.1,6
West,2021,Soybean,735.01,2.24,1646.42,349.9,18.1,6.64,132.9,9
North,2022,Wheat,615.99,1.25,769.99,198.6,18.2,6.54,94.4,0
North,2021,Barley,133.74,4.08,545.66,193.2,20,6.03,89.6,18
West,2021,Wheat,437.03,4.55,1988.49,376.1,33.7,5.56,65.9,19
North,2020,Corn,608.9,2.54,1546.61,123.7,26.5,5.8,55.2,4
South,2020,Rice,817.49,5.27,4308.17,265.5,23.5,7.44,167.5,5
South,2021,Barley,494.29,3.26,1611.39,251.3,26.3,7.38,66.2,0
East,2022,Rice,964.05,5.99,5774.66,117.2,15.1,5.74,183.3,14
North,2022,Soybean,344.61,1,344.61,126.3,32.9,6.25,82.1,1
East,2022,Barley,770.11,1.55,1193.67,214.6,25.6,6.43,164,17
North,2023,Corn,477.13,2.51,1197.6,140.2,24,6.46,173.4,12
South,2021,Rice,537.39,1.13,607.25,243.4,33.8,6.1,168.9,1
South,2021,Wheat,822.25,4.91,4037.25,282.7,29.6,7.33,180.9,7
South,2023,Wheat,366.59,1.26,461.9,307.4,21.7,7.32,101,4
North,2021,Wheat,187.13,4.74,887,263.9,33.7,5.54,197.9,14
South,2021,Barley,568.23,1.26,715.97,213.9,32,6.8,91.9,12
North,2023,Corn,575.92,2.26,1301.58,138.9,34.1,5.65,190.1,16
East,2020,Corn,817.45,5.21,4258.91,174.2,16.9,6.69,115.6,3
North,2021,Corn,971.49,5.76,5595.78,225.8,34.1,7.23,58.5,6
East,2023,Rice,149.77,3.07,459.79,377.2,25.9,6.8,167.7,1
North,2022,Barley,632.52,5.85,3700.24,160.8,28.4,6.44,168.1,8
East,2020,Wheat,713.15,4.13,2945.31,224,19.2,7.42,79.6,1
South,2022,Rice,987.22,3.08,3040.64,319.7,17.8,6.99,173.5,16
East,2021,Corn,948.33,5.01,4751.13,311.6,16.6,6,73.6,17
South,2020,Wheat,741.21,2.48,1838.2,389.7,23.4,6.27,72.7,5
South,2023,Barley,569.61,2.33,1327.19,157.3,19.4,7.02,171.3,17
East,2021,Soybean,245.37,4.28,1050.18,105,16.6,5.54,93.5,5
North,2023,Corn,445.76,2.95,1314.99,196.7,34.1,5.63,61.5,1
North,2020,Corn,626.61,1.68,1052.7,144.9,29.7,7.22,193.5,1
West,2022,Corn,752.68,1.33,1001.06,264.5,25.4,5.59,133.6,5
North,2021,Corn,671.86,4.94,3318.99,369.6,29.9,6.86,117.2,8
West,2021,Wheat,742.71,4.38,3253.07,306.5,27.2,6.14,125.6,3
North,2023,Barley,486.24,3.06,1487.89,140.7,18.6,7.15,150.6,9
North,2020,Rice,754.86,5.48,4136.63,134.8,27.7,7.19,179.2,19
South,2023,Wheat,229.37,3.05,699.58,373.4,28.6,7.41,150.9,1
West,2020,Barley,246.33,4.55,1120.8,246.3,19.7,5.69,160.9,12
North,2021,Rice,246.55,5.55,1368.35,377.1,21.4,6.35,77,3
West,2020,Corn,901.78,5.2,4689.26,320.9,22.7,6.65,107.6,10
South,2021,Barley,168.43,3.56,599.61,398,27.1,7.33,137.7,9
South,2020,Corn,821.36,4.4,3613.98,361.4,17.5,6.03,142.9,12
West,2022,Barley,310.21,3.07,952.34,224.3,29.9,5.64,90.6,6
South,2020,Soybean,521.59,4.24,2211.54,327.5,21.9,5.9,196.2,3
East,2022,Corn,924.36,2.29,2116.78,241.4,28.8,6.49,67.7,4
East,2020,Corn,627.34,3.17,1988.67,169.9,33.7,6.86,66.8,6
South,2020,Corn,289.11,2.05,592.68,172.3,32.4,6.88,84.4,10
East,2023,Wheat,355.68,1.19,423.26,219.2,29.8,5.65,163.1,2
North,2023,Rice,928.4,3.94,3657.9,133.4,18.9,7.02,55.5,12
West,2021,Corn,484.43,5.32,2577.17,153.3,29.6,6.82,198.2,2
North,2023,Corn,628.29,1.13,709.97,250.2,27.7,6.32,198.2,4
West,2020,Wheat,513.94,1.98,1017.6,386.2,30.5,6.64,74,13
South,2023,Wheat,440.59,3.3,1453.95,273.3,32.4,7.04,110.2,19
North,2020,Soybean,300.95,4.33,1303.11,222.5,21.2,6.02,80.6,4
South,2022,Barley,717.57,1.86,1334.68,172.8,27.9,7.38,111.2,16
South,2020,Corn,746.42,1.28,955.42,158.8,20.5,5.78,129.9,13
West,2021,Barley,347.4,3.6,1250.64,297.5,21.9,7.3,173.4,15
West,2022,Wheat,810.11,5.09,4123.46,354.5,25.4,6.98,55.4,19
West,2021,Wheat,869.08,1.18,1025.51,219.7,23.7,6.82,198,5
North,2021,Soybean,928.61,2.75,2553.68,265.2,27,5.67,191.1,4
East,2021,Rice,245.09,4.32,1058.79,312,30.2,7.34,135.6,17
West,2023,Wheat,373.53,1.65,616.32,117.5,27.1,6.09,122.1,17
West,2021,Corn,874.32,2.18,1906.02,205.3,34.4,6.99,132.6,14
North,2022,Soybean,278.69,3.68,1025.58,318.9,29.8,7.27,52.8,18
West,2020,Rice,103.12,5.77,595,305.4,34.7,5.99,160.7,3
North,2021,Soybean,883.74,2.44,2156.33,116,29.9,7.33,124.5,5
South,2022,Wheat,393.8,3.44,1354.67,171.3,25.2,6.72,92.9,8
West,2021,Rice,473.05,3,1419.15,304,23.2,6.82,119.2,8
West,2020,Barley,501.7,5.49,2754.33,181.4,29.7,7.33,93.9,18
South,2022,Rice,863.45,1.36,1174.29,344.3,28.7,6.55,155,16
South,2022,Corn,404.1,3.83,1547.7,108.9,28.4,6.38,142.2,19
South,2020,Barley,903.05,5.23,4722.95,157.1,29.4,6.77,108.2,13
West,2022,Barley,655.25,5.94,3892.19,184.4,32.4,6.61,97.1,7
East,2020,Corn,574.56,4.49,2579.77,377.6,19.6,5.62,181.7,8
East,2022,Barley,393.05,2.9,1139.84,338.9,26.3,5.86,152.3,1
East,2022,Wheat,319.34,3.06,977.18,365.2,27.1,5.53,157.4,7
West,2020,Rice,661.65,2.76,1826.15,232.1,20.9,5.72,142.8,8
South,2020,Rice,502.2,4.02,2018.84,346.8,34.8,6.96,61.3,12
West,2022,Corn,919.46,4.7,4321.46,356,30.7,5.51,58.9,9
South,2022,Wheat,542.47,5.1,2766.6,220,21.4,6.11,114.4,12
West,2020,Barley,560.62,3.08,1726.71,398.3,22.2,6.4,189.6,4
West,2023,Rice,475.05,4.58,2175.73,355.4,29.4,7.38,128.7,14
South,2020,Rice,810.34,5.58,4521.7,392.2,15.2,6.15,181.4,19
East,2022,Rice,482.36,5.6,2701.22,359.9,24.3,7.07,64.5,6
South,2022,Rice,342.41,4.52,1547.69,332.9,21.9,6.32,158.6,11
North,2022,Soybean,875.83,4.18,3660.97,383.2,32.1,5.7,86.8,19
North,2020,Corn,637.15,3.66,2331.97,225.9,30.8,5.7,128.7,15
South,2022,Barley,632.36,1.92,1214.13,335,21.6,6.36,93.9,1
West,2023,Barley,649.74,1.62,1052.58,163.9,32.3,5.62,156.9,9
North,2021,Corn,746.96,3.43,2562.07,319.8,33.3,6.64,110.1,8
North,2023,Wheat,381.76,1.8,687.17,335.6,26,6.49,119.3,19
West,2020,Corn,130.46,3.88,506.18,315,18.2,6.91,86.8,2
West,2022,Rice,829.53,4.23,3508.91,354.9,30.4,5.87,92.2,10
East,2020,Rice,216.01,3.63,784.12,224,21.4,6.69,76.9,9
West,2021,Corn,749.64,1.18,884.58,263.4,25.5,5.85,133.1,12
South,2020,Corn,174.08,1.29,224.56,103.2,15.9,6.94,71.7,1
South,2022,Barley,437.78,1.57,687.31,143.8,25,6.11,90.2,15
East,2021,Barley,156.72,1.77,277.39,293.3,22.6,6.73,129.6,7
North,2021,Soybean,569.99,5.95,3391.44,268.7,28.7,7.27,91.2,19
North,2022,Soybean,687.82,2.72,1870.87,159.2,15.8,6.48,138.3,9
West,2022,Rice,254.29,2.46,625.55,173,27.5,5.88,52.1,16
South,2022,Soybean,434.46,1.26,547.42,203.2,30.4,7.27,196,17
North,2020,Soybean,937.22,4.18,3917.58,314.9,15.3,6.22,159.5,19
East,2023,Wheat,498.15,4.26,2122.12,282.9,30,6.96,125.6,9
East,2020,Corn,822.29,1.88,1545.91,120.9,17.6,6.14,188.1,1
South,2020,Barley,934.47,5.6,5233.03,328,29,6.1,180.5,1
East,2023,Soybean,976.91,5,4884.55,178.8,24.1,6.78,105,9
East,2022,Barley,908.49,2.15,1953.25,301.5,26,5.81,67.4,1
South,2022,Soybean,385.66,3.43,1322.81,137,21.7,7.23,87.8,13
West,2023,Soybean,966.32,3.29,3179.19,399.4,19.9,6.28,81.3,18
West,2023,Rice,831.16,2.74,2277.38,124.1,16.4,5.54,162.5,8
East,2020,Wheat,853.46,5.09,4344.11,322.5,32.3,6.11,132.2,15
West,2021,Corn,113.66,1.55,176.17,262.4,27.2,7.07,177.5,2
West,2023,Corn,958.81,3.08,2953.13,125.8,34.7,7.22,123.5,10
East,2020,Rice,800.28,3.14,2512.88,108,32,6.64,165.5,11
West,2021,Rice,791.17,3.34,2642.51,208.8,32.4,6.09,98.5,6
East,2022,Corn,173.37,5.31,920.59,340.7,27,6.56,140.3,4
North,2022,Corn,309.31,2.09,646.46,112.3,16.6,7.17,145.9,19
South,2020,Wheat,966.04,1.51,1458.72,311.3,33.3,6.13,163.9,1
South,2020,Soybean,550.61,4.09,2251.99,296.6,17.4,6.27,169.9,3
West,2023,Wheat,458.07,1.87,856.59,179.7,25.3,6.58,91.5,16
West,2022,Corn,855.95,1.37,1172.65,123.2,32.1,7.27,107.8,17
West,2020,Soybean,178.61,3.13,559.05,374.6,24.4,6.66,81.1,1
South,2022,Corn,475.25,2.1,998.03,190.1,18.3,5.92,162.2,8
North,2022,Wheat,438.13,2.81,1231.15,133.4,22.5,5.68,90.6,17
North,2023,Wheat,414.87,2.3,954.2,304.5,34.8,5.69,108.7,11
South,2021,Wheat,376.92,1.46,550.3,165,35,7.4,170.5,9
North,2023,Soybean,289.07,3.8,1098.47,242.7,29.2,7.14,101,6
South,2020,Barley,255.62,1.14,291.41,115.1,32.8,7.03,93.7,2
North,2023,Barley,676.37,5.83,3943.24,397.9,15.9,6.49,147.7,17
East,2023,Corn,927.46,2.71,2513.42,234.3,20.5,6.85,196.3,1
East,2022,Soybean,557.97,4.48,2499.71,399.7,22.4,5.75,59.4,2
South,2023,Rice,368.18,5.05,1859.31,215.7,15.2,6.74,175.2,14
North,2020,Barley,243.24,2.4,583.78,204.4,22.5,7.12,68.2,8
West,2021,Soybean,847.13,4.74,4015.4,374.4,16.9,5.62,101.7,2
North,2023,Soybean,974.34,5.16,5027.59,198.8,25.3,6.09,112.5,5
East,2023,Barley,414.24,2.21,915.47,229.6,15.1,5.72,157.8,10
East,2021,Soybean,361.86,5.96,2156.69,123.4,20.4,6.02,189,1
North,2020,Soybean,641.34,1.1,705.47,386.6,32.3,7.05,65.3,16
North,2020,Barley,797.8,2.09,1667.4,125.5,19.3,6.16,161.7,2
West,2023,Wheat,509.86,4.9,2498.31,331.4,16.3,6.88,98.3,6
West,2022,Corn,667.07,1.97,1314.13,261.6,20,7.05,185.3,9
North,2023,Rice,744.89,4.49,3344.56,118.4,31.6,7.13,91.7,18
North,2021,Corn,964.53,5.28,5092.72,100.5,26.7,7.25,154.1,2
North,2021,Wheat,248.53,5.8,1441.47,380.7,26.7,6.7,74.7,19
North,2021,Wheat,997.64,3.37,3362.05,322.7,15,6.06,193.7,0
South,2023,Soybean,452.94,5.86,2654.23,305.9,24.4,5.8,50.6,9
North,2023,Corn,750.88,3.06,2297.69,231.6,20.3,6.51,84.9,12
West,2020,Wheat,615.17,2.09,1285.71,171.6,21.7,5.71,151.4,7
East,2022,Corn,538,3.57,1920.66,304,27,7.32,178,14
South,2023,Wheat,728.27,4.25,3095.15,282.5,32.5,6.38,199,0
North,2020,Rice,456.18,3.29,1500.83,317.9,18.6,7.25,76,11
East,2023,Wheat,213.5,3.83,817.7,209.7,30.4,6.92,96.1,2
South,2020,Corn,540,3.08,1663.2,396.1,16,7.21,183.8,5
East,2020,Soybean,569.72,3.62,2062.39,120.1,21.5,7.27,54.9,9
North,2022,Corn,281.71,5.76,1622.65,123.9,19.4,5.61,160,5
North,2023,Barley,942.06,3.5,3297.21,375.1,33.3,6.95,113.5,16
West,2020,Corn,304.73,2.27,691.74,294.3,18.6,5.95,153.3,6
North,2021,Rice,468.3,4.79,2243.16,197.9,26.6,7.48,128.7,13
North,2021,Rice,239.44,2.69,644.09,328.6,18.3,7.06,144.1,1
South,2021,Rice,582.22,5.08,2957.68,235.8,24.5,5.51,150,13
West,2022,Wheat,376.87,1.28,482.39,106.3,23.3,7.35,144.7,5
South,2020,Rice,540.35,2.66,1437.33,295.3,15.8,6.08,149.7,0
East,2022,Corn,302.16,1.47,444.18,172.9,31.5,6.33,135.3,17
North,2023,Soybean,148.4,1.43,212.21,134.6,30.6,6.72,157.1,5
East,2023,Rice,801.3,4.29,3437.58,167.6,20.6,7.33,166.4,17
South,2020,Corn,676.98,2.93,1983.55,242.8,27.3,7.35,168.2,3
North,2021,Wheat,406.67,5.36,2179.75,115,22.3,6.63,178,13
North,2020,Wheat,142.74,3.58,511.01,364.9,30.4,6.13,97.5,2
South,2020,Soybean,879.02,2.48,2179.97,268,28.8,6.06,161.9,13
South,2020,Soybean,252.82,4.6,1162.97,187.9,16.8,6.23,192,4
South,2022,Corn,937.67,4.12,3863.2,306.1,31.9,5.86,105.1,13
South,2023,Soybean,530.74,5,2653.7,341.3,18.6,6.84,166.6,18
South,2020,Soybean,406.35,4.22,1714.8,284.2,18.5,6.56,93.7,7
North,2020,Wheat,767.58,1.84,1412.35,160.7,29.7,7.05,76.3,4
South,2020,Corn,889.16,4.35,3867.85,133.1,18.7,5.69,117,9
North,2022,Soybean,433.64,2.96,1283.57,358,17.4,6.3,171,12
North,2022,Corn,466.61,3.32,1549.15,170.4,21.7,5.98,96.1,5
South,2022,Rice,489.84,5.61,2748,106,31.8,6.57,94.2,19
South,2020,Wheat,930.09,2.8,2604.25,292.9,18.5,6.44,91.7,9
West,2021,Wheat,723.31,4.06,2936.64,145.9,21.8,6.4,82.7,12
North,2021,Wheat,322.88,2.82,910.52,397.3,20.7,6.13,141.7,19
South,2021,Barley,266.5,1.47,391.76,360.9,22.1,6.95,86.5,9
South,2023,Corn,307.33,3.27,1004.97,282.5,29.3,6.46,190.2,0
South,2020,Rice,337.21,3.99,1345.47,350.2,23.1,5.9,101.9,3
West,2021,Soybean,307.17,3.04,933.8,241.2,30.2,6.59,131.4,12
West,2021,Rice,692.66,2.95,2043.35,336.5,27.8,6.69,111.4,5
East,2021,Corn,204.34,5.1,1042.13,294,22.2,5.54,194.4,7
North,2020,Wheat,448.62,1.15,515.91,108.6,23.6,5.91,113.6,8
East,2021,Barley,662.55,2.48,1643.12,384.6,29.1,5.98,134.6,8
South,2021,Corn,361.77,5.06,1830.56,358.3,25.7,6,164.5,13
West,2020,Corn,158.75,5.6,889,386,32.4,5.98,75.7,0
West,2023,Soybean,173.64,3.06,531.34,319.4,33.7,6.04,54.9,4
East,2022,Rice,213.37,5.44,1160.73,223.6,29.4,6.03,118.2,16
West,2021,Rice,852.26,1.99,1696,162.1,34.8,7.27,132.6,5
South,2022,Soybean,692.08,2.11,1460.29,154,26.9,6.14,93.1,16
West,2023,Barley,158.07,5.23,826.71,143.5,15.8,6.2,119.4,4
East,2023,Wheat,451.96,5.52,2494.82,166.2,25.1,6.03,142.3,1
South,2021,Wheat,350.73,2.11,740.04,265.2,19.6,7.44,196,17
East,2020,Barley,620.24,1.3,806.31,305.1,21.7,6.57,140.3,5
West,2023,Soybean,570.53,1.45,827.27,194.2,24.8,6.72,117.3,13
East,2022,Corn,533.01,2.31,1231.25,264.6,20.9,6.97,53.4,0
East,2022,Rice,383.06,4.81,1842.52,202.4,21.2,6.17,96.6,10
North,2022,Corn,224.02,3.55,795.27,309,23,7.44,103.8,9
West,2022,Rice,768.14,3.28,2519.5,396.5,20.7,5.8,121.5,14
West,2023,Corn,891.87,3.92,3496.13,306.7,18.4,6.42,167.3,8
East,2021,Soybean,949.74,5.45,5176.08,117.7,30.3,5.79,166.4,6
North,2021,Soybean,152.76,1.45,221.5,243.2,22.9,7.08,176.8,11
West,2022,Barley,765.92,4.47,3423.66,331.1,31.6,5.71,93.5,7
South,2021,Corn,753.85,5.63,4244.18,262.7,32.7,6.61,102,9
East,2022,Corn,952.4,2.07,1971.47,385.3,30,5.71,72.5,1
West,2022,Barley,327.62,5.19,1700.35,116.4,22.9,6.41,178.6,13
South,2020,Barley,767.96,4.49,3448.14,187.3,29.4,6.06,147.8,8
West,2023,Soybean,149.16,1.07,159.6,166.2,18.1,7.31,61.6,0
South,2023,Soybean,668.12,2.16,1443.14,330.3,28.2,5.61,95.5,15
East,2022,Corn,415.76,4.03,1675.51,257.1,23.1,6.8,72.9,4
West,2023,Soybean,792.02,3.51,2779.99,141.5,28.1,6.89,195.4,7
West,2021,Soybean,876.97,3.64,3192.17,185.7,30.1,7.28,98.7,19
North,2022,Corn,428.34,2.16,925.21,256.8,26.3,7.26,124.5,0
East,2020,Barley,573.03,4.38,2509.87,398.8,27.8,7.45,97.7,16
South,2021,Corn,205.66,2.33,479.19,209.3,19.3,6.01,121.1,6
West,2020,Wheat,475.22,2.95,1401.9,147,26.9,6.05,199.8,10
West,2020,Corn,424.72,2.84,1206.2,249.1,24.2,6.29,93.1,6
South,2023,Wheat,264.81,4.36,1154.57,193.1,23.6,6.58,92.4,6
East,2023,Corn,905.03,1.45,1312.29,269.8,23.2,6.23,105.7,3
North,2022,Wheat,233.28,2.03,473.56,240,21.2,6.98,75.4,19
North,2023,Wheat,672.17,2,1344.34,306.8,21.1,5.52,160.8,0
West,2020,Corn,901.13,1.54,1387.74,374.3,29,5.54,106.9,14
South,2020,Soybean,920.77,2.04,1878.37,160.2,26.2,6.93,137.1,1
West,2021,Rice,813.92,4.04,3288.24,346.4,15.6,7.27,149.2,8
South,2020,Soybean,258.53,4.66,1204.75,384.8,16,7.05,55.3,13
North,2022,Wheat,835.69,4.3,3593.47,212.1,26.4,5.73,146.6,15
East,2022,Corn,348.91,3.38,1179.32,134.1,31.9,7.37,129.9,16
South,2023,Corn,930.16,1.26,1172,346.6,15.9,6.54,62.4,6
North,2023,Corn,738.18,5.8,4281.44,310.3,25.1,6.98,68.7,1
West,2023,Corn,806.74,1.84,1484.4,163.8,32,5.9,116.1,5
South,2022,Rice,176.53,4.34,766.14,233.6,15.1,6.6,101.9,2
East,2020,Barley,624.49,5.56,3472.16,273.4,20.5,6.16,115.6,5
West,2023,Wheat,839.03,4.49,3767.24,151,33.4,7.45,145.3,5
West,2021,Rice,875.43,2.09,1829.65,314.5,16.6,6.45,73.2,7
North,2023,Soybean,125.77,2.58,324.49,307,27.1,7.01,149.4,7
South,2022,Barley,945.24,1.15,1087.03,366.1,25.1,6.71,172.7,8
West,2023,Barley,139,4.06,564.34,270.2,18,5.69,50.4,14
East,2020,Corn,653.07,4.06,2651.46,272.3,15.8,6.59,105.3,16
South,2023,Rice,724.05,4.63,3352.35,285.8,25.1,6.58,91.3,3
East,2022,Soybean,196.61,1.05,206.44,182.1,29.7,6.93,114.8,0
West,2022,Corn,143.21,5.09,728.94,327.6,18.5,6.14,142.3,5
East,2021,Corn,806.42,4.69,3782.11,298.7,28.8,7.22,78.1,18
North,2022,Wheat,446.2,1.7,758.54,351.7,25.9,6.75,70.1,4
East,2021,Barley,196.4,2.74,538.14,330.6,22.2,5.58,159.3,10
South,2020,Soybean,786.4,4.19,3295.02,291.6,28.3,6.91,152.9,9
East,2022,Barley,864.25,3.48,3007.59,148.3,18.8,7.31,119.1,8
East,2023,Rice,628.65,1.58,993.27,375.7,24.1,6.87,125.2,15
North,2020,Wheat,245.11,1.44,352.96,210.2,26,6.26,90.5,18
East,2023,Corn,113.7,4.91,558.27,389.3,24.2,6.68,99.4,17
East,2023,Wheat,730.72,1.78,1300.68,220.6,23,5.84,98,12
West,2023,Corn,595.13,1.86,1106.94,143.8,29.8,6.7,159,6
West,2020,Wheat,685.72,5.15,3531.46,365.5,28.1,6.5,133.3,16
South,2020,Corn,831.87,4.06,3377.39,338.5,27.8,5.55,159.4,8
West,2022,Barley,490.8,4.02,1973.02,335.9,32.8,6.14,138.6,9
West,2023,Barley,212.06,3.4,721,126.8,34.9,5.88,131.8,19
West,2021,Barley,945.98,3.84,3632.56,363.8,26.3,6.28,98.1,12
West,2022,Barley,590.74,4.01,2368.87,278.9,22,5.98,109.3,15
North,2020,Wheat,653.76,5.84,3817.96,241.1,30.6,7.17,183.1,3
West,2021,Corn,940.07,2.11,1983.55,374,17.8,6.9,136.4,9
North,2020,Barley,938.43,2.07,1942.55,299.8,25.3,6.98,128.7,0
North,2021,Wheat,614.89,1.29,793.21,139.9,25.5,6.22,58,7
West,2022,Corn,367.85,4.29,1578.08,255.9,34.7,5.51,150.6,19
East,2021,Wheat,997.4,3.75,3740.25,291,34.8,5.94,152.9,17
North,2022,Barley,712.74,1.56,1111.87,369.6,31,7.01,153.6,4
East,2020,Rice,467.59,2.82,1318.6,184,24.5,6.71,63.7,10
East,2021,Wheat,603.85,1.89,1141.28,338.3,25.9,6.58,95.1,18
West,2023,Barley,474.25,2.66,1261.51,339.9,21.4,6.06,105.7,8
South,2023,Soybean,899.47,5.76,5180.95,138.4,31.6,5.65,174,14
West,2020,Corn,534.25,4.42,2361.38,105.2,29.9,7.07,197.1,4
South,2021,Barley,841.18,1.04,874.83,274.4,30.4,5.58,112.2,4
South,2023,Soybean,856.16,2.26,1934.92,336.8,17.8,5.62,133.1,11
West,2022,Wheat,841.9,1.05,884,266.3,23,6.09,51.1,8
West,2021,Wheat,749.97,4.57,3427.36,344,25.7,6.65,51.3,4
South,2021,Soybean,869.39,3.35,2912.46,286.7,17.5,7.48,61.2,9
West,2023,Soybean,448.51,5.97,2677.6,296,22.4,5.68,157.9,5
South,2022,Corn,203.2,4.67,948.94,108.4,16.7,6.45,76.7,9
East,2022,Wheat,858.21,3.59,3080.97,126.6,34.2,6.7,163.7,5
West,2022,Soybean,548.35,5.02,2752.72,317.5,30,7.15,114.8,19
East,2021,Rice,214.64,4.52,970.17,328.9,27.4,6.88,177.5,9
North,2020,Rice,203.78,2.22,452.39,262.7,19.1,7.12,180.5,8
East,2021,Soybean,243.32,3.65,888.12,277,21.7,6.54,182,2
East,2021,Corn,775.88,3.78,2932.83,284.3,17.9,6.37,131.5,10
South,2023,Wheat,739.77,3.26,2411.65,131.5,25.7,6.74,168.3,10
East,2020,Rice,283.44,1.9,538.54,300.4,31.4,7.3,149.3,3
West,2022,Soybean,862.23,2.12,1827.93,243.5,15.4,6.6,78,16
South,2023,Soybean,353.17,2.41,851.14,280.8,17.1,6.71,107.2,8
North,2021,Barley,813.69,1.05,854.37,268.9,19.6,6.18,194.4,5
West,2020,Soybean,539.93,5.58,3012.81,328.9,29.3,6.69,165.9,10
North,2022,Corn,758.39,4.43,3359.67,195.6,32.9,6.76,89.4,18
East,2022,Rice,443.25,4.45,1972.46,212.1,30.1,7.01,92.1,17
West,2021,Barley,412.43,3.86,1591.98,217.5,25.5,6.64,88.1,7
West,2022,Rice,857.22,4.45,3814.63,328.7,17.1,5.9,99.3,13
North,2022,Rice,131.77,5.91,778.76,229.3,30.1,6.66,189.2,18
West,2020,Corn,977.26,2.93,2863.37,153.1,17.1,6.1,115,15
West,2023,Soybean,683.36,4.56,3116.12,394.9,22,5.67,104.6,2
West,2020,Corn,489.24,2.8,1369.87,248,21.2,7.15,85.9,12
East,2023,Soybean,665.25,5.27,3505.87,132.8,22.2,5.63,183.9,16
North,2023,Barley,210.47,5.29,1113.39,301.1,21.6,6.76,193.6,18
West,2023,Corn,562.65,5.51,3100.2,321.7,30.4,7.48,98.5,4
South,2022,Corn,986.59,1.03,1016.19,250.1,18.4,5.68,142.5,15
South,2020,Wheat,311.74,2.49,776.23,293.9,31.9,5.94,193.8,13
South,2022,Corn,750.05,1.67,1252.58,151.8,32.2,7.02,124.9,18
South,2021,Wheat,491.47,3.27,1607.11,210.4,24.8,5.69,120.3,19
East,2020,Soybean,687.21,3.48,2391.49,148.5,17.1,7.17,129.2,3
West,2023,Soybean,284.4,2.28,648.43,216.2,26.5,5.5,55,5
North,2022,Soybean,523.42,4.62,2418.2,268.8,31.4,7.28,95,8
West,2022,Wheat,982.08,2.35,2307.89,232.8,20.8,5.63,154.8,7
East,2020,Soybean,275.76,5.27,1453.26,278,31.8,7.34,195,11
South,2020,Rice,672.8,1.89,1271.59,250.5,28.5,7.23,135.3,10
East,2023,Corn,618.04,2.84,1755.23,195.3,34.7,6.58,78.6,6
West,2023,Wheat,608.55,4.11,2501.14,143,31.5,7.06,114,7
North,2021,Soybean,653.61,4.03,2634.05,175.8,19,5.65,123.5,9
East,2023,Rice,552.01,1.39,767.29,160.2,24,5.77,72.8,2
North,2022,Corn,115.24,5.23,602.71,312.2,17.1,6.24,99.4,5
East,2021,Corn,910.09,3.99,3631.26,346,16.4,6.57,116.8,10
North,2021,Soybean,844.28,5.35,4516.9,316.1,29.1,7.24,89.3,3
North,2021,Rice,256.75,5.34,1371.04,293.1,33.3,6.59,103.1,11
South,2020,Wheat,471.95,3.73,1760.37,192.4,34.5,6.83,91.4,2
North,2023,Soybean,793.49,5.55,4403.87,313.3,20.4,6.86,141.9,9
South,2021,Corn,982.06,5.24,5145.99,281.5,19,7.26,136.8,6
West,2020,Corn,956.02,5.79,5535.36,114.1,26.2,7.05,132.8,1
West,2020,Corn,909.42,5.25,4774.46,372.3,19,7.45,64.5,11
South,2021,Soybean,242.54,5.11,1239.38,124,20.9,5.54,77.5,13
South,2021,Barley,923.03,3.35,3092.15,250.8,31.7,5.92,66.6,6
East,2022,Barley,890.6,2.06,1834.64,253.9,31.2,7.36,59.5,16
East,2021,Barley,439.25,5.55,2437.84,351.1,32.9,7.08,87,14
East,2022,Rice,455.07,4.61,2097.87,373.9,24.6,6.03,79.2,17
West,2021,Soybean,513.92,2.41,1238.55,381.9,26.3,7.45,158.7,4
East,2021,Corn,690.56,2.7,1864.51,270.9,30.4,7.24,154.4,10
North,2023,Rice,334.75,4.43,1482.94,303.7,19.8,5.63,80.2,7
North,2021,Barley,120.65,3.39,409,126.6,31.5,7.12,74.8,13
East,2021,Wheat,227.11,1.41,320.23,246.4,15.4,7.07,71.7,1
North,2022,Rice,496.1,1.71,848.33,369.4,31,5.94,98,19
West,2022,Rice,353.8,4.73,1673.47,236.7,30.5,6.84,94.1,6
North,2023,Soybean,788.06,2.64,2080.48,120.9,21,7.44,54.3,7
West,2021,Rice,196.02,3.54,693.91,160.2,29.6,6.85,135.2,3
South,2021,Soybean,925.72,4.83,4471.23,228.9,19.3,7.13,184.7,9
South,2022,Wheat,905.79,4.76,4311.56,171.3,26.5,5.7,130.8,13
South,2020,Corn,917.88,1.84,1688.9,217.7,29,6.95,59.6,14
South,2020,Corn,765.65,1.49,1140.82,199.9,29.3,5.91,139.9,9
North,2020,Barley,196.3,3.96,777.35,195.7,34.7,5.64,122.7,15
East,2022,Barley,494.32,4.71,2328.25,127.3,18.6,6.6,186,2
North,2022,Wheat,218.26,1.75,381.96,364.8,24.6,7,104.5,1
West,2020,Corn,988.93,2.86,2828.34,307.8,32.6,6.59,162.8,0
North,2020,Barley,399.73,5.35,2138.56,287,26.2,7.36,55.8,10
North,2021,Rice,626.8,5.72,3585.3,281.9,32.5,6.89,158.2,15
West,2022,Soybean,801.45,3.27,2620.74,219,23.7,5.74,56.2,11
South,2022,Barley,928.55,1.4,1299.97,347,30.9,7.37,101.7,4
South,2020,Wheat,779.99,2.29,1786.18,379,32.4,5.81,192.2,19
South,2020,Corn,707.05,2.16,1527.23,101.7,31.9,7.02,155.5,14
East,2023,Wheat,519.38,2.19,1137.44,123.8,32.4,5.8,188.8,16
West,2022,Soybean,644.86,3.47,2237.66,302.5,19.4,7.5,124.4,7
West,2023,Soybean,184.75,3.92,724.22,170.8,23.8,6.16,140.9,18
North,2021,Wheat,895.53,1.61,1441.8,373.5,18.5,6.49,127.7,18
East,2023,Barley,589.4,5.45,3212.23,300.2,18.6,6.43,121.8,11
South,2020,Barley,136.12,4.1,558.09,210.5,24.8,5.7,136.7,6
East,2022,Corn,927.91,3.99,3702.36,224.6,34.2,6.49,55.8,5
West,2022,Corn,540.37,5.94,3209.8,307.3,26.8,5.8,77.9,1
West,2023,Rice,881.73,4.14,3650.36,142.3,32.1,7.1,82.2,2
North,2023,Rice,871.2,5.64,4913.57,365,33.7,7.42,107.4,8
North,2021,Corn,834.18,2.43,2027.06,101.4,16.7,7.12,115.2,10
West,2021,Rice,155.26,2.2,341.57,393.7,18.2,6.36,161,17
South,2020,Wheat,322.36,3.58,1154.05,150.3,20.8,5.5,74.8,15
South,2020,Barley,887.99,3.54,3143.48,322.6,27.3,5.57,135.5,9
East,2020,Rice,909.09,2.13,1936.36,112,16.2,6.49,90.8,15
West,2023,Rice,512.26,4.5,2305.17,229.4,30.7,6.86,127.3,8
West,2023,Wheat,496.04,1.15,570.45,289.1,16.3,7.14,144,19
South,2022,Soybean,257.63,4.45,1146.45,121.1,18.2,6.7,137.4,1
South,2020,Corn,971.57,3.29,3196.47,233,22.6,7.46,82.3,17
West,2023,Wheat,291.82,4.45,1298.6,190.9,26.2,6.49,156.4,15
North,2022,Soybean,271.84,3.39,921.54,249.5,32.6,6.7,148.1,19
West,2020,Wheat,694.66,5.89,4091.55,251.4,34.3,5.96,189.8,13
West,2021,Barley,318.56,2.67,850.56,335.6,32.7,6.18,145.1,11
South,2021,Wheat,944.89,5.91,5584.3,137.1,17.1,6.87,158,3
South,2023,Wheat,109.82,1.32,144.96,124.8,27.6,6.7,171.7,16
North,2022,Barley,105.18,4.42,464.9,220.6,23.8,6.24,65.9,19
North,2021,Corn,554.39,3.27,1812.86,366.3,17.5,5.72,154.5,19
East,2022,Soybean,539.26,5.11,2755.62,356.6,26.1,6.19,97.8,6
West,2022,Rice,247.03,4.95,1222.8,268,22.1,5.59,173.5,3
South,2021,Corn,545.07,5,2725.35,366.6,21.9,6.66,122,14
North,2022,Wheat,470.49,1.47,691.62,341.6,16.9,6.15,137.1,13
East,2021,Rice,901.3,5.11,4605.64,183.4,34.6,6.26,89.1,19
East,2023,Barley,108.33,2.07,224.24,151,29.5,6.65,147.6,0
South,2020,Corn,978.64,1.13,1105.86,190.3,20.6,6.66,55.3,8
South,2020,Soybean,661.95,2.09,1383.48,168.1,33.3,6.68,162.3,3
East,2023,Corn,236.66,3.4,804.64,286.8,34,6.48,74.5,19
North,2021,Corn,142.08,4.71,669.2,275.5,31.2,6.48,84.1,8
East,2021,Rice,584.3,2.09,1221.19,279.5,28.2,7.14,50.1,8
West,2021,Barley,311.4,1.57,488.9,156.8,22.5,6.44,97,11
West,2021,Barley,371.05,4.23,1569.54,337.6,23.7,6.57,108.2,15
South,2023,Corn,320.62,5.92,1898.07,230.1,24.1,7.48,85.1,4
North,2020,Barley,685.16,4,2740.64,241.7,34,5.86,84.5,16
North,2022,Rice,598.18,4.46,2667.88,399.1,30.2,6.95,183.9,5
West,2022,Rice,170.18,3.81,648.39,184.7,20.8,6.45,99,8
East,2020,Soybean,573.87,4.91,2817.7,218.2,27.5,7.16,158.3,10
South,2023,Barley,812.07,5.88,4774.97,302.9,26.9,6.31,85.6,1
East,2022,Soybean,173.08,3.72,643.86,364.1,31.2,6.11,171.4,6
East,2020,Wheat,900.77,3.08,2774.37,138,16.9,5.92,151.7,16
East,2023,Rice,620.48,5.3,3288.54,320.5,29,7.24,163.4,10
North,2022,Corn,955.56,5.85,5590.03,375.5,21.6,6.94,115.9,9
West,2021,Rice,233.33,1.65,384.99,226.9,17.6,5.65,181.9,0
North,2021,Wheat,994.21,3.89,3867.48,186,29.6,6.93,106.1,18
West,2023,Corn,679.85,4.96,3372.06,303.3,21.6,5.57,140.1,0
South,2021,Barley,610.74,3.67,2241.42,173.8,29.6,5.86,146,19
South,2023,Barley,563.75,3.05,1719.44,215.3,18.2,6.69,192.8,19
East,2020,Rice,121.29,4.28,519.12,369.1,34.7,6.43,70.2,5
West,2020,Corn,945.68,2.35,2222.35,277.1,31.1,7.18,70.3,15
West,2022,Corn,679.6,2.75,1868.9,128.5,20.8,6.72,119.3,11
West,2023,Soybean,182.46,5.96,1087.46,198.9,29.8,7.43,187.7,10
East,2022,Wheat,118.86,4.18,496.83,288.2,17.7,7.21,53.3,17
East,2022,Barley,145.71,5.36,781.01,244.4,28.1,6.18,91.4,6
South,2020,Rice,648.46,5.04,3268.24,298.1,16.2,7.17,92.5,13
North,2022,Corn,652.61,4.26,2780.12,328.4,21.7,7.24,95.7,12
West,2021,Barley,549.7,5.2,2858.44,244.2,34.6,7.44,53.7,19
West,2022,Rice,376.09,2.44,917.66,396.1,17.4,5.53,173.8,7
North,2023,Barley,578.57,4.19,2424.21,374.4,26.9,7.25,51.3,13
West,2021,Rice,564.67,3.95,2230.45,118,16.4,5.64,121.7,17
East,2020,Barley,117.47,4.11,482.8,179.9,28.4,6.56,58.5,3
East,2023,Soybean,354.22,1.84,651.76,190.2,20.6,6.33,169.8,3
West,2021,Wheat,147.87,2.39,353.41,155.3,21.2,7.34,162,8
East,2023,Barley,910.14,2.43,2211.64,193.6,21.8,6.31,158.2,1
East,2021,Wheat,752.7,4.01,3018.33,227.4,19.1,6.69,160.4,13
West,2023,Barley,996.5,5.86,5839.49,115.5,33.8,6.88,191,11
South,2023,Corn,371.95,5.77,2146.15,138.2,33.1,5.54,112.5,18
North,2021,Soybean,890.64,2.14,1905.97,128.9,32.4,6.68,179.2,17
East,2020,Soybean,642.75,2.52,1619.73,113.9,17.1,6.54,77.6,11
South,2020,Wheat,507.81,1.18,599.22,244.4,19.7,6.69,117.7,0
East,2023,Corn,300.32,2.99,897.96,200.1,27.2,5.65,51.3,9
East,2023,Rice,764.55,5.17,3952.72,380.6,34.4,5.61,92.6,1
North,2020,Soybean,913.73,5.58,5098.61,130.8,27.1,5.86,118.7,13
East,2020,Corn,311.78,2.18,679.68,377.8,21.5,7.24,186.4,19
North,2022,Corn,257.85,2.33,600.79,126,31.3,6.21,97.5,15
North,2020,Wheat,726.6,2.1,1525.86,285.8,17.7,6.37,150.9,18
North,2023,Corn,979.28,2.75,2693.02,174.3,32.6,6.28,175.1,13
South,2021,Corn,774.96,5.02,3890.3,348,34.5,6.93,99,13
West,2020,Rice,356.12,4.23,1506.39,118.4,34.4,6.02,75.4,3
South,2022,Wheat,477.96,4.93,2356.34,385.8,18,5.64,138.7,10
West,2022,Wheat,445.89,3.92,1747.89,114.2,26,6.26,92.7,1
West,2022,Corn,866.89,2.29,1985.18,172.3,26.7,6.96,147.9,6
North,2021,Rice,794.23,2.14,1699.65,239.3,18.9,7.33,70.2,12
East,2020,Barley,630.08,1.05,661.58,326.8,25.9,5.6,72.7,7
North,2020,Soybean,347.46,4.9,1702.55,385.3,27.9,7.12,151.4,11
East,2020,Wheat,944.19,5.24,4947.56,228.4,21.6,5.63,196,6
West,2021,Rice,687.98,4.84,3329.82,327.2,21.3,6.16,87,1
North,2021,Rice,973.43,1.37,1333.6,318.1,16.2,5.54,157.1,5
East,2023,Corn,622.11,4.81,2992.35,271.4,34.1,7.32,129.8,10
South,2022,Soybean,839.07,1.23,1032.06,307.3,31.1,6.91,176.6,16
East,2022,Wheat,831.79,1.53,1272.64,111.4,30.2,6.24,108.3,14
North,2020,Barley,403.6,3.2,1291.52,232.5,15.4,6.25,195.8,19
South,2021,Corn,967.62,3.38,3270.56,335.8,27.5,6.78,62.4,10
East,2021,Wheat,119.75,5.08,608.33,242.3,18.6,5.68,197.7,8
East,2020,Wheat,791.84,4.4,3484.1,362.1,28.2,5.79,176.9,16
East,2020,Rice,969,1.77,1715.13,350.1,27.4,7.19,180,19
East,2023,Soybean,405.02,2.13,862.69,359,32,5.9,176.4,9
East,2022,Barley,683.3,2.43,1660.42,139,20.1,6.95,179.3,3
South,2022,Soybean,606,1.62,981.72,173.2,15.5,5.95,172.3,3
West,2022,Rice,785.36,2.44,1916.28,108.9,33.3,5.68,184.9,15
South,2023,Barley,879.56,4.64,4081.16,394.8,33.2,7.3,119.1,0
South,2020,Barley,642.74,2.21,1420.46,170.8,24.1,7.3,190.9,6
South,2020,Corn,834.31,5.18,4321.73,210.1,16.6,6.71,107.7,1
West,2022,Barley,381.06,3.35,1276.55,182.5,25,6.42,159.3,3
North,2022,Wheat,305.73,2.61,797.96,111.9,25.5,6.61,156.6,1
West,2023,Soybean,487.6,3.06,1492.06,178.4,31.4,6.32,173.1,15
South,2021,Soybean,709.96,4.55,3230.32,129.5,29.3,7.01,160.8,3
East,2021,Corn,268.52,3.58,961.3,218.3,16.4,7.01,55.3,9
East,2022,Barley,712.32,1.04,740.81,390,29.1,7.14,160.9,9
South,2023,Rice,454.68,5.61,2550.75,309.5,17.7,6.55,53.5,2
East,2022,Wheat,816.02,1.33,1085.31,312.1,16.8,7.1,130,8
South,2021,Corn,133.15,5.69,757.62,236,23,5.81,175.8,6
East,2022,Barley,701.18,1.14,799.35,343.4,16.5,5.56,174.4,18
West,2021,Rice,684.84,4.85,3321.47,372.5,31.6,6.8,176.2,7
North,2021,Barley,946.84,3.67,3474.9,388.5,24.3,5.71,140.4,17
North,2021,Corn,742.03,3.53,2619.37,129.7,26.7,6.6,77.6,3
West,2020,Rice,816.67,1.36,1110.67,363.9,26.5,6.94,126.2,4
West,2020,Rice,914.13,2.19,2001.94,167.5,34.6,6.31,127.4,15
South,2022,Rice,707.55,4.89,3459.92,219.2,33.3,5.59,98.7,17
South,2021,Rice,361.14,5.46,1971.82,203.6,32,7.27,113.6,5
South,2020,Barley,882.8,3.65,3222.22,302.5,22.7,5.59,180.8,11
East,2022,Rice,772.82,2.77,2140.71,279.4,17.9,7.31,127.7,19
South,2022,Barley,481.99,1.3,626.59,132.7,26.8,5.61,155.7,4
West,2022,Rice,739.48,4.41,3261.11,334.8,23.8,6.97,124.4,18
North,2022,Rice,880.92,2.39,2105.4,231.9,19.5,7.35,142.6,12
East,2022,Corn,978.09,1.28,1251.96,100.7,17,7.31,63.9,12
South,2023,Barley,957.12,4.33,4144.33,224.4,23.7,7.29,189.7,3
East,2021,Barley,392.8,3.43,1347.3,254.9,28,7.27,115.4,10
East,2022,Soybean,479.52,1.06,508.29,120.7,27.5,6.52,162.2,5
South,2023,Corn,198.58,1.55,307.8,145.3,30.5,6.62,150.1,8
East,2021,Barley,322.79,4.5,1452.56,398.1,24.3,6.74,169.9,19
North,2020,Corn,894.18,1.32,1180.32,361.4,21.4,7.29,55.2,6
West,2022,Corn,424.76,5.33,2263.97,140,25.8,7.18,190.3,11
West,2023,Corn,658.5,2.56,1685.76,274.1,34.5,7.07,174.5,9
North,2020,Wheat,699.37,1.44,1007.09,213.8,15.9,6.85,175.1,2
East,2023,Barley,803.65,4.8,3857.52,263.1,25.6,6.74,120.1,6
South,2021,Corn,264.52,3.62,957.56,241.2,21.6,7.34,169.4,9
East,2021,Wheat,374.33,2.53,947.05,114.4,17.1,5.89,136.3,0
North,2020,Wheat,503.5,3.03,1525.6,194.6,23.7,5.89,125.5,11
East,2023,Rice,428.36,1.11,475.48,137.7,27.8,7.46,167.7,0
West,2022,Rice,984.61,4.31,4243.67,246.7,25.6,6.61,144.2,12
East,2022,Barley,851.45,2.83,2409.6,372.2,15.6,6.47,61.6,6
North,2020,Rice,531.72,4.57,2429.96,398.7,26.6,7.2,97.2,17
West,2020,Barley,891.34,4.14,3690.15,383.3,19.6,7.2,143.3,7
East,2020,Wheat,412.89,4.26,1758.91,395.7,21.8,5.85,185.6,5
East,2023,Wheat,807.25,4.96,4003.96,104.6,21.2,5.85,190,14
West,2022,Barley,301.31,4.16,1253.45,318.8,32.2,7.09,175.8,17
South,2022,Rice,795.09,3.09,2456.83,181.9,16,7.07,88.1,3
West,2022,Rice,510.81,2.95,1506.89,359.7,22,5.95,121,11
South,2020,Barley,196.75,1.6,314.8,344.1,22.9,7.18,115,7
North,2022,Soybean,345.94,4.9,1695.11,227.1,27.4,6.46,115.8,4
North,2021,Rice,462.05,4.81,2222.46,242,30.8,6.44,57.5,1
West,2020,Corn,774.36,2.23,1726.82,179.5,29.6,7.47,76,17
West,2022,Rice,165.68,5.31,879.76,186.6,30.1,6.54,73,3
North,2023,Soybean,693.59,3.95,2739.68,394.4,18.8,5.77,142.6,18
South,2020,Wheat,744.41,3.39,2523.55,366.7,33.2,6.06,111.8,7
North,2021,Wheat,688.53,1.09,750.5,157.6,23.3,6.17,98.7,0
West,2021,Wheat,784.6,2.91,2283.19,182.7,15.2,7.42,116.6,11
North,2023,Rice,260.35,4.2,1093.47,132.6,28.4,6.03,98.6,5
West,2023,Wheat,628.39,1.45,911.17,396.7,27.1,6.36,163.6,19
West,2020,Soybean,947.03,3.3,3125.2,372.2,17.5,7,75.1,6
North,2020,Soybean,649.71,5.97,3878.77,265.6,34.2,6.05,58.4,10
South,2021,Rice,650.2,4.58,2977.92,307.9,26.2,6.9,147.6,8
East,2023,Corn,762.8,3.73,2845.24,324.4,24.4,5.92,84.6,7
North,2020,Rice,399.88,3.67,1467.56,161.1,23,5.99,146.5,16
East,2021,Wheat,730.43,1.22,891.12,380.4,19.2,7.47,58.8,10
North,2023,Rice,924.61,5.79,5353.49,258,34.1,6.24,87.1,15
East,2021,Soybean,109.81,5.64,619.33,127.7,29,6.96,73.1,8
South,2022,Rice,883.1,4.41,3894.47,219.1,26.4,7.18,93.6,11
South,2023,Rice,296.76,1.5,445.14,280.5,27.6,6.19,99.3,3
North,2020,Corn,510.33,2.04,1041.07,205.8,31.8,6.21,124.3,2
West,2020,Soybean,867.11,1.92,1664.85,309.8,27.7,7.05,128,11
East,2022,Barley,841.52,3.6,3029.47,364.6,17.3,6.71,144.5,17
West,2023,Barley,902.73,2.04,1841.57,331.6,28.9,6.22,99.7,3
West,2021,Soybean,946.38,4.48,4239.78,292.8,26.3,7,129.8,15
West,2020,Barley,502.44,3.73,1874.1,253.6,34.3,7.23,198.5,6
South,2022,Wheat,690.73,1.09,752.9,176.3,29.7,5.97,81.6,9
North,2022,Barley,451.43,4.72,2130.75,236.5,21.9,5.55,72.9,0
North,2023,Wheat,415.65,1.94,806.36,187.9,17.7,6.05,176.4,13
South,2023,Soybean,488.44,5.12,2500.81,380.2,24.6,6.85,111.6,17
South,2020,Barley,768.77,2.78,2137.18,372.2,28.6,7.33,177,0
North,2022,Barley,551.3,2.69,1483,146.7,18.5,7.23,113.7,6
West,2021,Wheat,832.65,1.06,882.61,346.8,28,5.94,53.3,17
East,2022,Wheat,770.7,5.94,4577.96,310.9,31.5,7.26,106.2,16
East,2021,Rice,118.43,4.06,480.83,392.6,18.1,7.12,141.5,10
East,2021,Corn,667.21,3.11,2075.02,239,29.1,6.97,117.1,1
West,2020,Barley,492.91,1.48,729.51,316.7,16.4,6.88,118.9,7
North,2022,Corn,510.97,4.5,2299.37,255.4,15.2,7.11,199.7,4
South,2021,Corn,836.54,2.41,2016.06,120.8,15.7,7.22,131.6,3
North,2023,Barley,592.85,5.94,3521.53,114,27.6,7.14,154.5,2
West,2021,Wheat,897.06,5.75,5158.09,136.6,34.5,5.74,158.1,10
South,2023,Rice,741.53,4.68,3470.36,188.9,30.4,6.94,50,14
West,2023,Soybean,597.56,5.86,3501.7,177.7,20.1,7.18,132.9,6
East,2022,Barley,779.08,1.53,1191.99,318.5,16.4,5.87,194.5,2
East,2023,Barley,134.51,2.4,322.82,314.8,27.3,5.93,162.6,16
West,2021,Soybean,124.38,2.27,282.34,391.4,15.1,7.07,101.1,19
South,2023,Corn,175.01,1.36,238.01,193.1,30.9,6.19,104.7,16
South,2022,Rice,493.81,5.86,2893.73,381.5,19.9,6.3,95.5,19
North,2020,Corn,311.91,1.3,405.48,283.9,21,6.25,144.5,10
East,2021,Soybean,985.84,5.28,5205.24,248.6,21.9,5.93,64.6,17
North,2021,Soybean,588.06,4.84,2846.21,300.4,30.3,7.38,93.5,5
North,2022,Rice,696.17,2.88,2004.97,310.8,20.3,7.11,124.7,13
West,2022,Soybean,350.94,1.09,382.52,151.6,20.7,6,130.3,4
West,2022,Soybean,389.62,1.03,401.31,325.5,25.8,5.71,141.1,14
North,2022,Rice,401.92,2.02,811.88,317.6,24.3,6.25,169.6,1
East,2021,Barley,728.86,3.47,2529.14,399.3,34.1,6.33,74.5,18
West,2020,Corn,526.34,3.29,1731.66,373.6,20.3,5.51,83.8,14
North,2023,Barley,565.92,3.93,2224.07,305.4,16.8,7.27,180.8,8
North,2023,Barley,632.8,4.86,3075.41,313.7,25.8,7.2,174.7,4
North,2020,Corn,791.93,2.89,2288.68,383.8,18.7,7.2,173.2,1
North,2020,Barley,181.33,1.8,326.39,390.2,23.3,7.11,81.3,0
North,2020,Rice,799.19,5,3995.95,348.1,18.7,6.97,58.7,2
North,2022,Corn,606.91,2.66,1614.38,330.2,32.6,6.77,128.5,4
West,2021,Wheat,702.19,2.43,1706.32,133.4,21.5,7.42,180.5,19
East,2021,Barley,394.8,4.82,1902.94,349.1,30.5,6.92,85.6,15
North,2021,Soybean,468.45,5.67,2656.11,176,34,6.76,185.6,5
South,2022,Corn,308.05,5.57,1715.84,269.1,33.8,7.08,71.2,7
West,2021,Wheat,981.37,1.69,1658.52,221.6,25.5,5.99,94.7,2
West,2022,Soybean,547.3,3.52,1926.5,203.7,34.7,7.43,94.7,11
North,2021,Wheat,996.47,1.46,1454.85,193.1,28.1,5.54,72.7,0
West,2020,Barley,540.81,5.8,3136.7,356.6,17.6,6.8,180.9,19
North,2023,Soybean,297.78,2.08,619.38,330.7,32.8,5.65,111.9,13
East,2023,Barley,556.71,1.99,1107.85,257,24.4,7.21,78.6,10
East,2022,Soybean,135.64,5.44,737.88,299.3,18.1,7.44,72.1,19
West,2021,Corn,914.29,5.84,5339.45,395.4,30.8,6.32,113.1,6
West,2023,Rice,836.7,4.49,3756.78,219.3,27.5,7.21,52.6,3
South,2020,Rice,753.24,1.61,1212.72,265.3,32.6,6.17,68.2,5
West,2020,Wheat,648.84,3.43,2225.52,260.1,31.5,5.82,50.6,13
South,2020,Soybean,621.85,5.08,3159,380.8,21.4,6.05,53.7,9
East,2022,Barley,997.06,3.86,3848.65,205.5,20.1,6.1,199.6,3
East,2022,Corn,350.2,1.66,581.33,395.9,29.7,6.76,117.3,12
North,2021,Corn,801.72,1.86,1491.2,191.4,26.5,7.09,159.3,7
East,2020,Corn,623.26,5.32,3315.74,132.7,16.4,5.91,160.6,17
South,2021,Rice,978.29,3.64,3560.98,157.4,18.6,5.68,182.1,4
West,2021,Barley,845.02,4.53,3827.94,227.9,18,5.94,65.6,11
North,2020,Corn,998.67,2.87,2866.18,294.9,26.8,6.09,128.9,4
South,2021,Corn,629.49,3.66,2303.93,255,16.7,6.06,98.3,6
West,2023,Wheat,284.09,5.89,1673.29,212.9,19.2,5.94,132.3,18
North,2022,Soybean,553.32,2.65,1466.3,268.6,25.9,6.43,99.8,13
East,2021,Soybean,740,4.37,3233.8,351.6,17.7,7.21,77.5,10
South,2020,Soybean,796.92,1.86,1482.27,351.7,20,5.7,150.9,19
West,2022,Wheat,100.46,1.61,161.74,317.9,33.1,7.22,55.8,10
North,2022,Rice,554.52,4.92,2728.24,385.7,28.9,6.49,184.3,2
North,2021,Wheat,311.71,5.22,1627.13,277.1,21.1,6.82,71.9,12
East,2023,Corn,887.42,4.34,3851.4,102.3,32.5,7.13,142.3,5
West,2021,Barley,237.61,1.79,425.32,187.3,20,6.11,163.1,15
East,2023,Corn,699.81,2.2,1539.58,198.5,26.8,7.41,60.9,5
East,2022,Corn,339.46,5.56,1887.4,264.2,22.4,5.67,185.5,5
West,2021,Barley,420.89,2.44,1026.97,371.5,30,6.56,103.4,5
West,2020,Soybean,946.5,5.09,4817.68,351.4,22.4,6.01,199.5,12
West,2021,Wheat,316.4,2.43,768.85,169.7,20,6.32,60.3,7
South,2023,Rice,185.5,5.7,1057.35,255.8,27.2,6.4,157.5,16
West,2023,Corn,162.36,5.57,904.35,297.7,29.9,7.33,74.1,1
North,2021,Corn,554.15,1.22,676.06,396.3,25.7,6.38,110.4,5
East,2023,Rice,677.54,4.85,3286.07,109.4,29.3,6.9,116.5,5
South,2022,Wheat,394.56,1.85,729.94,239.2,23.4,7.4,110.9,6
West,2021,Corn,721.23,2.08,1500.16,396.4,30.9,6.49,100.6,0
South,2023,Rice,154.93,3.3,511.27,393.2,26.7,6.32,165.1,7
West,2021,Corn,871.6,3.88,3381.81,199.2,18.9,7.45,173,2
South,2021,Soybean,834.91,2.63,2195.81,100,32.8,7.16,100.3,3
East,2020,Soybean,986.95,3.88,3829.37,276,31.7,7.38,122.4,16
East,2021,Corn,942.85,1.85,1744.27,360.1,34.3,6.29,113.3,2
North,2020,Corn,420.58,1.11,466.84,197.3,26.4,6.89,139,1
North,2023,Soybean,459.35,3.86,1773.09,380.3,28.5,6,72.5,13
West,2020,Corn,771.37,3.59,2769.22,199.8,32.3,7.23,170.9,5
East,2020,Wheat,220.67,4.45,981.98,283.1,16.1,7.37,169.6,17
South,2020,Wheat,382.61,4.25,1626.09,316.6,33.2,6.04,138.6,1
South,2022,Barley,206.69,5.49,1134.73,203.6,20.4,5.71,161.9,11
South,2020,Wheat,509.4,3.3,1681.02,205.7,16.1,5.9,198.3,4
North,2021,Corn,596.8,1.04,620.67,241,19.8,6.77,188.4,9
South,2020,Corn,290.04,4.15,1203.67,350.6,26.7,6.04,141.7,14
North,2021,Rice,123.97,4.38,542.99,130.3,16,6.78,126.7,12
North,2020,Wheat,747.42,3.61,2698.19,289.4,15,6.2,130.2,9
West,2022,Soybean,118,4.45,525.1,303.2,27.8,7.33,120,16
South,2023,Soybean,976.06,2.62,2557.28,267.4,24.1,6.41,122,12
South,2020,Barley,299.45,1.74,521.04,380.8,31.9,6.5,159.8,6
East,2020,Rice,697.51,4.32,3013.24,280.6,20.2,6.2,198.8,3
West,2022,Soybean,491.28,2.23,1095.55,290.4,20.6,5.65,56.8,1
East,2020,Barley,153.71,3.28,504.17,279.9,16.6,6.49,84.5,4
West,2021,Wheat,524.97,3.46,1816.4,316.6,25.8,7.05,81.5,9
South,2020,Rice,565.08,3.39,1915.62,140.6,22.3,7.41,174.9,18
North,2020,Rice,869.21,3.99,3468.15,368.3,21.8,5.65,113,8
North,2023,Corn,759.11,1.15,872.98,112.7,24.2,7.09,128.8,1
North,2023,Wheat,171.37,5.95,1019.65,292.2,32,6.03,120.4,8
North,2020,Rice,288.25,4.58,1320.18,284.6,17.1,7.15,178.1,12
North,2022,Barley,380.7,3.13,1191.59,162.4,25.5,6.18,125,0
East,2023,Soybean,204.77,1.96,401.35,112.2,18.9,5.73,150.2,14
West,2020,Wheat,511.21,1.4,715.69,141.7,19.2,6.72,52.9,12
South,2023,Wheat,985.88,4.36,4298.44,181.5,20.1,7.29,147.9,13
East,2020,Rice,563.15,2.58,1452.93,364.6,24.2,5.86,86.1,10
West,2023,Rice,767.69,2.15,1650.53,356.7,24.9,5.54,180,1
North,2023,Rice,714.64,2.9,2072.46,119.2,32.4,7.27,162.7,0
West,2021,Barley,864.92,3.96,3425.08,186.8,32.8,6.9,66.4,10
West,2020,Corn,294.15,4.36,1282.49,366.8,26.7,7.12,65.5,15
North,2020,Rice,778.44,4.23,3292.8,171,20.6,5.62,93.9,4
North,2020,Corn,893.22,5.32,4751.93,398.8,31.4,7.28,68.9,18
North,2020,Corn,254.36,2.09,531.61,177.1,30.9,6.34,161,9
South,2023,Wheat,412.12,4.18,1722.66,321.7,31,7.3,198,19
North,2021,Soybean,973.09,1.51,1469.37,225.1,15.3,5.63,148.3,14
South,2021,Soybean,802.71,3.74,3002.14,140.9,30.1,7.27,87.4,1
North,2022,Barley,354.33,3.92,1388.97,176.5,32.1,6.85,134.6,2
South,2020,Barley,607.55,2.08,1263.7,302.5,27.1,6.61,170.8,13
West,2022,Soybean,463.89,2.96,1373.11,201.1,30,5.62,194.3,16
East,2023,Soybean,540.97,5.14,2780.59,281.2,30.5,6.88,50.8,6
West,2022,Wheat,419.65,1.74,730.19,161.7,25.1,6.7,128.6,13
West,2020,Wheat,351.4,3.17,1113.94,234.6,31.3,6.95,118,9
North,2021,Soybean,707.29,5.66,4003.26,253.7,30.8,6.93,112.2,15
South,2021,Rice,800.69,3.52,2818.43,223.8,33.3,6.39,125.6,13
East,2020,Rice,886.56,4.63,4104.77,159.4,33.4,5.91,110.5,13
North,2023,Wheat,239.8,5.13,1230.17,238.5,25.6,7.34,101.6,9
North,2020,Corn,840.57,2.02,1697.95,307.9,15.6,7.35,67.2,14
North,2023,Soybean,329.32,2.09,688.28,389.5,15.4,5.92,125,17
West,2021,Barley,484.6,4.79,2321.23,336.9,33.8,6.76,173.2,0
South,2023,Rice,911.3,4.77,4346.9,148.4,21.7,5.91,65.7,2
South,2020,Corn,509.05,1.3,661.76,181.8,22.6,7.22,160.8,8
East,2020,Rice,277.36,2.61,723.91,123.6,24.4,5.7,90.2,9
South,2020,Corn,243.88,2.99,729.2,140.7,20.3,7.48,107.2,4
South,2023,Soybean,525.69,5.15,2707.3,175.2,26.8,6.72,198.2,4
North,2023,Soybean,786.41,3.11,2445.74,159.9,30.7,5.55,151.3,14
North,2023,Soybean,997.48,5.63,5615.81,164.1,20.1,7.26,157.9,3
West,2021,Wheat,808.67,5.98,4835.85,169.2,29.9,6.87,140.4,3
North,2022,Corn,889.31,4.9,4357.62,190.2,28.4,6.89,98.4,17
North,2022,Barley,773.05,4.33,3347.31,137.7,25.5,6.05,151.3,6
North,2020,Barley,905.89,2.96,2681.43,183.4,21.5,6.17,118.6,19
North,2021,Soybean,168.66,1.34,226,306.5,32.5,7.33,174.8,0
West,2023,Barley,936.94,3.87,3625.96,170.9,23.1,6.77,135.7,13
North,2020,Rice,456.77,2.81,1283.52,151.6,22.5,5.53,165.7,6
East,2021,Corn,929.45,2.75,2555.99,120.3,27.8,6.15,177.3,18
East,2020,Corn,168.16,4.44,746.63,250,33.4,6.7,173.2,8
East,2021,Corn,743.72,3.32,2469.15,352.6,25.2,5.8,110.3,11
East,2021,Rice,762.12,4.76,3627.69,117.7,29.5,5.7,105.3,9
North,2022,Wheat,997.22,2.99,2981.69,262.7,24.1,5.62,180.4,5
East,2020,Rice,791.97,1.75,1385.95,295.2,19.4,6.76,71.5,2
North,2023,Corn,444.32,3.31,1470.7,277.7,17.5,6.14,91.9,10
West,2022,Corn,601.52,5.76,3464.76,363.3,17.7,6.25,68.2,0
East,2022,Corn,429.9,5.01,2153.8,359.9,15.4,5.62,56.3,0
South,2023,Barley,276.42,2.03,561.13,117.2,26.1,6.98,142.4,6
East,2021,Wheat,323.65,2.96,958,208.3,17.6,7.03,185.1,10
East,2023,Rice,299.81,5.64,1690.93,301.2,32.3,7.16,69.4,9
North,2020,Corn,593.93,1.62,962.17,385.7,34.7,6.8,169.4,1
East,2023,Soybean,915.54,2.27,2078.28,341.4,24.9,7.05,106.9,6
South,2021,Wheat,921.45,2.31,2128.55,153,24,6.65,142.7,0
North,2023,Soybean,149.29,3.85,574.77,183.8,22,6.48,164.6,4
North,2021,Wheat,171.91,3.05,524.33,329.1,27.8,6.02,156.5,17
West,2021,Corn,320.61,1.4,448.85,241.4,27.2,5.61,70.5,2
West,2020,Wheat,329.55,4.15,1367.63,264.2,21.9,6.08,67.3,4
East,2023,Wheat,185.4,1.5,278.1,282.7,21.9,6.87,188.6,9
West,2023,Corn,449.62,4.03,1811.97,131,27.9,7.35,61.9,4
West,2020,Soybean,628.95,3.54,2226.48,356.8,26.1,6.01,82.8,17
West,2021,Soybean,620.35,3.47,2152.61,358.9,29.4,6.84,115.8,13
North,2023,Barley,589.09,1.34,789.38,240.5,33.8,6.46,173.2,3
North,2020,Soybean,404.8,4.2,1700.16,288.1,30.6,6.76,140.4,6
North,2021,Soybean,735.81,3.16,2325.16,298,21.1,5.5,135.7,18
West,2020,Wheat,843.84,3.06,2582.15,156.9,30.2,5.75,153.8,19
North,2023,Barley,411.65,3.98,1638.37,133.8,24,5.93,170.3,6
West,2020,Corn,176.98,4.03,713.23,106.2,30.6,7.29,84.9,10
North,2022,Corn,366.7,1.08,396.04,373.9,32.7,5.58,52.8,16
North,2021,Rice,223.63,1.63,364.52,203.7,20,6.64,69.1,13
South,2022,Barley,520.62,2.18,1134.95,125.7,19.8,7.36,74.8,7
East,2022,Wheat,240.34,4.39,1055.09,239.7,23.7,6.8,56,18
West,2021,Rice,516.56,3.88,2004.25,122.7,16,6.47,162.1,1
South,2021,Rice,298.9,4.79,1431.73,125.6,28.7,6.27,182.7,7
North,2020,Corn,764.86,4.7,3594.84,246.7,30,6.75,156.6,10
West,2021,Soybean,124.81,5.27,657.75,252.7,21.9,6.46,78.3,18
North,2022,Wheat,599.27,2.88,1725.9,274,24.3,6.91,141,5
East,2022,Barley,252.54,2.73,689.43,296.9,26.8,6.74,128.1,10
South,2023,Rice,100.89,5.16,520.59,300.5,16.5,6.63,173,16
East,2021,Wheat,882.28,2.19,1932.19,229.9,29.2,7.41,191.3,15
South,2022,Corn,704.38,3.31,2331.5,293.1,25.5,7.17,161.4,19
North,2023,Rice,189.05,1.97,372.43,191.4,27.5,6.72,126.9,8
East,2023,Rice,697.67,5.57,3886.02,232.4,29.5,6.58,126.7,12
East,2020,Corn,650.48,3.04,1977.46,218,28.5,6.95,171.2,6
North,2022,Corn,526.02,2.06,1083.6,198.7,16.9,7.11,68.4,15
East,2020,Corn,477.33,4.46,2128.89,171.6,30.7,6.09,73,3
West,2022,Wheat,898.36,2.22,1994.36,123.5,27.2,6.83,101.5,10
South,2020,Wheat,320.63,5.72,1834,251.8,29.3,5.77,162.1,18
South,2020,Wheat,458.48,2.84,1302.08,261.2,20.2,6.36,59.9,13
South,2021,Soybean,396.2,4.32,1711.58,200.8,19.4,7.38,101.6,14
West,2020,Rice,794.08,2.73,2167.84,392.8,31.5,6.15,97.8,7
South,2021,Wheat,924.82,5.04,4661.09,267.1,22.8,5.81,122.9,11
North,2023,Soybean,864.8,5.48,4739.1,366.7,26.5,5.79,119.6,10
East,2022,Rice,817.93,4.94,4040.57,271,26,6.29,157.2,5
West,2023,Wheat,988.11,5.24,5177.7,157,26.7,5.95,143.8,12
South,2022,Corn,727.43,1.51,1098.42,392.4,16.4,6.35,185.4,17
North,2023,Barley,775.95,5.62,4360.84,365.6,21,6.94,77.1,2
East,2022,Wheat,984.52,4.12,4056.22,241.4,16.3,7.28,114.8,19
East,2020,Barley,106.29,5.35,568.65,172.9,24.6,5.72,110,1
West,2022,Wheat,670.64,4.42,2964.23,166.8,33,7.04,66.9,2
West,2022,Corn,765.07,2.01,1537.79,341.8,22.8,5.71,74.7,7
West,2023,Barley,926.04,4.05,3750.46,120.7,30.6,6.26,100.5,2
North,2023,Soybean,895.46,1.45,1298.42,291.4,20.7,7.49,160.2,9
North,2023,Corn,857.76,4.48,3842.76,292,32.1,5.64,72.5,6
West,2021,Barley,951.21,3.05,2901.19,154.7,23.4,5.55,89.8,8
South,2021,Barley,583.64,1.76,1027.21,311.5,22.1,6.17,151.5,17
East,2022,Corn,106.23,5.9,626.76,311.6,28.9,7.4,139.5,15
East,2022,Corn,109.95,5.51,605.82,205,25.3,5.54,65.7,16
North,2020,Corn,590.18,5.47,3228.28,245,21.7,5.95,191.6,19
East,2020,Rice,491.75,4.94,2429.25,349.8,16.2,6.71,72.2,6
South,2022,Soybean,506.12,4.46,2257.3,256.9,18.3,5.97,59.2,18
East,2021,Wheat,460.36,4.28,1970.34,285.4,30.4,5.61,95.6,4
North,2022,Barley,925.95,1.53,1416.7,223.8,33.4,5.6,54,14
North,2020,Wheat,423.25,5.5,2327.88,144.9,18.4,6.62,54.6,1
South,2021,Corn,870.6,5.41,4709.95,399.4,26.4,6.62,136.8,14
South,2021,Soybean,912.58,4.74,4325.63,259.5,15.7,6.91,183.9,4
East,2020,Soybean,549.55,5.64,3099.46,200.9,20.8,5.76,110.4,13
East,2022,Rice,502.24,3.77,1893.44,314.1,24,6.5,95.3,18
North,2023,Corn,784.92,3.24,2543.14,286.2,29.7,6.7,187.2,1
South,2022,Barley,737.17,5.84,4305.07,169.9,15.9,5.94,59.2,19
South,2022,Rice,395.68,3.32,1313.66,363.1,30.6,6.59,121,18
South,2020,Corn,192.29,4.21,809.54,121.3,19.1,6.92,87.9,5
East,2021,Rice,338.37,2.87,971.12,281.7,30.2,7.48,107.3,18
South,2020,Wheat,217.93,4.18,910.95,243.4,27.5,6.69,111.6,9
North,2022,Corn,365.26,4.6,1680.2,195.5,21.8,7.22,131.8,15
North,2023,Barley,335.64,4.12,1382.84,347.9,29.5,7.17,118,16
East,2023,Barley,673.94,3.57,2405.97,296.9,19.7,7.38,198.2,9
West,2023,Corn,959.05,2.5,2397.62,327.8,19.4,6.95,53.8,12
East,2020,Rice,717.17,4.22,3026.46,224.4,16.2,5.93,163.6,12
West,2021,Soybean,933.98,5.54,5174.25,382.7,22.9,6.1,57.6,13
South,2020,Corn,805.72,1.03,829.89,203.4,17,7.07,114.7,18
East,2023,Barley,755.09,1.67,1261,259.3,23.4,6.54,80.3,18
North,2022,Wheat,472.66,1.6,756.26,380.1,15.2,6,191.8,4
South,2021,Barley,392.32,5.62,2204.84,125,18.1,6.81,158.4,8
North,2020,Soybean,861.65,4.31,3713.71,132.6,33.6,7.31,119.4,14
South,2020,Barley,914.85,5.76,5269.54,398.3,30.9,6.22,192.8,11
East,2021,Soybean,506.69,3.91,1981.16,391.4,19.7,6.69,158.2,3
West,2021,Corn,108.16,3.31,358.01,331.5,29.4,6.66,192.8,17
South,2022,Barley,813.28,4.96,4033.87,245.3,28.4,5.75,155.7,0
West,2021,Rice,356.56,1.8,641.81,251.8,18.5,5.68,61.7,11
South,2022,Rice,108.9,2.91,316.9,177.2,22.4,7.28,142.4,8
North,2023,Barley,824.49,3.33,2745.55,229.8,33.3,7.37,197.1,3
North,2023,Barley,565.67,2.49,1408.52,229.4,29.8,7.31,82.1,5
South,2020,Wheat,716.69,2.86,2049.73,110.8,30.2,6.29,168.9,1
West,2023,Barley,923.22,1.39,1283.28,235.9,26.3,6.08,77.7,10
East,2023,Wheat,587.06,1.99,1168.25,243.9,28.3,7.38,117.8,10
East,2022,Wheat,552.87,2.68,1481.69,299.7,25.2,7.27,62.7,4
North,2020,Wheat,361.6,4.98,1800.77,254.9,29.8,7.14,101.1,5
East,2021,Wheat,374.67,1.91,715.62,358.5,29.7,6.17,166.4,0
North,2020,Corn,816.89,2.73,2230.11,210.3,15.6,6.78,56.8,2
East,2023,Rice,504.13,1.32,665.45,222.9,27.6,7,98,8
South,2021,Wheat,247.17,3.79,936.77,271.4,27.6,6.65,144.5,0
North,2020,Rice,185.08,4.06,751.42,160.8,16.3,6.7,192.3,12
North,2020,Wheat,525.63,5.33,2801.61,218,23.2,7.01,86.8,16
South,2020,Rice,518.46,5.1,2644.15,305.9,33,7.03,76,15
North,2020,Barley,688.11,2.43,1672.11,223.5,34.1,5.98,80.6,11
East,2022,Barley,523.96,1.68,880.25,372,30.6,6.28,85.5,1
East,2020,Rice,229.13,1.78,407.85,284.6,18,7.06,145.7,3
North,2023,Wheat,557.02,5.84,3253,146.1,22.5,6.02,199.8,12
East,2023,Corn,916.11,4.37,4003.4,246.2,18.7,7.33,128.5,5
West,2022,Rice,243.5,1.21,294.64,329.4,28,7.18,90.7,16
North,2021,Soybean,720.78,1.68,1210.91,293,30.5,7.29,162,15
South,2021,Corn,634.47,3.43,2176.23,365.6,32.7,6.09,73.7,8
West,2023,Soybean,773.73,2.04,1578.41,325,32.2,5.71,54.5,14
North,2023,Rice,235.54,5.02,1182.41,118.5,17,5.7,140.8,1
South,2022,Wheat,947.44,3.87,3666.59,133.8,17.5,6.61,81.5,1
East,2021,Soybean,658.87,4.06,2675.01,294.9,33.2,6.11,109.9,16
South,2021,Rice,862.36,3.31,2854.41,171.5,31.9,6.03,84.7,13
West,2020,Corn,321.95,2.28,734.05,276.4,24.2,5.94,187.7,14
East,2020,Wheat,765.47,3.95,3023.61,337.7,23.6,6.62,100.7,1
North,2020,Soybean,802.93,4.58,3677.42,273.1,26.1,6.6,117.4,2
East,2022,Rice,457.69,2.85,1304.42,224.6,26.9,6.34,85.2,17
North,2023,Wheat,445.56,3.52,1568.37,293.9,20.1,5.78,62.7,4
North,2022,Wheat,692.02,5.2,3598.5,143.1,23.1,7.36,126.9,3
South,2021,Barley,184.07,1.74,320.28,317,27.4,6.36,180.3,6
South,2023,Wheat,762.06,3.73,2842.48,309.1,19.1,5.75,102.8,6
South,2020,Rice,138.6,2.74,379.76,254.3,35,5.57,167.1,4
West,2022,Corn,271.53,4.51,1224.6,183.6,20.7,5.81,54.9,19
West,2022,Barley,697.73,1.09,760.53,339.3,26,6.09,85.3,14
South,2020,Rice,188.49,4.35,819.93,253.2,26.1,6.76,69.7,19
West,2022,Rice,974.66,1.51,1471.74,117.8,24,7.44,110.4,4
East,2020,Rice,881.56,1.32,1163.66,375.6,19.8,6.04,184.1,13
East,2021,Soybean,663.67,4.62,3066.16,330.3,26.3,7.08,106,2
West,2023,Soybean,837.15,4.2,3516.03,275.4,16.8,7.32,140.5,0
West,2021,Corn,898.82,5.47,4916.55,231,22.7,6.28,184.7,1
East,2021,Rice,333.53,3.6,1200.71,388,19.5,6.01,104,12
North,2020,Soybean,864.47,3.65,3155.32,332.5,17.5,6.48,104.9,1
East,2022,Soybean,275.31,4.54,1249.91,260.5,33.5,7.29,63.2,10
East,2021,Soybean,472.01,2.62,1236.67,295.9,29,5.52,102.4,4
West,2021,Corn,602.43,1.18,710.87,184.2,18.4,6.47,161.9,11
East,2021,Corn,742.5,2.15,1596.38,158.7,34,7.02,176.7,17
West,2022,Rice,127.13,2.19,278.41,182,19.3,6.7,158.4,19
West,2022,Barley,361.46,2.68,968.71,187.9,19.7,6.49,51,16
South,2020,Rice,647.67,5.72,3704.67,321.9,17.7,6.61,67.5,12
East,2021,Soybean,421.63,5.02,2116.58,142,29.6,6.74,159.6,5
North,2023,Soybean,797.52,5.68,4529.91,333.3,26.4,6.86,191.4,9
South,2022,Wheat,686.49,5.99,4112.08,257,16.2,6.21,154.3,0
West,2020,Rice,310.96,3.17,985.74,215.4,15.5,6.53,83.9,17
West,2021,Soybean,231.34,2.14,495.07,190.1,25.7,6.05,66.1,3
North,2023,Soybean,666.14,3.8,2531.33,254,28,7.47,181.6,3
West,2022,Barley,505.42,5.41,2734.32,195.3,31.5,5.87,64.9,8
East,2023,Wheat,252.06,3.33,839.36,228.8,24.6,5.8,72.7,4
South,2022,Rice,393.74,3.53,1389.9,321.7,28.5,6.04,139.5,9
West,2020,Corn,372.74,1.67,622.48,287.8,29.7,7.34,78.5,11
West,2023,Rice,197.32,3.1,611.69,324.4,27.3,6.82,84.1,19
North,2021,Rice,592.22,2.93,1735.2,313.9,22,6.41,71.3,4
East,2021,Barley,787.28,2.76,2172.89,344.5,17.6,7.35,191.6,0
West,2022,Rice,617.92,5.44,3361.48,160.5,28,7.3,68.7,19
North,2021,Barley,843.66,1.3,1096.76,398.5,30.4,6.3,189.7,14
West,2023,Barley,214.81,5.86,1258.79,242.7,18.8,6.63,98.9,19
North,2020,Soybean,492.05,1.04,511.73,315.5,24.9,7.31,173.2,6
North,2022,Corn,648.47,5.73,3715.73,303.3,22.9,6.14,192.5,11
East,2023,Barley,708.4,3.74,2649.42,269.8,19.1,6.32,127.9,13
West,2022,Wheat,726.21,4.51,3275.21,398.7,19.9,7.09,165.5,11
East,2020,Wheat,756.07,1.94,1466.78,165.2,19.8,6.9,89.9,19
North,2022,Corn,686.29,4.27,2930.46,226.5,23.4,5.6,107.4,15
South,2021,Barley,184.81,5.41,999.82,138.3,22.8,5.73,132.9,10
West,2021,Corn,725.78,1.7,1233.83,154.6,26.1,7.19,177.6,17
South,2022,Soybean,752.3,1.64,1233.77,313.9,16.9,5.56,143.1,0
West,2020,Wheat,994.13,2.52,2505.21,101.5,26.6,7.34,53.3,13
East,2020,Rice,724.03,1.81,1310.49,366.9,15.4,6.04,95.7,12
East,2021,Wheat,718.15,1.55,1113.13,290,20.1,6.7,179.7,7
East,2020,Barley,563.33,4.39,2473.02,232.3,25,6.63,86,15
East,2022,Corn,881.13,2.07,1823.94,199.4,28.7,6.29,105.2,0
East,2023,Wheat,997.15,4.34,4327.63,137.9,30.4,5.56,108.4,3
South,2022,Rice,801.14,5.31,4254.05,376.5,15.7,5.88,73.2,15
East,2021,Rice,651.25,4.26,2774.32,313.7,25.7,6.73,102.5,12
North,2021,Corn,171.06,1.6,273.7,200.9,22.1,6.39,172.6,17
North,2021,Corn,754.07,3.87,2918.25,121.3,28.9,6.33,177.4,1
South,2020,Wheat,737.71,2.97,2191,197.7,20.7,5.7,137.1,9
West,2022,Barley,798.01,2.72,2170.59,155.4,29.9,6.19,151.8,4
North,2023,Soybean,212.1,2.59,549.34,335.9,27,6.55,130.2,10
West,2022,Rice,688.36,5.65,3889.23,315.9,30.8,5.66,56.6,1
South,2023,Corn,366.15,4.71,1724.57,249.4,34.7,5.63,154.5,0
West,2022,Soybean,784.24,1.67,1309.68,365.8,33.2,6.48,199.5,16
West,2021,Soybean,316.34,3.38,1069.23,154.2,26.9,6.62,84.2,3
West,2023,Soybean,715.58,2.59,1853.35,235.6,32.9,6.02,197.3,19
West,2022,Barley,365.49,5.89,2152.74,313.2,18.1,6.15,199.7,1
South,2020,Corn,108.09,5.89,636.65,120.3,15.9,7.09,71.2,17
North,2020,Rice,670.02,2.6,1742.05,211.8,25.7,7.24,188.9,3
East,2022,Corn,201.94,2.76,557.35,271.5,34.5,6.15,151.3,0
West,2021,Wheat,693.36,4,2773.44,210,29.2,6.21,120,13
North,2023,Rice,933.05,3.4,3172.37,244.1,21.1,7.16,101.7,12
North,2022,Corn,972.32,2.07,2012.7,282.4,28.4,7.45,144.5,9
South,2020,Rice,312.33,4.3,1343.02,210.5,15.8,6.14,176.4,12
North,2023,Wheat,828.33,2.67,2211.64,131.8,24.4,7.08,55.1,10
South,2020,Rice,418.2,4.27,1785.71,141.8,19.7,6.46,130.3,5
West,2020,Soybean,910.41,2.92,2658.4,258.1,16,6.03,147.5,5
West,2022,Barley,808.74,4.5,3639.33,152.4,20,6.86,53.8,18
East,2020,Wheat,166.53,4.34,722.74,367,29.4,6.43,183.4,9
East,2023,Rice,466.42,3.54,1651.13,350.3,26,6.04,192.8,17
East,2021,Wheat,403.59,4.52,1824.23,204.7,15.5,5.71,141.9,12
North,2022,Soybean,806.66,3.3,2661.98,349.3,23.2,7.23,67.6,15
West,2023,Barley,469.26,1.58,741.43,260,30,7.26,189.9,17
South,2022,Wheat,716.13,1.91,1367.81,147.7,34.1,5.65,170.8,2
East,2020,Soybean,642.19,2.23,1432.08,284.3,32.5,6.83,54.3,14
South,2020,Soybean,978.07,1.32,1291.05,303.8,15,5.83,136.9,16
South,2023,Soybean,944.01,4.56,4304.69,125.2,19.4,6.79,67.2,2
East,2023,Rice,484.93,2.84,1377.2,194.3,19.2,7.32,71.2,1
West,2021,Corn,751.22,1.47,1104.29,101.6,23.3,6.02,78.9,12
East,2023,Wheat,846.51,5.1,4317.2,194.9,27.9,6.2,109.4,3
South,2023,Corn,909,4.42,4017.78,200.6,18.1,7.09,181.5,0
East,2022,Soybean,161.32,3.26,525.9,289.1,33.3,6.97,54.7,10
South,2020,Corn,371.87,2.24,832.99,159.7,30.5,6.32,153.4,18
South,2023,Soybean,388.21,1.76,683.25,109,23.4,7.2,194.7,10
East,2021,Soybean,491,3.29,1615.39,194.7,26.7,7.34,146.2,19
North,2023,Barley,252.34,5.43,1370.21,347.7,25.8,6.41,172.3,4
East,2020,Barley,546.59,1.94,1060.38,219.7,26.6,5.58,185.3,14
North,2023,Corn,696.89,3.84,2676.06,224.5,32.2,6.52,157.2,19
South,2022,Wheat,547.63,5.81,3181.73,240.7,19,6.98,149,4
South,2020,Corn,699.21,4.19,2929.69,325.5,28.7,5.94,52.7,16
North,2023,Wheat,159.8,3.2,511.36,244,17.1,5.7,127.8,7
South,2022,Corn,888.39,4.58,4068.83,127.4,24.2,6.07,120.4,1
North,2020,Rice,945.16,5.12,4839.22,161.9,27.7,5.52,128.4,5
North,2023,Rice,656.12,3.95,2591.67,156.4,15.3,6.93,114.9,17
South,2022,Wheat,893.25,5.36,4787.82,252.4,17.2,5.79,186,17
West,2021,Barley,218.3,3.57,779.33,109,16.8,6.95,183.4,13
North,2022,Wheat,817.7,5.15,4211.16,185.1,22.5,5.97,68.9,2
East,2021,Corn,207.23,5.76,1193.64,282.2,27.4,7.48,129.9,1
East,2023,Soybean,467.21,3.51,1639.91,206.4,34.9,6.56,193.9,16
South,2022,Rice,391.44,4.03,1577.5,312.3,20.1,5.58,139.8,0
West,2021,Soybean,627.03,4.05,2539.47,217.4,17.7,7.05,170.3,7
South,2020,Rice,371.36,4.91,1823.38,393.8,23.3,6.32,106,0
West,2022,Corn,673.58,5.11,3441.99,389.6,17.9,6.71,106.6,18
North,2023,Rice,430.65,1.14,490.94,340,15.5,7.4,98.9,11
North,2020,Wheat,874.71,4.67,4084.9,386.3,26.3,6.53,53.3,3
North,2021,Soybean,670.5,4.92,3298.86,161.4,32.6,7.11,188.7,11
North,2022,Soybean,293.77,4.5,1321.96,325.3,32.2,6.11,102.4,11
East,2022,Corn,402.52,4.57,1839.52,196.5,17,6.93,105.1,6
East,2023,Soybean,862.68,1.21,1043.84,317.6,17.9,5.7,163.9,17
South,2020,Corn,447.83,3.21,1437.53,212.2,24.8,7.29,129,6
West,2022,Barley,582.22,5.09,2963.5,186.8,22.4,5.9,104.3,10
North,2022,Wheat,684.05,5.67,3878.56,387.6,29.1,6.1,182.5,0
North,2020,Rice,413.03,2.15,888.01,163,24.9,7.42,173.8,7
West,2022,Rice,364.58,3.9,1421.86,327.6,15.4,5.81,196.5,6
West,2020,Rice,527.73,5.02,2649.2,302.4,20.7,6.01,146.2,18
South,2020,Barley,293.39,4.76,1396.54,191,33,6.66,153.5,8
West,2020,Wheat,355.79,4.09,1455.18,237.5,25.2,7.46,98.7,9
North,2023,Soybean,155.87,1.09,169.9,142.9,31,6.88,64.9,0
North,2020,Soybean,373.57,4.62,1725.89,376.4,23,5.73,65.9,12
North,2020,Wheat,388.63,4.87,1892.63,390.4,28.5,7,146.9,12
North,2021,Wheat,965.65,4.61,4451.65,319.7,18.4,6.35,67,15
North,2021,Rice,630.76,4.83,3046.57,354.8,29.7,7.48,186,14
South,2023,Soybean,808.64,3.15,2547.22,124.8,30.7,6.76,155.6,1
North,2020,Wheat,140.84,5.97,840.81,215.2,16.8,6.56,83.9,14
South,2021,Soybean,195.88,4.85,950.02,199.2,18.7,6.61,91.9,6
North,2021,Wheat,833.08,3.89,3240.68,269.5,24.3,6.78,156.5,11
East,2022,Corn,661.19,5.67,3748.95,155,27.7,6.96,173.6,11
East,2020,Rice,271.88,5.54,1506.22,269,27.7,5.66,175.9,4
East,2021,Wheat,464.32,5.07,2354.1,296.3,28.4,5.76,140.2,5
East,2023,Barley,584.81,3.82,2233.97,139.7,29.3,6.1,73.3,5
South,2022,Wheat,859.25,3.64,3127.67,139.5,25.1,6.46,172.8,18
South,2022,Corn,154.37,2.64,407.54,110.6,26.5,6.12,168.7,14
West,2020,Barley,637.05,2.25,1433.36,328.3,15.2,5.93,175.3,8
North,2020,Barley,745.33,3.56,2653.37,199.3,18.3,7.35,73.6,12
East,2022,Wheat,980.1,3.89,3812.59,167.6,25,5.57,152.7,2
South,2023,Corn,826.44,2.22,1834.7,333.4,29.9,7.38,194,14
North,2020,Barley,348.6,5.61,1955.65,143,31.2,7.31,88.4,1
North,2020,Rice,738.62,3.79,2799.37,228.2,29.6,6.87,157.5,1
South,2022,Rice,786.95,3.63,2856.63,323.4,24.7,5.57,88.8,6
East,2022,Soybean,756.76,3.18,2406.5,272.1,20.6,5.95,96.1,13
West,2020,Soybean,838.13,1.29,1081.19,266.2,23.9,7.46,122.8,12
North,2021,Corn,913.36,5.41,4941.28,147.2,15.2,7.31,184.2,11
West,2020,Barley,188.59,2.58,486.56,154.3,27,7.43,55.8,6
East,2021,Rice,194.29,4.21,817.96,274.8,16.5,7.49,198.4,1
East,2022,Rice,816.76,4.04,3299.71,107.1,17.9,5.63,165.8,14
West,2021,Corn,327.14,3.92,1282.39,360.7,27.5,6.64,104,3
East,2023,Barley,152.69,3.63,554.26,205.1,15.3,7.17,103.1,17
North,2022,Corn,461.11,1.91,880.72,225,26.5,6.14,122.4,5
West,2020,Wheat,837.89,2.4,2010.94,177.5,27.8,6.37,181.3,10
East,2020,Rice,213.91,3.62,774.35,363,30.8,6.07,52.7,6
West,2022,Corn,704.66,4.95,3488.07,292.8,16.4,5.58,132.2,7
North,2022,Corn,103.25,3.16,326.27,235,15.1,5.65,58.4,9
East,2023,Wheat,198.76,2.02,401.5,275.6,30.3,5.54,67.3,6
North,2022,Soybean,415.77,1.44,598.71,214.1,20.8,6.55,153.6,6
East,2020,Rice,175.24,4.32,757.04,239.7,32.7,6.74,85.1,5
South,2023,Corn,861.31,3.12,2687.29,207.3,18.7,6.12,56.2,3
East,2020,Rice,877.66,1.63,1430.59,223.2,26.7,7.15,74.6,8
West,2021,Soybean,780.01,4.37,3408.64,194.5,17.2,7.28,81.3,3
East,2022,Corn,318.23,2.04,649.19,123.3,23.1,5.78,165.5,2
North,2021,Wheat,570.92,3.55,2026.77,111.2,32.6,5.6,143.7,11
North,2020,Rice,265.77,2.53,672.4,152.2,27.2,6.14,160.3,10
East,2021,Wheat,353.15,5.66,1998.83,175.5,28.8,6.93,105.5,10
West,2021,Soybean,564.4,2.14,1207.82,367.1,19.5,6.51,67,7
South,2020,Soybean,761.51,3.1,2360.68,283.4,33.5,6.48,170.8,8
West,2020,Rice,185.19,5.8,1074.1,387.5,27.5,5.8,71.1,5
South,2022,Soybean,367.03,2.59,950.61,201.9,17.1,6.2,107.4,2
North,2021,Barley,933.96,4.22,3941.31,220.5,15.3,7.42,89.3,9
West,2023,Rice,486.21,2.58,1254.42,315.9,15.3,6.18,94.5,12
South,2023,Barley,944.98,1.55,1464.72,273.4,16,6.68,140.3,8
East,2020,Soybean,992.26,4.14,4107.96,258.4,33.2,5.62,74.7,17
North,2020,Rice,573.99,5.58,3202.86,272.7,22.2,5.63,116.9,2
East,2021,Barley,359.24,3.26,1171.12,275.2,21,6.35,145.8,6
North,2020,Soybean,811.7,4.13,3352.32,329.7,23.3,6.71,180.3,4
West,2023,Corn,243.38,4.04,983.26,300.4,23.2,6.24,105.7,15
West,2022,Corn,326.84,3.08,1006.67,387.2,19.8,5.86,97.8,8
North,2022,Wheat,806.39,4.07,3282.01,384.4,16.8,6.97,105.2,12
North,2021,Corn,490.28,2.3,1127.64,226.6,17.2,5.78,125.1,11
North,2022,Barley,281.38,2.89,813.19,110.7,27,6.84,97,0
West,2020,Corn,686.01,3.21,2202.09,103.3,22.9,7.41,87.6,17
South,2020,Rice,759.49,5.32,4040.49,137,33,6.44,106.3,5
East,2020,Rice,212.56,2.74,582.41,122.5,24.3,5.9,166.7,16
East,2020,Rice,349.28,4.18,1459.99,212,25.1,7.18,87.9,18
West,2021,Corn,299.15,2.07,619.24,115.9,33.6,6.51,176.7,19
East,2022,Corn,441.87,2.26,998.63,287.5,25,7.35,92.8,5
North,2023,Wheat,787.1,4.24,3337.3,157.1,25,6.94,140.5,4
South,2022,Soybean,742.34,4.81,3570.66,254.2,22.3,6.36,195.6,1
East,2020,Wheat,696.27,3.31,2304.65,130.9,29.2,6.73,192.8,9
South,2023,Barley,105.66,2.68,283.17,348.3,22.8,5.84,115.2,10
North,2021,Rice,227.93,5.55,1265.01,334,26.8,6.27,60.1,1
East,2020,Corn,300.97,1.68,505.63,215.9,23.9,6.69,185.4,17
West,2020,Soybean,344.76,4.6,1585.9,373.2,25.6,6.68,69,15
South,2023,Soybean,231.78,4.45,1031.42,155.7,31.5,6.67,188.5,2
North,2021,Corn,469.28,4.45,2088.3,344.2,23.3,6.99,159.9,10
South,2023,Wheat,167.66,5.68,952.31,263.8,19.6,5.71,190.1,2
East,2021,Soybean,775.02,4.64,3596.09,198.9,26.4,5.65,149.8,5
East,2020,Wheat,808.95,2.51,2030.46,125.3,33.8,5.8,199.3,4
West,2022,Corn,616.84,2.77,1708.65,151.4,28.9,7.08,120.1,9
North,2020,Wheat,180.73,2.96,534.96,358.9,21.2,5.63,99.4,19
North,2022,Rice,901.07,1.15,1036.23,282.1,34.3,5.95,109,10
West,2022,Corn,969.07,5.57,5397.72,171.1,21.9,6.01,102.5,17
West,2021,Corn,282.13,1.37,386.52,248.8,34.7,6.79,110.1,6
North,2023,Soybean,734.18,4.5,3303.81,132.4,18.8,6.3,182.8,15
South,2021,Soybean,857.74,4.65,3988.49,129.7,35,5.9,138.8,14
South,2020,Soybean,585.86,5.22,3058.19,372.3,16.5,6.4,158.9,7
West,2023,Rice,390.99,3.77,1474.03,237.4,29.3,6.87,93.2,7
South,2022,Rice,530.7,4.63,2457.14,208.5,29.8,7.07,198.5,1
North,2022,Barley,561.04,2.51,1408.21,384.7,28.6,5.75,92.1,14
East,2020,Corn,460.57,4.73,2178.5,219.7,30.6,6.93,73.9,14
East,2023,Soybean,936.86,2.72,2548.26,200.9,24.4,5.51,166.7,11
South,2020,Corn,769.49,5.51,4239.89,181.9,16.1,6.95,175.9,10
West,2020,Wheat,317.17,1.82,577.25,269.5,22.2,6.82,109.1,4
West,2021,Rice,627,2.58,1617.66,267.5,27.8,6.44,131.2,8
West,2020,Barley,719.82,3.49,2512.17,104.9,27.9,5.77,112.1,11
West,2023,Wheat,226.14,4.88,1103.56,296.2,18.9,7.03,94.1,1
West,2020,Corn,422.58,4.74,2003.03,336.5,20.1,5.64,172,2
South,2023,Rice,914.99,2.05,1875.73,284.8,24.7,7.29,163.6,5
East,2022,Soybean,610.46,1.72,1049.99,361,29.6,7.05,122.8,19
East,2020,Wheat,295.3,2.52,744.16,182.9,32.1,6.98,118.3,18
South,2023,Rice,210.51,3.42,719.94,157.6,16.7,7.01,77,7
West,2022,Corn,566.4,3.7,2095.68,309.2,33.5,5.64,145.6,16
South,2023,Corn,592.92,3.15,1867.7,156.6,33.6,7.48,188.6,8
East,2022,Wheat,400.97,4.32,1732.19,127.3,15.2,7.22,157.8,0
North,2021,Wheat,667.37,3.14,2095.54,129,25.1,6.52,125.9,12
South,2020,Wheat,161.82,5.73,927.23,330.5,26.7,6.94,55.8,17
West,2020,Barley,230.63,2.3,530.45,108.6,26.1,6.98,189.5,19
East,2022,Soybean,591.65,4.14,2449.43,186.8,27.3,7.16,96.2,19
East,2021,Rice,155.63,4.06,631.86,138.8,25.1,6.01,95,11
East,2023,Corn,892.82,2.41,2151.7,326.5,20.9,6.24,120.4,11
East,2021,Corn,227.93,3.06,697.47,251,16.9,7.1,114.4,11
West,2023,Soybean,706.53,2.83,1999.48,161.6,19.2,7.04,194.4,9
North,2023,Wheat,452.08,1.86,840.87,325.1,29.8,6.55,74.8,7
East,2020,Wheat,459.81,3.39,1558.76,325.1,19.8,6.29,153.4,11
South,2022,Corn,788.4,2.93,2310.01,256.9,31.6,7.44,66,15
North,2020,Soybean,549.52,1.89,1038.59,182.8,23.1,6.33,91.5,17
East,2020,Corn,753.09,3.25,2447.54,275.9,23.3,7.03,158.3,16
North,2020,Wheat,554.67,3.11,1725.02,380.1,32.4,6.33,170.6,10
South,2023,Rice,633.61,1.66,1051.79,115.5,19.3,6.12,120.3,8
East,2020,Wheat,784.64,1.66,1302.5,180.1,18.8,6.78,168.4,2
South,2023,Rice,646.58,4.24,2741.5,185.5,34.7,7.12,190.3,3
West,2022,Barley,654.05,4.53,2962.85,289.5,25.8,7.46,190.4,16
East,2023,Soybean,810.3,5.71,4626.81,295.3,18.8,5.8,101.4,7
East,2023,Barley,954.18,1.44,1374.02,161.9,18.3,7.25,96.8,16
East,2021,Wheat,439.04,1.59,698.07,164.8,32.2,6.55,159,4
East,2020,Soybean,619.41,1.26,780.46,378.5,27,5.72,148.1,15
West,2020,Wheat,177.65,3.66,650.2,326.9,17.3,7.09,108.8,16
East,2020,Soybean,422.92,4.11,1738.2,380.3,32.7,6.16,84.3,7
North,2020,Soybean,470.84,3.02,1421.94,348.9,23.9,7.24,142.8,11
East,2021,Wheat,851.71,4.99,4250.03,220.6,34.8,5.82,114.5,14
West,2021,Wheat,562.05,4.43,2489.88,136.6,20.6,6.92,69.8,4
East,2021,Soybean,757.96,5.93,4494.7,288.9,25.6,6.1,145.9,9
North,2021,Soybean,117.11,1.69,197.92,205.6,18.5,6.01,154.7,14
West,2020,Wheat,518.04,1.29,668.27,227.6,23.8,5.6,104.6,8
West,2023,Wheat,911.19,2.37,2159.52,227.8,18.5,6.46,174.8,14
North,2022,Corn,301.88,1.1,332.07,381,21.1,6.28,61.1,14
North,2021,Corn,128.37,5.66,726.57,120.7,20.4,5.62,124.4,15
North,2023,Corn,490.07,2.52,1234.98,157.9,20.7,5.95,193.5,7
North,2021,Barley,733.99,3.76,2759.8,282.4,34.4,6.47,78.6,18
North,2020,Soybean,509.02,2.59,1318.36,365.1,15.8,7.12,75.8,12
West,2020,Rice,513.98,2.23,1146.18,375.4,24.9,7.36,106.8,13
West,2023,Barley,702.82,1.76,1236.96,267.6,27.6,6.53,90.2,2
East,2023,Soybean,328.95,2.6,855.27,110.4,28.2,6.31,83.2,4
East,2023,Rice,776.7,4.08,3168.94,208.9,30.1,7.41,192.5,18
South,2020,Corn,237.8,5.86,1393.51,375.6,30.2,7.43,101.7,2
East,2020,Rice,456.18,3.79,1728.92,250,34.1,5.88,59,15
East,2022,Wheat,690.41,3.66,2526.9,318,30.1,6.56,185,7
North,2023,Wheat,845.53,1.18,997.73,180.8,31.5,7.14,117.2,3
North,2022,Soybean,812.38,5.2,4224.38,107.5,25.6,7.14,160.4,11
East,2021,Barley,749.52,1.22,914.41,273.5,28.2,6.87,105.1,15
South,2022,Corn,423.19,5.53,2340.24,350.5,24.6,6.44,190.3,16
North,2021,Soybean,210.07,3.69,775.16,397.1,20.5,6.31,93.2,4
East,2021,Corn,295.15,1.84,543.08,354,21.3,7.11,149.4,14
East,2022,Wheat,878.35,3.26,2863.42,266.2,22.2,5.95,173.7,4
West,2023,Barley,871.6,5.97,5203.45,282.6,21.8,6.36,85.7,19
South,2021,Barley,956.4,2.53,2419.69,347.2,25.7,6.63,170.2,15
West,2023,Wheat,168.39,2.35,395.72,105.9,20,7.16,168.8,5
South,2020,Rice,583.13,1.59,927.18,385.5,25.3,6.25,194.6,3
North,2021,Barley,683.81,3.99,2728.4,259.4,33.3,6.6,188.4,7
South,2020,Rice,739.59,1.45,1072.41,385.6,23.1,6.06,108.3,10
East,2022,Corn,679.48,4.83,3281.89,329.4,19.5,7.17,138.6,10
East,2023,Barley,793.01,5.6,4440.86,145.7,21.9,7.07,188.8,10
South,2022,Wheat,423.52,5.66,2397.12,149.6,32.5,7.14,50.7,16
South,2021,Rice,261.49,1.54,402.69,206.1,33.8,5.61,144.1,11
South,2020,Corn,284.13,3.79,1076.85,179.2,32.7,6.47,82.3,13
West,2021,Corn,110.78,1.49,165.06,231.8,20.7,5.77,160.8,7
South,2022,Barley,415.29,3.86,1603.02,281.2,22.8,6.85,169.5,19
North,2023,Barley,182.57,5.07,925.63,231,34.5,6.12,156.9,17
West,2023,Soybean,389.34,3.69,1436.66,116.9,21.5,7.05,199.4,1
West,2021,Soybean,665.39,5.36,3566.49,392.7,17.8,5.63,121.9,2
South,2021,Barley,905.03,5.01,4534.2,227.5,20.6,6.53,134.2,10
North,2020,Soybean,855.64,2.38,2036.42,355.3,34.3,5.75,111.3,19
West,2022,Wheat,327.41,4.15,1358.75,122.2,23.3,6.62,196.1,4
East,2021,Wheat,220.67,1.04,229.5,343,33.7,6.71,188.4,7
West,2020,Soybean,273.77,2.98,815.83,152,17.1,6.42,198,6
South,2021,Barley,973.89,2.19,2132.82,303.8,30.3,6.06,197.7,7
North,2023,Wheat,594.53,5.69,3382.88,298.5,16.9,5.56,184.3,18
South,2020,Corn,264.25,3.03,800.68,372.9,18.9,6.82,189.6,10
East,2020,Barley,856.67,4.27,3657.98,196.2,27.3,7.24,68,17
East,2021,Rice,455.67,4.66,2123.42,132.7,23.7,6.97,76,15
East,2022,Rice,909.3,4.87,4428.29,359.4,28.3,7.29,182.8,18
South,2023,Barley,334.61,4.68,1565.97,199.5,34.5,7.36,159,14
West,2022,Soybean,453.9,2.45,1112.06,169.8,16.1,6.4,181.2,14
South,2020,Wheat,554.45,4.43,2456.21,245.9,18.8,6.9,165.5,16
North,2022,Wheat,903.35,3.75,3387.56,143.8,27.8,6.29,70.9,14
West,2020,Barley,881.88,3.99,3518.7,189.1,32.9,7.34,187.5,7
East,2022,Corn,616.92,1,616.92,215.6,31,6.63,165.7,10
South,2021,Soybean,299.6,2.29,686.08,183.2,24.3,7,135.6,2
East,2022,Corn,463.02,5.65,2616.06,235.1,29.9,5.53,129.9,12
East,2020,Barley,978.07,2.45,2396.27,215.4,19.2,6.65,136.1,5
North,2023,Barley,647,3.19,2063.93,332.4,15.3,6.98,108.6,8
West,2023,Corn,802.99,1.93,1549.77,375.5,26.4,6.01,170.5,19
North,2023,Rice,504.88,1.69,853.25,130.3,31.3,5.53,186.4,15
North,2020,Barley,578.81,2.04,1180.77,347,23.7,6.99,87.9,11
North,2022,Soybean,486.06,3.77,1832.45,379.5,26.4,6.18,55.7,16
East,2023,Corn,732.63,5.6,4102.73,306,23.4,6.36,80.4,1
North,2023,Rice,866.32,2.63,2278.42,398.9,25.3,6.62,163.6,0
North,2023,Corn,556.63,2.62,1458.37,200.5,32.7,5.72,180.3,15
West,2021,Rice,532.78,3.82,2035.22,349.1,24.6,5.71,102.3,4
West,2020,Rice,406.26,2.78,1129.4,302.1,15.1,7.42,72.9,16
North,2020,Soybean,259.39,5.55,1439.61,197,31,6.18,178.8,16
West,2020,Barley,945.32,2.89,2731.97,311.4,27.4,6.01,82.2,7
West,2020,Rice,384.47,3.45,1326.42,252.9,29.6,5.6,86.3,14
North,2020,Barley,820.62,3.67,3011.68,156.7,33,5.85,63.9,11
East,2021,Soybean,743.81,4.91,3652.11,152.2,20.7,6.36,186.5,16
North,2022,Barley,811.83,3.82,3101.19,314,25.1,6.18,99,9
West,2021,Wheat,943.09,2.2,2074.8,313.6,27,6.35,75.8,11
East,2023,Rice,661.03,1.62,1070.87,259.2,21.9,6.91,193,19
South,2021,Soybean,908.16,5.69,5167.43,250.4,31.9,6.78,100.3,16
East,2020,Corn,250.93,5.01,1257.16,154,29,6.49,162.1,19
West,2021,Soybean,664.04,1.11,737.08,228.8,29.7,7.13,84.6,11
East,2020,Rice,795.05,5.11,4062.71,361.4,31.2,7.21,159,7
North,2021,Soybean,344.48,3.95,1360.7,356.4,20.2,6.68,84.8,17
South,2020,Corn,766.68,3.59,2752.38,298.3,29.9,5.74,145.7,14
South,2023,Wheat,800.63,1.06,848.67,399.2,30.5,6.31,116.1,8
South,2020,Rice,848.07,4.9,4155.54,368,31.8,6.77,169.8,13
West,2021,Rice,381.59,1.99,759.36,143.6,24.8,5.63,159.5,7
West,2023,Soybean,713.45,4.64,3310.41,219.7,25.1,5.54,190.3,13
South,2021,Barley,373.83,1.08,403.74,139.6,17,7.4,106.5,10
East,2023,Barley,765.14,4.98,3810.4,239.8,32,6.96,163.2,12
South,2022,Corn,516.68,1.12,578.68,332.9,25.7,5.81,195.3,6
East,2022,Wheat,637.79,2.18,1390.38,146.7,26.9,6.39,100.4,10
East,2022,Wheat,474.26,2.34,1109.77,364.1,17.4,5.89,93.5,11
West,2021,Soybean,245.78,1.79,439.95,270.7,27,5.52,165.4,10
East,2021,Soybean,260.23,3.41,887.38,324.7,15.8,6.28,116.8,5
South,2023,Barley,169.81,2.42,410.94,113.5,33.5,6.8,109.8,8
West,2023,Wheat,656.27,5.97,3917.93,128.2,32.3,7.41,131.8,10
North,2023,Wheat,863.77,3.9,3368.7,286.3,18.9,7.04,190.3,0
North,2023,Wheat,118.75,3.83,454.81,351.5,26.9,5.96,62.6,18
West,2020,Corn,159.62,2.1,335.2,362.2,27.1,6.17,119.9,15
South,2022,Corn,511.72,3.04,1555.63,306.5,31.1,6.54,66.5,16
North,2020,Soybean,763.95,1.62,1237.6,160.3,30.1,5.88,182.5,19
North,2020,Barley,241.94,4.81,1163.73,158.5,34.9,7.17,70.5,6
East,2020,Rice,344.49,2.66,916.34,364.4,22,5.84,63.5,0
East,2020,Barley,308.81,4.76,1469.94,134,17.5,6.08,194.6,12
South,2022,Corn,459.15,2.86,1313.17,305.8,26.5,6.66,134.5,14
West,2020,Corn,302.5,5.94,1796.85,260.1,30.3,5.75,173.9,2
South,2023,Soybean,417.34,1.86,776.25,226.4,20.7,6.75,120.5,3
West,2021,Rice,755.69,1.01,763.25,232.1,19.7,7.39,115.3,2
North,2023,Wheat,649.91,3.97,2580.14,383.6,31,6.88,186.7,8
East,2021,Rice,173.06,5.76,996.83,358.4,30.1,7.13,198.5,14
South,2023,Rice,673.97,4.24,2857.63,359.5,19.1,6.38,142.8,5
South,2023,Rice,529.37,1.43,757,222,32.4,6.23,187.7,5
West,2021,Soybean,941.11,3.7,3482.11,132.1,17.7,6.16,179.4,7
West,2022,Corn,360.37,5.55,2000.05,399.4,17.2,6.82,131.6,14
South,2020,Wheat,753.55,1.03,776.16,143.6,22,6.54,191.2,11
West,2023,Rice,757.77,1.83,1386.72,254.7,32.7,6.44,81.5,12
South,2022,Wheat,299.35,5.07,1517.7,179.4,28.9,5.7,182.7,19
South,2020,Rice,912.9,5.47,4993.56,253.2,22.9,6.85,96.4,4
South,2022,Corn,542.06,4.54,2460.95,191.5,18.1,6.95,54.6,5
North,2022,Wheat,711,5.96,4237.56,369.1,29.3,5.89,168.1,6
West,2020,Barley,231.27,1.45,335.34,390.5,27,7.02,189.5,4
East,2023,Corn,332.02,3.73,1238.43,223,34.8,7.26,82.5,4
East,2022,Wheat,627.5,4.42,2773.55,121.1,30.3,5.85,130.1,9
West,2023,Rice,387.12,4.51,1745.91,299,17,6.4,162.4,4
South,2023,Rice,549.72,4.97,2732.11,213,29.6,7.25,99.7,6
East,2023,Corn,436.6,5.59,2440.59,395.8,20.1,6.47,72,13
East,2020,Corn,676.5,2.81,1900.96,126.8,34.2,7.13,108.8,14
West,2021,Rice,538.43,1.21,651.5,135.7,15.4,5.93,118.5,18
East,2023,Wheat,104.15,2.81,292.66,309.8,19.8,5.63,161.3,9
South,2021,Barley,684.71,4.36,2985.34,327.6,25,5.62,79.8,9
West,2021,Soybean,479.91,2.07,993.41,241.3,16.6,7.44,172.3,19
South,2022,Corn,407.53,5.05,2058.03,183.2,21.9,5.83,125.3,13
East,2023,Rice,184.73,2.1,387.93,192.9,24.9,7.23,185.6,3
East,2023,Wheat,298.33,1.05,313.25,201.4,23.9,6.13,134.9,13
South,2023,Corn,301.4,3.54,1066.96,167.6,24.2,5.58,117,5
North,2021,Wheat,941.83,4.63,4360.67,355.2,32.6,5.98,93,14
East,2020,Corn,489.26,2.75,1345.46,119.5,25.1,6.51,65.9,8
North,2021,Rice,137.86,4.74,653.46,222.2,33.8,5.71,105.8,0
East,2023,Wheat,224.94,3.19,717.56,324.3,18,7.34,112,17
North,2023,Rice,171.13,1.86,318.3,101.1,20.6,7.3,135.2,14
North,2023,Wheat,629.98,1.45,913.47,363.4,28.1,5.8,179,14
North,2021,Corn,267.96,4.55,1219.22,311.9,20.7,6.97,119.6,5
South,2023,Soybean,548.7,2.93,1607.69,122,21.9,6.42,97.1,14
North,2022,Soybean,433.06,5.56,2407.81,368.5,33,7.46,181,6
North,2023,Barley,823.49,3.7,3046.91,246.2,25.8,5.61,160.1,13
North,2020,Barley,388.44,2.74,1064.33,295.7,21.7,6.44,96.1,9
East,2022,Rice,512.44,2.74,1404.09,364.6,30.5,6.07,75,11
North,2023,Wheat,749.16,1.66,1243.61,364.3,16.4,6.95,93.7,4
East,2022,Barley,490.02,3.97,1945.38,222.6,26.3,5.72,68.5,5
North,2023,Corn,813.89,3.91,3182.31,171.3,17,6.76,185.5,3
North,2020,Soybean,695.52,5,3477.6,177.2,18.5,7.4,141.8,13
South,2023,Wheat,469.48,2.01,943.65,329.8,16.2,6.41,179.5,9
East,2022,Soybean,553.58,2.45,1356.27,378.8,33,6.41,173.1,6
North,2020,Wheat,970.48,1.49,1446.02,121.7,16,6.49,73,8
East,2021,Barley,695.45,2.48,1724.72,104.5,25.3,6.33,116.5,15
East,2020,Barley,914.5,3.14,2871.53,346.9,19.5,6.39,195.8,13
West,2020,Rice,260.88,5.82,1518.32,216,22.7,6.43,85.1,1
South,2020,Wheat,534.91,4.27,2284.07,182.9,24.9,7.5,57.5,9
South,2022,Corn,917.8,4.91,4506.4,156.5,24,5.73,101.9,9
South,2020,Barley,390.35,2.63,1026.62,203.9,30,6.07,126.6,5
West,2023,Rice,970.9,1.72,1669.95,391.4,33.2,5.92,58.4,2
West,2020,Barley,187.37,2.28,427.2,393.1,21,6.59,114,1
South,2020,Soybean,912.4,2.28,2080.27,199.5,15.5,5.51,88,9
West,2023,Barley,500.69,3.92,1962.7,389.1,32.9,7.34,81.8,5
West,2023,Wheat,166.37,2.71,450.86,190,34.6,6.56,89.6,19
West,2021,Rice,891.57,5.29,4716.41,356.3,23.7,7.29,65.8,1
South,2020,Wheat,326.75,5.94,1940.9,163.6,24.1,6.19,61.5,3
South,2022,Corn,120.03,2.72,326.48,347.9,17.9,5.8,139.4,0
South,2020,Corn,222.23,4.53,1006.7,206.1,24.5,5.88,192.2,11
West,2020,Barley,693.2,4.29,2973.83,158.7,21.1,6.44,170.7,9
South,2023,Rice,980.03,1.97,1930.66,380.4,34.9,5.58,175.1,3
West,2021,Rice,200.32,5.59,1119.79,164.3,18.7,7.06,160.3,11
North,2020,Rice,515.75,2,1031.5,397.6,22.6,7.08,193.4,9
West,2022,Rice,262.57,4.68,1228.83,132.6,27.3,6.9,192.6,18
East,2020,Barley,770.53,2.74,2111.25,103,21.9,7.29,166.7,2
South,2022,Wheat,206.25,2.84,585.75,361.2,24.5,6.6,157.4,13
South,2023,Barley,315.86,3.28,1036.02,276,34.5,6.46,95.8,14
East,2021,Wheat,276.77,5.32,1472.42,226.5,25.2,6.56,63.7,1
West,2020,Soybean,597.27,1.7,1015.36,124.6,33.2,5.86,63.9,15
North,2021,Soybean,885.87,1.27,1125.05,272.5,15.9,6.52,160.4,3
East,2020,Wheat,559.98,3.01,1685.54,218.1,17.4,6.58,54.3,4
East,2022,Barley,152.42,1.28,195.1,245.1,33.9,7.03,172.5,13
West,2021,Corn,607.05,4.44,2695.3,289.1,17.6,6.2,105,3
South,2020,Barley,817.77,4.8,3925.3,292,29.7,5.68,78.8,13
West,2023,Corn,218.94,5.27,1153.81,388.2,23.9,6.69,111.1,4
East,2022,Barley,165.44,4.72,780.88,296.5,23.1,7.08,155.5,12
East,2021,Rice,269.03,5.58,1501.19,201.8,28.2,7.44,91.3,19
South,2020,Rice,771.48,4.74,3656.82,198.9,29.6,5.68,76,18
South,2021,Soybean,632.51,5.68,3592.66,243.1,33.6,6.99,160.7,5
South,2020,Soybean,586.54,1.97,1155.48,177.8,20.1,6.69,182.1,8
West,2022,Wheat,324.53,3.5,1135.86,212.9,29,5.53,137.8,7
South,2023,Corn,399.01,5.97,2382.09,352.6,21.8,6.94,128.6,0
East,2022,Rice,969.3,4.41,4274.61,357.9,29.4,5.55,163.2,6
East,2021,Barley,316.56,5.39,1706.26,288.3,17.8,7.07,159.9,11
North,2021,Wheat,911.48,1.15,1048.2,274.9,24.2,6.94,50.9,6
West,2020,Barley,622.48,5.36,3336.49,228.1,18.7,6.88,92.3,16
North,2022,Rice,210.97,4.49,947.26,290.8,21.7,5.74,189.8,17
East,2020,Rice,520.58,1.85,963.07,341.8,29.3,7.34,194,15
North,2022,Rice,953.69,1.13,1077.67,321.4,19.7,7.3,126.5,3
East,2021,Rice,476.71,2.3,1096.43,110.6,28.7,7.3,134,4
North,2020,Barley,877.05,5.58,4893.94,319.3,24.9,6.22,50.1,8
South,2020,Wheat,330.79,4.34,1435.63,316,16.8,6.48,150.9,8
North,2022,Rice,613.83,5.6,3437.45,129.7,22.7,5.73,81.9,11
South,2023,Soybean,859.47,3.23,2776.09,145.1,32.4,5.6,69.2,1
South,2022,Wheat,928.62,5.68,5274.56,336.4,34.8,5.62,95.7,2
West,2023,Soybean,537.24,3.31,1778.26,267.7,22.4,6.64,149.7,7
South,2022,Barley,675.72,2.02,1364.95,346.5,16.1,6.14,115.5,8
South,2021,Rice,102.68,1.76,180.72,155.4,17.6,6.66,102.4,10
North,2020,Wheat,327.9,5.97,1957.56,109.2,30.8,6.69,159,12
East,2022,Rice,350.84,2.67,936.74,148.6,28.1,7.31,172.1,19
West,2021,Rice,184.14,1.8,331.45,235.8,20.7,7.26,180.4,17
South,2022,Wheat,351.73,1.04,365.8,257,22.8,6.94,116.7,13
West,2020,Rice,389.01,2.43,945.29,357.3,31.2,7.14,157.7,10
North,2022,Rice,971.89,5.45,5296.8,314.9,23.3,5.51,182.8,1
South,2023,Corn,701.74,3.67,2575.39,397.1,30.1,5.53,186.3,14
North,2020,Corn,483.4,4.16,2010.94,123.6,20.9,6.42,123.8,1
West,2023,Wheat,989.25,5.61,5549.69,139.1,29.5,6.81,103.3,12
North,2021,Wheat,237.91,3.56,846.96,125.3,24.3,7.09,185,10
West,2021,Rice,528.45,5.19,2742.66,261.5,25.9,6.39,89.2,14
North,2022,Soybean,682.36,2.62,1787.78,180.1,27,7.38,169.5,5
West,2023,Wheat,150.02,5.89,883.62,305.1,24,7.13,186.3,14
East,2023,Rice,745.3,1.39,1035.97,139.8,24.3,5.71,161,15
North,2020,Soybean,189.88,4.62,877.25,131,20.3,6.38,152,0
North,2023,Corn,226.25,4.3,972.88,238,34.7,7.49,57.6,7
East,2023,Wheat,243.72,1.96,477.69,212.8,33.1,6.32,80.5,19
East,2020,Rice,936,2.94,2751.84,348.7,25.5,6.27,150,7
North,2020,Corn,714.91,2.56,1830.17,351.3,15.7,6.09,167.8,9
East,2023,Barley,689.88,1.47,1014.12,135.2,18.4,6.47,59.5,0
South,2022,Corn,599.94,3.92,2351.76,343.7,32.1,6.96,52.9,10
West,2020,Rice,363.53,5.97,2170.27,269.2,33.6,5.59,96.7,7
West,2020,Soybean,658.8,3.8,2503.44,251.1,18.2,7.17,146.7,14
West,2023,Barley,469.13,3.73,1749.85,128.4,29.7,7.34,126.8,18
South,2023,Barley,230.87,1.2,277.04,321.9,27.5,7.06,51.3,13
East,2020,Barley,720.64,1.7,1225.09,117.9,21.1,7.33,72.7,3
East,2023,Wheat,216.62,3.57,773.33,183.3,23.7,5.69,162.8,7
North,2020,Rice,271.6,5.93,1610.59,128.6,28.5,6.4,94.6,11
East,2022,Barley,835.93,5.38,4497.3,259.2,17,5.64,67.6,17
North,2022,Corn,694.11,2.7,1874.1,293.6,18.8,7.17,57.6,8
South,2020,Soybean,667.89,3.72,2484.55,367.3,15.7,7.41,177.6,3
West,2020,Rice,476.38,3.76,1791.19,320.2,33,6.1,120.7,5
West,2021,Corn,456.65,4.43,2022.96,388.3,26.5,6.57,125.6,13
West,2021,Wheat,721.24,4.44,3202.31,328.3,25.5,6.1,59.2,12
East,2023,Barley,766,4.95,3791.7,189.4,29.1,6.26,123.3,7
North,2023,Corn,559.19,1.12,626.29,264.3,34.8,6.45,146.9,19
North,2020,Rice,972.34,5.72,5561.78,237.4,18.4,7.08,68.4,6
South,2020,Corn,960.13,1.35,1296.18,269.8,17.7,5.79,185.4,13
East,2021,Wheat,471.19,3.38,1592.62,271.6,20.9,5.81,167.5,7
South,2021,Soybean,838.56,5.6,4695.94,310.6,33.1,5.9,170.3,11
North,2020,Barley,588.94,3.44,2025.95,124.9,23.2,5.61,130.5,19
North,2022,Rice,560.58,1.32,739.97,324,30.9,6.79,100.1,1
West,2022,Barley,149.47,2.15,321.36,143.1,19.1,5.88,146.1,3
East,2023,Barley,616.58,3.89,2398.5,107.9,24.9,6.38,83.8,3
North,2020,Barley,910.52,1.44,1311.15,255.7,17.5,6.87,70.5,10
West,2020,Corn,802.12,3.12,2502.61,274.4,23.3,6.4,130.7,9
East,2023,Corn,807.69,2.65,2140.38,110.5,20.2,7.31,121.8,4
South,2021,Soybean,243.94,5.08,1239.22,254.6,26,7.04,72.5,8
East,2021,Wheat,422.6,1.55,655.03,260.4,30.6,6.05,129.6,6
East,2022,Rice,309.88,4.41,1366.57,115.7,33.8,5.76,132,11
North,2020,Corn,384.32,3.03,1164.49,313.5,20.7,7.29,180.7,4
North,2021,Barley,621.59,3.94,2449.06,163.1,29.9,6.29,163.9,2
East,2022,Wheat,428.31,2.03,869.47,338.3,32.7,6.27,82.6,7
North,2022,Rice,604.63,4.05,2448.75,193.2,17.5,7.12,172.7,19
North,2022,Rice,494.65,4.37,2161.62,243.4,26.7,5.52,195.4,2
North,2021,Rice,357.95,1.35,483.23,367.6,27.2,6.4,157.5,3
West,2021,Rice,185.86,5.12,951.6,341.9,20.4,6.93,168.1,11
West,2020,Soybean,902.65,5.31,4793.07,334.6,15.5,7.2,90,0
East,2020,Rice,110.24,1.32,145.52,148.1,20.1,7.27,198.8,7
North,2022,Wheat,101.49,4.02,407.99,114.4,26.7,6.43,76.5,8
West,2022,Corn,844.12,3.97,3351.16,281.7,18.9,7.2,162.6,2
East,2021,Wheat,997.13,1.06,1056.96,223.2,20.7,5.57,109.3,5
North,2021,Barley,754.39,2.71,2044.4,372.7,29.2,6.11,103.5,19
South,2020,Soybean,113.75,5.84,664.3,204.9,23,5.52,92.8,8
North,2020,Soybean,304.02,3.78,1149.2,223.2,16.3,5.83,116.2,1
North,2023,Barley,974.64,5.67,5526.21,257.8,23,6.95,168.6,2
West,2020,Wheat,827.74,4.38,3625.5,338.9,35,5.51,191.1,13
East,2021,Wheat,610.12,1.14,695.54,180.5,20.2,6.55,112.4,12
East,2022,Barley,313.17,1.39,435.31,382.5,20.3,6.33,147.8,13
West,2023,Rice,112.93,4.61,520.61,262,18.4,5.75,168.2,13
North,2020,Rice,118.78,3.77,447.8,352.3,20.4,6.87,65,16
South,2020,Corn,650.78,1.64,1067.28,257.7,26.5,6.89,194.1,14
North,2021,Wheat,119.65,4.07,486.98,331.6,34.3,6.95,81.7,11
North,2023,Wheat,994.27,5.05,5021.06,115.4,27.2,7.03,187.3,6
South,2020,Barley,265.05,4.76,1261.64,339.8,23.2,6.13,198,8
West,2022,Barley,739.64,2.23,1649.4,257.2,22.8,7.49,65.1,11
East,2021,Rice,239.55,2.29,548.57,234.8,15.5,5.65,183.9,16
West,2023,Wheat,586.08,5.84,3422.71,133.5,15.1,6.8,146.1,18
West,2020,Wheat,172.55,5.44,938.67,322.5,30.9,7.44,172.7,6
North,2020,Soybean,790.1,2.59,2046.36,139.3,24.8,5.95,66.4,15
East,2023,Corn,626.43,5.12,3207.32,157.7,15.7,6.06,175.1,2
East,2021,Corn,177.55,1.81,321.37,137.9,20.7,6.65,143.9,18
West,2023,Rice,863.73,1.98,1710.19,102,22.1,7.06,126.6,18
South,2023,Wheat,592.32,1.91,1131.33,298.6,30.7,6.16,134,19
West,2021,Soybean,929.43,1.44,1338.38,181.3,23.7,7.17,161.7,19
South,2020,Wheat,924.96,5.27,4874.54,144.8,30.8,5.98,94.6,7
East,2022,Barley,928.46,3.89,3611.71,196,27.7,7.25,191.5,4
West,2021,Rice,170.01,2.29,389.32,249.7,15.7,6.01,96.1,13
North,2022,Corn,208.86,5.24,1094.43,251,34.4,6.73,181.6,18
West,2020,Wheat,988.94,5.01,4954.59,210.2,18.6,6.22,51.8,11
East,2023,Rice,538.84,1.5,808.26,248.5,20.5,6.14,187.5,8
North,2022,Corn,314.39,4.22,1326.73,228.2,31.2,6.21,177.7,5
North,2020,Wheat,792.7,4.61,3654.35,346.8,18.8,6.5,68.6,3
South,2020,Soybean,337.86,4.58,1547.4,108.9,23,7.19,160.5,0
North,2023,Rice,754.49,4.62,3485.74,360.4,32.3,7.02,106.1,4
North,2023,Wheat,853.56,1.85,1579.09,173.2,27.7,6.4,122,8
West,2020,Corn,805.84,2.58,2079.07,316.5,21,6.06,60.3,6
East,2020,Corn,346.64,5.22,1809.46,221.5,27.9,7.21,81.9,17
South,2022,Soybean,461.46,5.49,2533.42,188.3,31.3,7.24,193,1
West,2020,Rice,471.93,2.4,1132.63,284.6,23.1,6.41,112.7,7
North,2020,Rice,542.15,1.12,607.21,330.7,26.4,6.89,53.9,4
North,2022,Wheat,250.64,5.3,1328.39,235,34.8,6.24,127.3,4
South,2021,Corn,507.22,2.89,1465.87,240,34.3,5.8,199.2,6
East,2022,Corn,559.7,2.65,1483.21,117.7,25.2,6.14,99.9,11
South,2022,Soybean,578.54,2.73,1579.41,377.2,16.9,6.86,71.2,12
West,2023,Soybean,837.91,3.08,2580.76,354.1,29,7.04,146.5,3
South,2022,Rice,565.6,2.89,1634.58,219.4,20.4,7.2,188,8
North,2020,Corn,307.71,3.83,1178.53,329.5,28.4,5.54,178.9,7
West,2020,Wheat,696.82,1.39,968.58,194,22,6.47,148.5,13
North,2020,Barley,817.58,5.86,4791.02,319.1,29.4,6.05,77.6,5
East,2021,Wheat,387.43,5.68,2200.6,255,22.3,6.87,167.7,0
North,2020,Soybean,680.78,5.67,3860.02,238.2,33.8,5.99,173.5,5
North,2021,Wheat,232.24,5.4,1254.1,117,17.7,6.63,177.4,15
South,2020,Corn,407.73,4.3,1753.24,389.6,16.4,6.92,110.6,16
North,2022,Rice,918.3,2.11,1937.61,351.2,30.6,7.04,111.3,4
West,2023,Barley,920.18,1.25,1150.22,338,23,6.04,73.3,12
West,2020,Rice,617.79,1.5,926.68,191.5,24.3,5.68,165.9,17
East,2021,Barley,732.12,2.62,1918.15,186.9,33.7,5.94,160.6,18
West,2021,Barley,868.61,3.52,3057.51,272,26.8,6.7,65,10
South,2023,Corn,962.7,5.97,5747.32,353.9,28.2,5.58,53,11
East,2020,Corn,540.9,3.18,1720.06,380.4,15.4,5.82,192.8,7
West,2022,Soybean,605.42,3.62,2191.62,180.7,28.4,7.49,52.6,12
South,2020,Soybean,474.08,4.48,2123.88,282.2,22.8,6.26,144.3,14
West,2020,Barley,164.78,1.9,313.08,317.2,24.2,6.49,118,10
West,2023,Soybean,480.52,5.66,2719.74,167.9,31.2,5.52,166.6,5
North,2020,Corn,811.56,3.65,2962.19,222.2,25.5,6.68,63.2,17
West,2022,Soybean,824.4,2.38,1962.07,156.2,34.7,6.15,152.4,15
West,2021,Barley,903.14,5.68,5129.84,309.7,30.9,6.56,142.2,5
South,2023,Rice,146.32,4.13,604.3,359.1,29.6,6.55,178,4
South,2022,Wheat,574.44,3.42,1964.58,363.3,26.8,7.43,127.8,13
North,2021,Soybean,196.68,3.9,767.05,301,23.2,6.04,159.2,9
West,2023,Corn,280.67,4.74,1330.38,204.1,16.1,6.64,115.6,3
North,2023,Rice,910.19,1.77,1611.04,298.3,15.4,6.26,197.6,8
West,2021,Corn,547.11,5.32,2910.63,359.3,15.9,6.34,133.9,1
East,2021,Soybean,782.69,5.8,4539.6,287.8,34.2,5.61,163,14
East,2022,Barley,157.95,3.83,604.95,223.9,21.5,6.88,63.9,12
North,2020,Wheat,475.14,4.41,2095.37,375.9,29,5.89,119.4,18
North,2020,Wheat,706.82,5.3,3746.15,350.6,26.9,6.44,59.7,3
North,2020,Rice,220.07,2.87,631.6,364.7,26.4,6.37,68.3,12
South,2020,Wheat,393.24,5.96,2343.71,371,26.6,6.44,125.9,6
South,2020,Barley,158.09,4.4,695.6,218.1,21,6.25,102.8,12
South,2022,Corn,686.21,3.12,2140.98,357.9,32.7,5.98,119,0
North,2023,Barley,973.8,4.39,4274.98,271.1,33.4,6.4,124.4,8
West,2022,Rice,844.34,3.61,3048.07,111.4,27.9,5.59,74,15
East,2022,Rice,977.16,1.56,1524.37,290.8,32.3,5.98,104.9,16
North,2022,Wheat,861.04,4.98,4287.98,241.2,16.2,7.07,179.1,18
South,2023,Barley,869.68,3.82,3322.18,182.5,17,7.19,178.5,15
South,2022,Corn,619.46,4.98,3084.91,391.1,26.2,6.93,123.6,14
North,2022,Barley,566.43,1.77,1002.58,116.5,31.9,6.77,162.4,0
North,2023,Corn,465.63,3.69,1718.17,383.8,21.3,7.12,163,13
South,2022,Corn,836.29,4.83,4039.28,147.8,26,5.76,56.6,10
West,2020,Barley,263.86,5.94,1567.33,213.1,15.2,6.55,141.6,14
South,2021,Soybean,150.6,5.42,816.25,225.2,34.7,5.73,170.7,19
South,2022,Barley,953.1,5.32,5070.49,319.3,30.3,7.06,139.1,17
North,2021,Corn,103.4,2.24,231.62,164.7,22.2,6.54,131.2,3
West,2022,Rice,979.15,5.19,5081.79,395.8,34.7,7.12,129.7,3
South,2022,Rice,755.97,1.85,1398.54,324.7,16.8,7.1,126.2,18
South,2020,Wheat,395.65,1.99,787.34,337,24.3,6.43,166.7,4
East,2023,Rice,728.04,1.55,1128.46,131.9,16.2,6.49,146.4,1
North,2021,Soybean,836.09,5.29,4422.92,242.9,21.7,5.56,82.3,9
East,2023,Corn,320.83,1.54,494.08,383.7,19.4,6.55,115,16
East,2020,Barley,793.81,1.69,1341.54,181,21.3,6.85,129.3,10
South,2020,Barley,823.93,2.23,1837.36,143.6,33.9,5.97,112.8,10
North,2021,Soybean,324.42,3.86,1252.26,245.6,23.5,7.47,85.6,10
West,2023,Rice,137.73,5.4,743.74,379.1,21.5,7.45,68.7,18
South,2020,Corn,283.71,3.09,876.66,246,27.8,6.07,67.6,10
West,2022,Rice,280.58,3.73,1046.56,221.5,28.7,6.93,94.4,7
West,2022,Wheat,158.72,1.83,290.46,295.1,34.7,5.56,110.4,2
North,2022,Rice,753.41,2.33,1755.45,381.1,25.9,6.83,152.4,8
East,2023,Wheat,441.98,1.67,738.11,114.7,30.1,6.75,197.7,7
North,2022,Barley,895.95,3.05,2732.65,146,22.6,7.14,184.6,17
West,2022,Corn,326.95,3.95,1291.45,139.8,18.4,6.11,172.1,17
South,2020,Wheat,507.91,2.42,1229.14,125.6,23.6,7.26,172.1,10
West,2020,Rice,675.12,5.23,3530.88,190.6,23.4,7.22,139.4,1
South,2022,Rice,889.72,5.91,5258.25,168.8,23.4,6.84,87.9,8
South,2022,Barley,572.16,1.6,915.46,264.6,28.9,6.44,120.8,18
North,2020,Soybean,436.17,1.09,475.43,198.2,23.1,6.74,71.4,14
West,2021,Soybean,880.31,4.95,4357.53,221.6,34.1,6.96,135,7
East,2023,Rice,379.22,1.95,739.48,382.6,34.7,7.45,53.5,18
West,2023,Soybean,171.48,2.77,475,146.7,25.5,5.74,78.4,8
West,2020,Corn,500.54,2.97,1486.6,216.5,26.2,6.13,156.8,4
East,2023,Soybean,806.58,5.58,4500.72,177.1,23.2,7.06,91.5,7
North,2020,Corn,127.7,4.29,547.83,264.7,22.1,6.32,113,0
West,2020,Rice,627.29,1.2,752.75,320.9,34.7,6.84,174.8,16
West,2020,Rice,635.02,1.07,679.47,345.1,15.8,5.77,56.7,14
South,2020,Rice,935.69,2,1871.38,254.6,23.2,6.92,53.4,14
West,2021,Barley,357.82,2.59,926.75,356.5,18,6.85,84.3,8
East,2022,Soybean,350.95,3.42,1200.25,335.5,29.5,6.67,152.7,6
South,2022,Wheat,496.44,5.19,2576.52,147.1,18.9,7.03,85.4,13
North,2021,Wheat,421.22,2.57,1082.54,173.6,32.7,7.26,179.6,0
South,2023,Rice,762.71,2.88,2196.6,301.5,22.5,7.16,102.8,18
East,2023,Soybean,677.58,2.65,1795.59,392.4,33.3,5.76,92.5,8
East,2022,Corn,783.03,1.04,814.35,212.8,34.7,6.99,84.9,18
South,2023,Wheat,838.04,5.78,4843.87,168.9,30.4,6.4,136.1,12
North,2022,Rice,930.68,1.69,1572.85,360.7,27.5,6.17,178.4,4
South,2022,Wheat,487.84,2.44,1190.33,159.9,18,7.26,110.9,13
North,2021,Wheat,986.23,1.65,1627.28,309.2,33.7,6.62,87.9,17
South,2023,Wheat,294.09,3.45,1014.61,110.3,30.5,6.5,113.1,4
East,2021,Rice,742.93,5.66,4204.98,105.7,20.8,7.07,185.7,4
West,2022,Rice,580.61,1.5,870.92,235.5,24.4,6.61,100.2,19
West,2022,Barley,835.21,3.2,2672.67,297,16.4,7.22,148.4,3
North,2022,Barley,529.09,1.11,587.29,142.7,28.2,5.71,99.5,4
North,2020,Barley,805.54,4.85,3906.87,329.2,17.5,7.05,151.2,1
North,2020,Wheat,937.15,4.21,3945.4,138.6,28,5.83,182.2,13
East,2020,Soybean,759.06,4.5,3415.77,260.1,28.4,5.95,139.8,14
South,2021,Rice,798.48,3.36,2682.89,192.5,21.5,5.86,192.1,5
East,2022,Barley,160.46,5.54,888.95,325.7,34,5.98,140.2,1
West,2023,Soybean,284.46,3.05,867.6,341.2,30.6,6.96,196.2,8
North,2021,Barley,976.87,3.57,3487.43,119.8,24.9,6.81,158.6,10
South,2021,Barley,723.87,4.48,3242.94,157.8,33.4,5.96,147.9,4
West,2021,Soybean,605.3,3.6,2179.08,367.8,32.1,6.04,174.5,10
West,2023,Barley,430.28,1.95,839.05,224.7,28.8,5.7,51.7,2
West,2022,Wheat,139.95,2.59,362.47,243,18.1,6.33,88.6,13
East,2020,Wheat,432.22,1.46,631.04,150.4,24.9,6.26,82.4,8
North,2022,Wheat,549.02,3.16,1734.9,398.5,32.3,5.79,66.6,18
West,2022,Corn,290.31,4.05,1175.76,376.9,27.2,7.17,190.7,16
North,2021,Barley,255.82,1.59,406.75,100.6,25.9,7.21,69.7,16
East,2021,Corn,557.57,4.15,2313.92,265.2,34.1,5.72,89.4,13
West,2021,Rice,627.31,5.46,3425.11,361.7,15.3,6.03,100.3,13
East,2020,Soybean,315.93,2.69,849.85,229.2,15.2,6.97,143.7,9
East,2020,Rice,628.65,2.11,1326.45,231,32.9,7.24,165.1,6
North,2020,Corn,910.31,5.47,4979.4,213.8,15.8,5.64,140.7,12
West,2022,Wheat,525.86,4.46,2345.34,108.6,21.7,7.3,162.3,2
East,2021,Barley,871.65,1.53,1333.62,337.1,33.5,5.62,110.3,5
West,2023,Barley,934.54,3.04,2841,237,28.8,6.77,199.4,9
North,2022,Wheat,183.15,4.37,800.37,259.3,28,5.54,75.5,4
East,2020,Barley,186.23,3.87,720.71,176.7,28.1,7.36,110,5
North,2023,Soybean,528.44,4.09,2161.32,335.2,21.4,6.21,174.8,7
West,2023,Soybean,629.29,3.84,2416.47,338.1,25.6,6.8,87,4
West,2021,Soybean,483.3,4.99,2411.67,265.9,27.6,5.87,162.6,9
North,2023,Rice,393.81,2.6,1023.91,371.4,21.1,6.14,104.6,0
South,2020,Wheat,676.89,4.54,3073.08,134.8,30.9,6.99,76.6,12
East,2021,Soybean,101.87,5.96,607.15,336,21.4,7.45,110.5,4
West,2023,Corn,971.27,2.95,2865.25,267.6,16.4,7.48,167.7,18
West,2021,Soybean,308.87,4.96,1532,169.3,19,7.12,66.8,15
East,2023,Rice,925.39,2.23,2063.62,139.7,23.2,7.19,127.4,17
North,2022,Corn,198.11,2.41,477.45,190.3,33.2,7.44,161.2,18
North,2022,Wheat,314.28,5.67,1781.97,356.9,23.3,5.58,162.7,9
North,2020,Wheat,311.39,1.13,351.87,336.3,16.8,5.84,108.4,1
South,2022,Soybean,996.54,2.09,2082.77,293.5,18.9,5.61,120,8
South,2022,Corn,104.14,3.41,355.12,127.1,25.9,6.5,178.5,18
West,2022,Corn,675.67,3.01,2033.77,386.4,18.6,7.42,81.3,11
North,2023,Soybean,882.72,4.15,3663.29,191.6,16.3,6.66,198.9,11
East,2023,Soybean,705.05,1.96,1381.9,282.1,29.3,6.61,112.9,2
West,2021,Barley,426.46,1.35,575.72,340.9,30.7,7.15,91.3,12
East,2023,Barley,962.48,2.85,2743.07,139.9,32,7.36,50.4,3
West,2022,Soybean,904.17,3.62,3273.1,295.7,31.9,6.9,68.8,0
South,2023,Rice,490.56,3.81,1869.03,109.7,22.6,7.29,163.5,0
West,2020,Barley,616,4.01,2470.16,130.5,29.7,5.85,147.4,3
South,2021,Soybean,970.77,3.74,3630.68,316.9,26.7,6.51,87,1
West,2021,Corn,984.3,2.23,2194.99,146.5,15.5,6.23,189.1,7
North,2023,Barley,504.84,4.82,2433.33,233.1,23,6.17,175.4,15
East,2022,Rice,862.62,1.44,1242.17,174.5,16.1,5.93,90.4,9
North,2021,Wheat,371.78,1.99,739.84,226.4,16.7,7.29,99.5,8
West,2020,Corn,434.63,4.7,2042.76,123.2,16.1,6.4,77.7,6
West,2020,Rice,248.34,2.4,596.02,326.5,34.2,6.56,146.4,7
West,2021,Rice,288.27,3.47,1000.3,123.7,31.9,6.05,155.2,16
South,2022,Rice,691.19,2.64,1824.74,351.4,23.8,7.43,109.4,10
East,2022,Corn,559.7,3.53,1975.74,298.8,20,6.72,160.6,10
East,2023,Rice,308.02,2.73,840.89,225,16.4,5.5,198.7,14
West,2023,Wheat,462.62,5.97,2761.84,359.9,23.6,6.04,141.8,6
West,2021,Barley,435.87,2.79,1216.08,155.8,27,7.5,147.4,2
South,2023,Corn,988.62,4.14,4092.89,179.4,30.9,7.45,106.1,15
North,2023,Rice,868.21,5.44,4723.06,141.1,16,6.59,51.6,15
North,2023,Soybean,449.17,4.19,1882.02,214.5,23.4,6.63,193.1,13
East,2020,Barley,922.52,3.83,3533.25,396,34.5,7.3,165.9,19
South,2023,Corn,408.37,3.85,1572.22,148.3,17.4,6.92,154.3,17
West,2021,Soybean,701.11,3.48,2439.86,349.3,23,7.36,54.5,19
East,2022,Soybean,969.98,5.04,4888.7,295.6,20.5,6.46,163.9,9
South,2023,Rice,451.25,1.25,564.06,104.7,17.7,7.45,150.5,3
North,2022,Corn,711.9,5.43,3865.62,383.5,31.8,6.58,135.3,13
South,2023,Rice,366.33,3.93,1439.68,391.3,28.9,6.79,143.5,4
North,2021,Wheat,339.68,5.24,1779.92,377.5,23.2,5.67,187.8,5
South,2020,Soybean,616.74,1.05,647.58,250.5,22.4,6.72,51,3
East,2021,Wheat,981.34,5.35,5250.17,166.1,31.6,7.04,73.5,10
North,2020,Rice,507.82,1.6,812.51,217.4,16.8,6.38,184.2,11
East,2023,Barley,943.87,4.61,4351.24,284.3,17.9,6.5,51.2,19
East,2023,Soybean,922.93,3.08,2842.62,213.7,33.1,6.29,185.5,10
North,2020,Barley,328.39,4.41,1448.2,312.5,31.3,7.44,54.4,6
North,2021,Corn,461.64,4.14,1911.19,338.7,30.5,6.45,166.9,10
West,2021,Soybean,678.97,1.82,1235.73,162.8,27.5,5.75,183.6,6
West,2020,Wheat,566.24,3.57,2021.48,221.5,20.8,5.56,141.9,1
West,2023,Barley,186.36,2.39,445.4,387.3,33.7,7.04,146.2,0
East,2020,Corn,994.33,3.8,3778.45,174.9,24.8,6.6,57.6,8
East,2023,Soybean,777.39,4.69,3645.96,203.9,20.6,5.51,81.6,13
West,2020,Corn,493.92,1.41,696.43,110.7,22.3,6.27,184.9,19
East,2023,Wheat,656.35,3.58,2349.73,199.7,15.3,7.33,173.6,3
East,2020,Soybean,178.82,4.09,731.37,211.3,20.1,7.4,58.9,9
North,2022,Corn,545.77,2.48,1353.51,130,18.8,5.61,171.9,18
North,2023,Rice,937.75,5.77,5410.82,100.4,17.7,5.75,113.5,18
East,2021,Soybean,906.94,3.6,3264.98,272.6,15.6,5.51,134.1,19
West,2020,Soybean,403.64,1.91,770.95,190.5,19.5,7.24,66.3,2
South,2021,Soybean,578.23,1.54,890.47,105.3,17.1,5.64,109.8,7
West,2020,Soybean,727.65,3.71,2699.58,358,15.9,5.72,115.2,14
South,2021,Rice,406.01,2.88,1169.31,275.3,17.7,5.96,150.4,5
West,2021,Wheat,158.39,1.96,310.44,151.4,19,7.33,148.6,8
North,2020,Rice,554.9,1.15,638.13,359.6,23.3,6.88,132.3,3
East,2020,Rice,641.47,3.83,2456.83,176.1,26.7,6.73,54.7,17
East,2021,Corn,105.26,3.99,419.99,168.2,21.4,7.07,74.2,15
North,2021,Barley,186.02,1.71,318.09,368.4,17.8,6.89,74,3
South,2021,Barley,286.56,4.01,1149.11,153.8,33.8,6.99,183.2,1
South,2023,Corn,413.25,5.76,2380.32,363.7,25.3,5.65,185.3,15
South,2023,Rice,586.95,5.89,3457.14,340.9,29.8,6.68,171,5
North,2022,Corn,364.46,5.44,1982.66,192.9,28.9,7.01,76.2,16
South,2023,Soybean,348.57,5.04,1756.79,110.3,20.7,6.63,176,2
North,2023,Corn,882.41,2.05,1808.94,124.8,26.2,5.52,78.1,12
West,2020,Corn,230.55,1.78,410.38,132.9,27,5.92,133.2,1
West,2022,Soybean,545.91,3.22,1757.83,367.2,22,7.43,160.1,3
North,2022,Barley,957.54,4.1,3925.91,221.2,28.4,6.91,57.7,8
East,2023,Soybean,662.51,5.25,3478.18,109.8,30.8,6.88,139.7,16
West,2020,Wheat,745.48,2.16,1610.24,267,22.3,6.82,87.7,12
South,2020,Corn,488.11,3.4,1659.57,162.4,15.3,5.76,124.7,6
North,2022,Corn,117.94,4.24,500.07,170.5,22,5.51,107.6,13
South,2020,Barley,681.52,3.23,2201.31,148.3,17.3,6.38,153,0
South,2021,Rice,668.73,3.27,2186.75,328.6,18.1,6.39,123.4,8
East,2023,Soybean,199.38,2.13,424.68,100.2,22.3,7.12,95.2,12
South,2021,Rice,515.94,5.93,3059.52,231.7,19.2,5.86,186.6,8
East,2022,Wheat,923.8,3.38,3122.44,126.1,33.7,6.05,193.9,2
West,2022,Soybean,284.58,3.66,1041.56,265.7,28.1,5.66,170.3,17
North,2020,Wheat,514.99,2.09,1076.33,203.8,25.4,6.3,137.1,12
South,2020,Wheat,514.99,3.57,1838.51,108.5,15.2,6.01,182.7,15
North,2022,Wheat,829.69,2.28,1891.69,238.3,17.1,6.03,140.3,14
South,2022,Soybean,842.12,2.01,1692.66,271.2,30.8,6.01,72.3,18
North,2021,Soybean,783.34,2.38,1864.35,174.3,22.8,5.96,52.6,9
South,2021,Barley,428.91,1.01,433.2,329.7,15.9,6.14,158.9,8
South,2020,Corn,164.83,3.85,634.6,211.3,31.5,6.57,162.9,11
South,2021,Rice,414.53,2.94,1218.72,324.8,21.1,6.38,188.9,7
South,2020,Rice,711.81,5.49,3907.84,273.7,22.7,5.63,173.6,9
South,2020,Wheat,732.47,1.2,878.96,360.8,34.5,6.35,145.9,1
South,2023,Soybean,968.5,1.22,1181.57,264.1,15.3,7.19,78.5,14
South,2020,Soybean,508.28,5.43,2759.96,155.7,29.4,5.7,139.1,19
South,2021,Wheat,669.19,1.63,1090.78,346.8,34,7.39,115.2,15
South,2022,Corn,585.27,1.01,591.12,334.9,16.3,6.12,84.8,9
North,2022,Rice,235.56,1.89,445.21,391.7,32.3,5.53,169.9,12
East,2021,Barley,515.08,5.12,2637.21,128.1,23.3,6.01,72.4,10
South,2022,Corn,590.35,5.01,2957.65,277.4,32.6,5.64,144.6,15
East,2020,Soybean,955.67,2.7,2580.31,247.5,21.2,6.63,141.6,13
South,2022,Wheat,429.89,4.34,1865.72,301.3,34.7,6.13,95.5,7
South,2021,Rice,982.09,3.54,3476.6,394.1,27.9,7.11,114.4,18
North,2022,Wheat,588.07,5.52,3246.15,259.7,27.5,6.97,67.5,1
West,2020,Soybean,318.22,1.28,407.32,305.7,31.1,6.44,53.8,3
West,2020,Wheat,272.5,5.07,1381.58,204.2,23.7,6.62,52,17
North,2021,Rice,227.53,1.85,420.93,189.7,20.2,6.72,76.1,15
East,2021,Wheat,507.64,2.96,1502.61,200.6,20.3,6.04,180,6
West,2021,Rice,119.73,1.96,234.67,111.6,21.6,5.78,128.4,9
North,2023,Wheat,500.54,4.51,2257.44,185.4,27.3,6.25,67.6,5
North,2023,Wheat,989.56,4.39,4344.17,151.9,31.8,5.69,185.8,0
West,2020,Rice,703.1,3.74,2629.59,237.2,25,6.13,135.3,17
East,2023,Wheat,783.81,4.49,3519.31,238.2,23.1,6.61,54.2,13
North,2023,Corn,207.1,4.2,869.82,329.6,30.9,6.58,164.4,9
South,2022,Barley,525.79,4.88,2565.86,250.7,20.8,5.74,121,12
East,2023,Corn,357.6,2.2,786.72,238.9,28.8,5.52,129.9,5
East,2022,Barley,904.69,3.14,2840.73,169.5,17.1,5.68,142,9
West,2021,Corn,263.16,1.76,463.16,355.7,17.3,5.57,64.2,1
West,2022,Barley,512.86,3.15,1615.51,127.3,27.9,6.3,192.2,0
South,2022,Wheat,629.24,4.51,2837.87,394.7,16.7,6.28,88.3,5
North,2021,Rice,562.64,4.46,2509.37,242.8,18.1,5.98,143.3,18
West,2021,Rice,847.22,4.55,3854.85,155.8,27.5,5.93,178.3,16
West,2020,Soybean,308.31,2.54,783.11,206.3,23.8,6.29,99.8,0
East,2020,Barley,439.65,4.31,1894.89,104.6,26.2,5.67,144.1,14
West,2020,Soybean,812.88,2.84,2308.58,150,34.5,5.93,198.3,13
West,2020,Soybean,575.26,5.72,3290.49,200.6,27.6,6.31,177.8,2
West,2022,Barley,461.91,2.72,1256.4,266.3,26.8,5.69,166.9,9
West,2022,Rice,126.5,4.02,508.53,138.8,22.6,7.18,115.9,6
East,2020,Barley,778.05,4.75,3695.74,302.8,27.6,6.85,117.7,17
South,2023,Wheat,974.96,5.53,5391.53,353.3,15.3,6.27,122.8,3
South,2020,Soybean,658.26,3.19,2099.85,271.7,26.1,5.8,153.6,19
North,2023,Soybean,870.89,2.8,2438.49,189.1,16.4,5.89,71.7,11
West,2021,Barley,565.19,3.15,1780.35,136.4,19.4,5.74,179.2,6
East,2022,Soybean,308.51,2.62,808.3,104.7,26.3,5.82,52.7,13
North,2022,Rice,113,4.27,482.51,319.5,28.4,6.35,75.5,1
North,2023,Soybean,688.06,5.66,3894.42,288.5,22.7,5.99,122.3,16
South,2020,Barley,543.8,1.63,886.39,242.9,23.4,7.27,87.8,5
East,2022,Rice,803.89,3.8,3054.78,130.6,25,7.42,104.8,18
East,2023,Rice,725.21,5.49,3981.4,162.1,30.2,6.88,99.9,5
East,2021,Soybean,989.16,1.5,1483.74,344.6,15.4,7.12,90.3,1
South,2021,Barley,559.28,3.47,1940.7,244,23.9,6.01,107,12
South,2022,Soybean,484.46,5.33,2582.17,388.8,15.3,6.83,125.8,14
South,2020,Wheat,358.07,5.5,1969.38,400,21.4,5.62,121.5,9
South,2023,Wheat,529.18,3.57,1889.17,340.2,25.4,7.42,171.8,7
South,2022,Rice,885.58,1.12,991.85,177.5,16.6,6.84,96.2,4
West,2021,Soybean,138.2,1.53,211.45,169.3,24.7,6.13,92.3,13
West,2020,Wheat,980.11,3.93,3851.83,176.1,33.5,7.05,125.7,5
East,2023,Corn,993.98,1.62,1610.25,396,28.7,5.53,57.2,11
North,2022,Wheat,638.04,1.75,1116.57,200.6,30.6,6.25,66.8,2
East,2023,Soybean,398.39,4.86,1936.18,311.9,26.6,7.29,170.5,14
North,2020,Soybean,300.74,4.75,1428.52,387.7,32.9,6.03,124.1,17
South,2020,Wheat,348.84,5.21,1817.46,345.9,17.9,6.84,60,0
North,2021,Soybean,145.09,1.53,221.99,279.3,24,6.22,116.1,14
East,2020,Soybean,527.6,1.99,1049.92,150.7,26.9,6.28,109.7,16
East,2022,Corn,151.59,5.16,782.2,152.5,32.5,6.99,86.9,7
North,2023,Rice,746.63,4.61,3441.96,247.7,21.2,7.32,105.8,12
West,2020,Soybean,434.74,5.03,2186.74,385.6,15,5.83,78.3,5
South,2020,Barley,279.43,5.95,1662.61,371.3,34.5,6.05,117.4,13
South,2022,Rice,590.37,5.32,3140.77,149.9,15.5,6.48,111.3,18
East,2023,Rice,976.38,3.6,3514.97,186.3,18,6.73,141.1,8
West,2023,Barley,725.62,2.55,1850.33,276.6,23.4,6.44,191.3,0
North,2021,Wheat,542.57,3.85,2088.89,243.2,24.9,7.11,77.8,0
South,2021,Corn,799.22,4.19,3348.73,135.8,31.7,7.04,112.6,12
West,2023,Soybean,763.73,2.68,2046.8,210.8,24,6.31,134.3,6
South,2022,Wheat,902.56,4.85,4377.42,386.4,25.9,5.58,132,0
West,2022,Barley,284.2,1.46,414.93,385.4,19,5.89,149.2,3
West,2021,Corn,872.99,4.9,4277.65,267.8,26.4,6.47,90.2,17
East,2020,Corn,370.92,1.16,430.27,290.6,22,7.36,145.2,2
South,2022,Corn,946.9,3.49,3304.68,166.6,17,6.64,80.2,6
North,2020,Barley,352.96,5.31,1874.22,322.6,33.9,6.56,68.8,17
East,2022,Wheat,934.16,1.43,1335.85,115.7,16.6,6.95,174.7,0
East,2023,Soybean,967.41,3.59,3473,166.2,28.6,5.8,121.1,17
North,2021,Corn,230.94,1.8,415.69,101.8,33.2,5.79,109.6,8
East,2020,Corn,977.05,5.47,5344.46,215.7,18.6,6.19,189.3,7
West,2020,Wheat,177.15,5.16,914.09,355.1,19.7,7.49,156.5,16
West,2023,Corn,296.71,5.67,1682.35,394.8,23.5,7.25,151.6,1
South,2022,Corn,499.75,5.37,2683.66,300.3,20.9,6.86,79.1,3
South,2020,Barley,994.24,4.68,4653.04,323.5,30.2,6.28,81.4,14
North,2022,Rice,539.71,1.92,1036.24,178.8,21.8,6.61,122.5,7
South,2023,Wheat,595.37,2.51,1494.38,256.1,34.7,6.11,147.8,14
West,2021,Wheat,724.98,3.48,2522.93,321,32.2,6.85,109.3,6
North,2020,Wheat,971.46,3.94,3827.55,249.2,32.9,6.34,59.6,8
North,2022,Barley,805.02,4.91,3952.65,126.6,16.3,5.74,152.5,19
South,2020,Barley,301.74,2.13,642.71,322.3,18.5,5.93,166.1,11
West,2022,Soybean,372.69,1.64,611.21,165.9,18.4,6.72,191.6,3
North,2022,Barley,187.87,3.41,640.64,129.3,28.4,6.89,111.3,13
West,2022,Wheat,680.01,1.79,1217.22,243.4,15.2,5.69,88.7,10
West,2023,Soybean,262.67,4.47,1174.13,122.4,31.1,7.12,188.9,18
West,2021,Rice,331.66,3.88,1286.84,288.8,25.9,7.15,157.3,13
South,2020,Corn,899.3,4.71,4235.7,292.1,26.3,6.95,59.6,10
East,2021,Corn,394.08,1.32,520.19,177,25.7,6.87,137,19
East,2022,Soybean,609.98,5.82,3550.08,389.4,25.7,5.96,54.3,12
North,2022,Rice,457.81,1,457.81,347.3,19,7.34,84,13
West,2021,Corn,166.63,2.63,438.24,132.9,20.7,6.04,60.6,12
South,2021,Soybean,426.58,4.4,1876.95,324.6,24.8,5.87,80.7,16
West,2020,Barley,467.26,1.23,574.73,205.9,28.6,6.78,123.5,15
West,2022,Wheat,906.13,1.42,1286.7,325.1,20.4,6.23,94.8,7
South,2021,Rice,392.01,1.38,540.97,340.2,31.1,7.37,63.2,16
East,2023,Corn,441.32,3.91,1725.56,145.4,31.2,6.42,122.3,11
West,2022,Wheat,804.61,5.48,4409.26,298.6,20.5,5.83,156.3,18
West,2022,Soybean,783.06,3.78,2959.97,358.8,26.2,7.42,58,8
East,2020,Corn,818.46,4.02,3290.21,197,22,6.53,182.4,10
South,2023,Wheat,958.39,2.73,2616.4,124.1,18.8,6.54,148,0
North,2020,Barley,816,1.09,889.44,108.2,31.1,6.27,127.9,16
East,2023,Rice,466.85,1.11,518.2,133,34.8,7.17,109.4,18
North,2020,Soybean,839.36,5.44,4566.12,101.3,26.3,6.08,109,12
North,2023,Corn,557.81,1.51,842.29,198.1,33.3,5.53,100.3,11
East,2023,Barley,349.94,6,2099.64,189.8,27.8,6.49,67.4,11
West,2023,Rice,372.63,1.82,678.19,133.1,26.3,7.35,61.9,12
North,2021,Rice,301.46,4.37,1317.38,295.3,24.6,6.05,96.3,5
North,2022,Barley,230.49,5.74,1323.01,397.6,19.7,6.03,150.1,12
South,2023,Corn,266.04,2.81,747.57,370.3,16.7,6.98,93.3,10
West,2021,Rice,156.86,4.67,732.54,175.9,23.8,7.05,171.8,19
North,2021,Soybean,899.61,2.75,2473.93,331,26.2,6.37,107,10
South,2020,Wheat,937.91,2.52,2363.53,381.1,25.2,7.17,144.7,11
West,2022,Soybean,628.09,2.01,1262.46,371.9,28.9,5.84,114.8,14
East,2022,Rice,856.44,5.1,4367.84,365.4,18.8,6.23,124.7,8
East,2020,Wheat,265.21,2.29,607.33,335.9,22.1,6.31,87.5,13
South,2022,Barley,911.51,2.42,2205.85,187.9,23.3,6.13,127.1,2
East,2020,Wheat,555.73,5.99,3328.82,125.1,18.7,5.94,66.6,6
North,2021,Wheat,160.45,2.64,423.59,246.3,33.1,6.18,108,5
West,2021,Wheat,227.18,3.11,706.53,116.4,28.6,5.54,117.2,2
North,2023,Rice,378.08,5.95,2249.58,399.5,16.8,6.91,155.6,9
North,2020,Corn,139.2,2.85,396.72,207.5,29.3,6.87,110,16
East,2021,Rice,378.36,2.83,1070.76,387.5,26,6.4,149.8,14
North,2021,Corn,153.94,5.14,791.25,331.9,25.5,6.15,76.2,13
East,2020,Barley,312.42,2.56,799.8,223.4,34.8,6.37,53.8,10
West,2021,Barley,339.1,2.17,735.85,135.5,27.4,7.37,125.9,17
West,2022,Barley,994.93,3.12,3104.18,171.2,32.9,6.71,121.1,14
North,2021,Barley,311.99,4.5,1403.96,301.9,33.3,6.96,150.5,18
South,2020,Barley,315.27,1.22,384.63,349,17,5.96,97,7
East,2022,Soybean,718.11,2.87,2060.98,393.8,15.2,5.69,54.5,10
East,2022,Rice,873.42,2.73,2384.44,139.6,23.7,5.67,158.5,0
North,2021,Corn,448.35,2.22,995.34,146.8,30.4,6.44,191.3,2
East,2023,Barley,888.06,4.27,3792.02,112.7,31.5,6.93,109.1,18
East,2022,Soybean,406.13,2.45,995.02,178.1,30.7,7.05,141.7,10
South,2020,Soybean,277.31,4.03,1117.56,346.3,23.9,6.94,131.7,18
South,2023,Soybean,396.67,3.52,1396.28,159.5,30,7.33,134.9,17
North,2023,Rice,648.42,2.09,1355.2,264.4,29.4,5.6,180.1,13
South,2022,Barley,430.43,2.33,1002.9,233.9,21.3,7.21,160.5,13
North,2021,Soybean,705.6,1.85,1305.36,197.7,18.4,6.82,165.5,12
West,2023,Soybean,313.24,1.28,400.95,285.5,27.4,5.85,63.5,18
North,2021,Barley,730.89,4.1,2996.65,250.7,28.5,6.86,72,11
West,2022,Rice,412.69,4.36,1799.33,200.4,26.4,6.52,149.5,18
North,2020,Soybean,510.28,1.83,933.81,306.7,19.3,6.22,131.1,10
East,2023,Corn,601.97,4.08,2456.04,184,20.5,6,166.1,0
South,2020,Wheat,717.6,5.91,4241.02,293,29.2,6.43,64,5
West,2021,Wheat,314.84,1.37,431.33,387.2,34.3,5.98,135,9
North,2021,Wheat,852.35,3.45,2940.61,318.7,33.9,5.67,122.9,8
South,2020,Rice,749.66,4.67,3500.91,225.5,25.4,7.19,178.2,5
North,2022,Soybean,310.69,1.23,382.15,324.3,32.7,6.69,78.1,12
South,2022,Wheat,977.48,4.89,4779.88,342.8,15.6,6.23,102.3,5
South,2023,Wheat,698.32,5.9,4120.09,197.8,32.2,6.39,72.6,19
North,2023,Barley,507.18,1.44,730.34,311.5,24.5,7.23,117.8,16
West,2022,Soybean,241.77,5.11,1235.44,230.3,30.6,6.14,182.2,1
West,2022,Soybean,579.9,2.89,1675.91,345.6,15.1,6.26,150.6,1
East,2020,Barley,248.3,1.72,427.08,188.6,32.4,7.03,161.6,9
South,2021,Soybean,486.54,3.47,1688.29,381.3,26.9,5.9,64,0
East,2021,Corn,467.84,1.36,636.26,272.4,19.8,6.82,117.8,1
East,2023,Rice,747.95,3.61,2700.1,206,21.9,6.37,175.8,14
North,2022,Barley,273.14,1.1,300.45,225.8,19,6.5,175.6,3
North,2020,Wheat,839.68,4.64,3896.12,204.3,23.5,7.07,198.2,7
North,2023,Soybean,393.52,3.44,1353.71,143.9,21.6,7.49,128.9,18
South,2020,Corn,499.59,3.29,1643.65,120.5,25.7,7.16,50.3,19
North,2022,Corn,795.11,1.98,1574.32,196.5,31.3,5.82,184.9,16
North,2022,Rice,662.85,2.81,1862.61,237.6,34.6,5.95,193.4,6
South,2022,Corn,377.22,1.91,720.49,208.5,20,6.32,189.2,4
South,2021,Soybean,447.58,4.68,2094.67,104.2,17.1,6.94,165.8,0
West,2022,Soybean,375.21,2,750.42,273.7,22.9,6.52,81.8,17
North,2023,Corn,635.29,4.08,2591.98,143.4,17.9,7.3,70.9,4
North,2021,Soybean,399.36,2.4,958.46,163.3,31.7,5.6,155.1,6
North,2020,Soybean,753.13,4.28,3223.4,136.2,25,6.02,71.1,13
West,2023,Wheat,621.81,3.7,2300.7,256.1,27.4,5.94,193,6
North,2023,Barley,231.14,3.12,721.16,128.5,18,6.99,116.9,16
West,2020,Soybean,379.24,4.37,1657.28,176.9,30,6.43,54.6,12
East,2021,Soybean,299.3,3.08,921.84,235.5,34.5,5.53,72.6,3
West,2023,Rice,451.28,5.11,2306.04,150.3,24.6,7.05,93.6,11
East,2023,Barley,564.39,4.65,2624.41,233.9,34.2,6.22,155.6,17
North,2023,Barley,556.09,3.7,2057.53,202.8,15.7,6.02,160.6,11
East,2021,Barley,779.07,5.39,4199.19,358.2,15.7,5.87,82,3
West,2021,Corn,270.25,5.14,1389.08,338.5,34.2,7.39,147.3,15
South,2021,Wheat,951.83,3.66,3483.7,397.9,29,7.38,54.8,13
East,2023,Wheat,408.56,1.34,547.47,258.7,18.8,5.65,65.4,7
East,2022,Rice,370.22,3.83,1417.94,272.6,22.3,5.97,130.3,16
North,2020,Barley,716.66,2.78,1992.31,384,25.2,6.79,155.6,4
West,2022,Barley,824.96,3.7,3052.35,219.9,29.1,6.84,187.2,1
East,2021,Soybean,440.62,4.24,1868.23,266.7,31.8,6.34,115.7,19
East,2023,Corn,772.16,4.22,3258.52,213.7,16.7,6.64,68,1
East,2023,Corn,895.36,4.37,3912.72,263.8,28.1,6.91,189.3,11
East,2022,Rice,790.12,4.4,3476.53,124.2,24.5,7.4,115.6,16
South,2022,Wheat,130.78,1.55,202.71,335.1,27,6.95,124.6,16
West,2020,Barley,844.63,1.96,1655.47,395.6,25.2,5.72,178.2,7
North,2023,Rice,797.03,4.15,3307.67,119.7,24,6.94,137.9,6
North,2022,Corn,702.36,3.04,2135.17,340.3,19.1,5.64,95.2,17
South,2020,Corn,784.02,4.81,3771.14,172.5,24.4,6.51,131.1,7
West,2021,Corn,981.48,1.62,1590,159.3,18.8,6.55,143.7,14
East,2022,Barley,488,1.96,956.48,308,15.9,7.06,183.5,13
South,2021,Barley,160.5,3.79,608.29,113.2,22.5,5.52,85.2,15
West,2020,Barley,514.8,3.5,1801.8,239,15.5,7.25,133.9,5
East,2021,Soybean,141.79,2.33,330.37,100.4,26.3,6.83,188.1,14
South,2023,Wheat,364.83,3.04,1109.08,266.3,16.4,5.56,56.8,3
West,2023,Corn,628.19,1.17,734.98,238.6,23.8,5.82,79.2,2
North,2021,Corn,378.66,1.19,450.61,374.6,34.6,5.58,101.9,12
North,2023,Soybean,716.86,1.47,1053.78,316.1,15.2,7.03,151.8,11
West,2020,Corn,839.79,3.88,3258.39,137.8,22.3,5.84,176.3,8
North,2023,Corn,478.4,5.32,2545.09,206.4,28.5,5.59,79.9,4
West,2021,Barley,910.12,2.3,2093.28,379.5,18.2,5.78,87,11
East,2021,Barley,171.86,1.17,201.08,317.6,26.2,6.62,173.5,0
West,2021,Wheat,856.1,4.54,3886.69,278.3,20.2,6.49,72.3,0
East,2022,Corn,845.72,5.28,4465.4,267.7,19.5,5.99,89.2,1
South,2021,Rice,389.79,1.69,658.75,219.4,32.9,7.39,159.9,7
West,2020,Corn,368.84,2.93,1080.7,275.6,19.1,7.21,74.9,11
South,2023,Corn,374.59,1.79,670.52,331.5,22.5,6.13,174.2,16
North,2023,Wheat,830.25,1.53,1270.28,138.3,18.4,6.45,123.6,8
East,2022,Rice,848.49,4.24,3597.6,390.9,20.7,6.53,117.1,11
West,2022,Corn,396.75,5.84,2317.02,171.8,20.9,7.01,70.3,5
South,2020,Rice,633.33,4.39,2780.32,234.3,21.5,6.36,151.9,2
East,2021,Barley,225.04,5.92,1332.24,106.8,27.8,6.59,182.6,3
East,2022,Barley,521.9,3.17,1654.42,265.1,29.9,6.33,153.8,8
North,2023,Rice,998.91,5.49,5484.02,214.6,25.2,7.03,97.5,12
North,2022,Corn,242.96,2.03,493.21,174.9,27.2,6.61,154.8,1
East,2022,Rice,952.81,1.59,1514.97,395.7,31.3,7.16,126.5,2
East,2021,Rice,841.83,4.51,3796.65,228.4,35,5.61,178.1,14
West,2022,Barley,974.99,2.86,2788.47,224.3,24.1,7.31,118.9,17
East,2020,Rice,261.62,2.59,677.6,238.9,33.7,7.14,85.6,7
West,2023,Soybean,292.17,4.36,1273.86,134.8,24.8,7.14,65.2,7
East,2021,Soybean,115.18,2.67,307.53,217.9,30.6,5.78,92.2,14
North,2023,Barley,752.23,3.86,2903.61,200.9,26.5,6.03,134.5,4
West,2020,Corn,679.69,2.5,1699.22,239.5,32.7,7.46,75.5,7
South,2020,Corn,260.26,4.92,1280.48,357,24,7.4,56,13
North,2022,Barley,812.03,2.56,2078.8,157.8,28.9,5.95,117.3,6
West,2022,Corn,369.28,3.67,1355.26,282.3,24.3,6.37,102.1,13
West,2022,Wheat,221.5,1.12,248.08,111.3,32.1,5.81,113.1,7
South,2023,Soybean,480.31,4.96,2382.34,195,34.9,6.03,118.1,16
West,2020,Wheat,181.87,4.1,745.67,241.8,19.9,5.87,164.9,6
East,2021,Wheat,336.92,1.96,660.36,122.3,24.5,5.66,194.1,17
South,2022,Wheat,434.2,2.08,903.14,263.2,16.6,6.66,89.3,12
North,2023,Barley,866.68,2.31,2002.03,193.1,17.8,5.98,191.4,11
North,2022,Wheat,813.29,3.88,3155.57,397.8,33.6,7.48,84.3,14
East,2020,Rice,498.48,3.74,1864.32,289.3,25.9,6.53,163.2,12
North,2021,Corn,752.12,2.37,1782.52,173.3,22.9,6.22,152.2,15
West,2020,Barley,611.78,4.47,2734.66,130.8,28.4,7.33,57.8,14
West,2023,Rice,406.76,5.45,2216.84,112.2,26.2,6.74,158.7,5
East,2022,Rice,753.29,1.22,919.01,127.2,20.8,5.75,185.2,7
North,2020,Soybean,715.15,3.09,2209.81,304,19.5,6.5,189.5,13
North,2023,Soybean,657.18,3.97,2609,356.5,26.8,6.38,152.8,14
East,2022,Rice,656.16,3.93,2578.71,147,18.8,7.03,168,5
South,2021,Soybean,714.68,1.1,786.15,220.6,17.8,6.89,60.7,6
North,2020,Corn,446.09,2.05,914.48,206.3,21.4,6.24,74.2,18
South,2022,Corn,882.17,1.31,1155.64,293.4,32.2,6.44,89.4,1
North,2022,Soybean,246.08,3.84,944.95,154.8,15.7,6.54,129.7,3
North,2022,Wheat,895.5,4.23,3787.97,386,31.7,6.34,107.9,19
North,2022,Rice,408.05,1.8,734.49,318.6,27.4,5.72,148.6,11
North,2020,Corn,212.53,2.67,567.46,386.5,15.8,7.31,116.9,12
West,2022,Soybean,640.02,2.65,1696.05,183.2,27,6.85,166.3,11
South,2023,Soybean,438.39,5.1,2235.79,276.3,23.5,6.44,157,12
South,2020,Corn,833.95,1.97,1642.88,319.7,31.8,6.64,162.1,14
North,2022,Corn,487.71,3.74,1824.04,313.3,33.1,5.93,174.3,14
North,2020,Wheat,701.71,4.91,3445.4,106.4,20.7,6.56,175.1,13
South,2023,Soybean,377.43,5.15,1943.76,399.5,30.7,6.99,166.9,2
West,2023,Soybean,288.51,4.33,1249.25,378.4,21.2,6.57,59.9,7
East,2020,Barley,449.24,2.5,1123.1,135.9,20.9,6.46,143.5,11
East,2022,Wheat,646.13,5.12,3308.19,263.1,18.9,6.42,53,17
South,2022,Corn,691.25,4.71,3255.79,194.4,28.6,7.02,161.6,19
North,2023,Corn,620.39,4.52,2804.16,363.7,20.2,7.01,59.2,0
North,2022,Rice,989.25,1.34,1325.6,309.3,24.3,7,197.5,6
West,2023,Corn,721.98,1.22,880.82,167.1,31.2,5.99,142.1,13
East,2022,Soybean,938.37,4.48,4203.9,110.2,30.8,6.74,77.3,18
West,2023,Corn,206.14,5.72,1179.12,187.5,32.1,7.06,120.2,18
East,2021,Soybean,155.24,4.87,756.02,111.4,18.2,6.62,174,11
South,2022,Soybean,379.9,5.16,1960.28,142.4,26.7,7.06,77,6
East,2022,Wheat,222.93,3.72,829.3,290.8,33.3,7.21,130.5,7
West,2022,Corn,573.28,2.52,1444.67,323.5,15.8,5.85,50.5,10
West,2020,Wheat,567.08,4.39,2489.48,240.4,30.9,6.11,168.3,7
West,2022,Soybean,617.54,4.56,2815.98,280.1,19.9,6.7,79.2,15
South,2020,Corn,770.71,4.38,3375.71,146.8,28.4,6.08,108.1,8
East,2020,Corn,974.2,5.73,5582.17,195,29.3,7.38,129.5,8
East,2023,Wheat,890.43,2.84,2528.82,313.9,33.5,5.89,71.7,3
West,2020,Wheat,206.53,1.2,247.84,209.5,25.2,6.21,189,10
East,2020,Soybean,404.66,5.54,2241.82,204.6,32,7.49,120.3,9
North,2021,Soybean,330.24,1.8,594.43,158.2,15.9,5.88,84.8,8
North,2022,Corn,259.14,4.49,1163.54,278.4,23.4,6.4,160.3,4
North,2020,Corn,590.25,5.37,3169.64,342.9,23.8,6.13,184.1,2
East,2022,Barley,597.94,2.55,1524.75,240.8,25.8,7.12,186.9,12
South,2020,Barley,304.52,5.15,1568.28,134.7,24.6,6.11,114.7,15
South,2023,Rice,740.71,2.66,1970.29,351.5,34.4,5.82,103.9,8
South,2021,Soybean,759.62,4.97,3775.31,121.4,16.6,7.37,189.4,7
South,2020,Rice,118.88,1.35,160.49,241.5,20.3,6.13,57.9,5
North,2022,Rice,456.18,4.28,1952.45,178.3,34.4,6.98,162.6,1
North,2023,Wheat,901.13,4.39,3955.96,380.9,23.9,6.08,76.6,5
West,2022,Wheat,568.29,3.46,1966.28,321.3,26.4,5.86,119.8,18
East,2023,Barley,412.87,4.44,1833.14,269.9,16.6,7.1,193.1,17
East,2021,Rice,328.31,5.62,1845.1,300.3,20.7,5.61,137.2,5
South,2023,Barley,319.02,4.67,1489.82,259.8,15.8,6.16,128.5,6
North,2022,Soybean,189.79,5.81,1102.68,144.3,17.8,7.06,59.3,19
South,2022,Corn,835.5,3.24,2707.02,312.7,27.7,6.52,91.6,1
West,2020,Wheat,177.99,3.64,647.88,247.8,30.3,6.88,50.5,3
East,2023,Soybean,363.07,2.32,842.32,290.3,32.4,5.63,181.3,15
East,2022,Soybean,141.11,5.93,836.78,113.6,20,7,146.7,2
South,2020,Wheat,803.25,1.28,1028.16,142.6,21.7,5.84,67.7,6
West,2021,Wheat,135.36,2.79,377.65,276.8,26.4,7.12,104.5,2
East,2022,Rice,377.47,2.49,939.9,237.8,16.7,6.63,171.7,6
West,2020,Barley,615.97,2.93,1804.79,168.1,31.1,6.98,71,10
West,2022,Soybean,468.61,5.59,2619.53,172.2,24.7,5.93,84.5,15
South,2023,Rice,354.04,2.84,1005.47,289.5,34.3,6.29,131.2,15
North,2020,Rice,347.67,5.58,1940,117.7,17.3,7.1,71.7,13
South,2023,Soybean,818.01,3.12,2552.19,230.3,17.7,7.32,107.4,15
North,2021,Soybean,976.58,5.27,5146.58,256.9,22,5.95,197.3,19
West,2023,Corn,413.24,3.61,1491.8,192.4,19.1,7.09,131.6,6
North,2020,Barley,135.23,2.56,346.19,346.2,28.9,5.72,155.2,1
West,2022,Soybean,132.91,3.25,431.96,117,33.9,6.35,149.5,8
East,2020,Wheat,783.29,3.12,2443.86,359.7,16.8,7.38,81.8,4
East,2023,Corn,597.13,2.3,1373.4,317,19.8,7.39,176.9,9
East,2023,Barley,805.23,2.45,1972.81,233.9,19.8,6.09,68.3,10
South,2022,Wheat,727.75,1.93,1404.56,377.3,25.2,5.89,188.2,17
South,2021,Wheat,916.76,2.68,2456.92,310.7,24,5.8,82.4,9
West,2020,Barley,897.24,4.12,3696.63,379.3,29.5,6.46,193.2,13
East,2022,Corn,809.49,2.93,2371.81,241.8,29.7,5.68,169.7,8
South,2022,Wheat,527.67,4.56,2406.18,235.9,26.5,6.21,75.6,1
East,2022,Rice,377.31,5.93,2237.45,259.2,26.8,5.53,74.1,8
South,2020,Barley,556.32,2.89,1607.76,119.6,31.8,6.02,62.7,16
North,2020,Barley,551.86,3.31,1826.66,372.5,22.9,7.3,87.1,4
North,2020,Soybean,649.25,1.82,1181.64,300.3,15.2,6.39,148.9,13
East,2021,Corn,267.49,2.96,791.77,285.3,19.3,5.65,128,17
West,2022,Rice,690.06,4.63,3194.98,377.9,15.7,6.79,142,18
South,2023,Rice,510.94,2.09,1067.86,398.1,22.9,7.41,54.7,8
South,2023,Soybean,658.18,1.91,1257.12,149,22.2,6.43,62,2
North,2022,Wheat,315.64,2.88,909.04,324.7,17,6.75,153.8,16
North,2023,Wheat,490.96,5.09,2498.99,274,30.1,7.34,177.2,3
West,2021,Rice,289.18,4.12,1191.42,238.3,26.1,6.34,103.9,6
West,2021,Corn,887.77,5.79,5140.19,393.3,19.5,6.83,75,2
West,2020,Wheat,539.16,5.52,2976.16,355.1,30.2,6.38,96.3,8
East,2020,Barley,302.48,1.76,532.36,309,28.4,7.42,111.8,13
North,2020,Soybean,137.09,1.21,165.88,214.8,18.8,6.51,144.5,11
East,2020,Corn,708.16,3,2124.48,299.8,34.7,7.27,111.4,5
North,2020,Wheat,293.18,3.61,1058.38,259.5,18.5,6.51,184.6,9
North,2023,Rice,990.62,3.58,3546.42,174.8,30.4,6.84,110.2,13
South,2023,Soybean,580.33,1.67,969.15,235.1,34.4,6.27,77.2,17
North,2020,Wheat,360.08,1.62,583.33,163.7,29.5,7.34,87.3,2
North,2021,Rice,691.91,1.23,851.05,250.1,28.3,6.79,119.8,15
East,2023,Wheat,347.7,5.25,1825.42,316.1,33.1,5.54,167.4,10
North,2021,Soybean,838.25,5.74,4811.56,111,20.4,5.53,180.4,12
East,2021,Barley,377.41,1.58,596.31,329.6,20.5,6.85,77.8,8
West,2022,Barley,989.42,2.07,2048.1,106,27.8,5.73,50.5,13
North,2022,Rice,644.63,1.45,934.71,255.2,32.6,6.93,180.4,14
North,2020,Barley,859.97,5.39,4635.24,272,27.3,6.14,84.2,18
East,2021,Soybean,165.53,5.79,958.42,328.4,34.5,6.58,173.2,1
West,2023,Rice,413.47,2.31,955.12,328.3,19.5,5.85,132.6,12
South,2022,Wheat,763.74,2.52,1924.62,225.2,31.5,5.99,110.6,17
West,2022,Corn,689.55,2.81,1937.64,119.9,33.5,6.37,72,1
East,2021,Wheat,274.82,3.51,964.62,308.1,23.5,6.83,150.8,2
West,2022,Soybean,420.58,4.41,1854.76,253.3,34.2,5.81,172.7,13
East,2022,Rice,337.1,3.52,1186.59,199.9,19,6.06,119.2,0
East,2023,Wheat,652.03,5.76,3755.69,170.5,34.1,5.91,117,11
South,2021,Rice,410.11,1.5,615.16,135.9,33.1,7.23,163.3,4
North,2022,Barley,378.15,4.99,1886.97,188.5,16.3,6.8,125,18
East,2021,Corn,286.64,2.67,765.33,237.5,25.4,6.44,167.8,19
East,2022,Soybean,468.12,2.89,1352.87,243.3,25.6,7.39,58.1,8
South,2023,Wheat,275.95,4.54,1252.81,274.8,16.1,6.97,178.6,6
East,2021,Corn,966.31,5.65,5459.65,208.7,15.8,7.36,89.3,2
North,2022,Soybean,239.05,4.58,1094.85,376,15.1,6.7,75.4,6
South,2023,Soybean,921.97,4.88,4499.21,248.8,25.5,5.78,54.8,14
North,2022,Barley,485.63,4.75,2306.74,227.1,24.3,6.85,175.1,10
North,2021,Rice,440.08,2.6,1144.21,114.5,33.8,5.9,59,9
South,2022,Rice,308.19,4.78,1473.15,279.7,21.8,6.19,193.2,0
East,2021,Corn,672.18,4.92,3307.13,280.9,28.2,6.52,134.7,8
North,2021,Barley,716.98,3.67,2631.32,275,15.2,5.81,154.8,2
North,2022,Soybean,520.81,3.68,1916.58,366.3,28.3,5.54,158.8,5
North,2023,Barley,150.14,4.8,720.67,328.9,33.3,6.15,93.9,17
North,2020,Barley,926.66,5.09,4716.7,360.2,22.1,7.15,171,3
South,2023,Corn,982.3,2.69,2642.39,117.8,21.3,5.53,191.9,18
South,2023,Rice,487.94,5.01,2444.58,195.4,27.5,5.72,105.5,5
West,2022,Barley,652.29,5.07,3307.11,195.6,21.6,7.11,175.3,0
West,2023,Barley,505.27,2.17,1096.44,297.1,23,6.11,165.8,3
North,2023,Barley,389.69,4.58,1784.78,234.6,20.5,7.38,138.4,0
East,2020,Wheat,169.59,1.93,327.31,333.2,21.9,6.26,105.1,16
North,2023,Barley,510.46,1.47,750.38,215.3,28.6,7.09,112.3,3
East,2020,Barley,836.55,3.87,3237.45,166.5,33.4,6.02,96.1,6
North,2022,Soybean,115.33,5.54,638.93,187.3,26.7,5.62,113.9,7
West,2020,Wheat,623.9,1.18,736.2,154.7,15.2,7.26,198.4,2
West,2021,Barley,892.69,5.13,4579.5,159.4,20.3,7.35,104.5,11
East,2021,Barley,295.79,3.53,1044.14,165.1,34,6.92,149.8,18
North,2020,Corn,264.93,5.3,1404.13,104.8,33.2,7.04,97.9,9
East,2021,Corn,795.05,5.22,4150.16,314.8,17.3,5.51,120,19
West,2022,Wheat,329.58,5.38,1773.14,219.9,33.2,7.01,62.6,5
North,2021,Soybean,272.79,4.84,1320.3,106.8,34.3,6.44,164.5,17
North,2020,Wheat,440.19,5.21,2293.39,211,21.5,6.41,149.2,5
East,2022,Wheat,453.25,1.88,852.11,371.6,29,6.58,102.1,17
South,2021,Corn,886.69,2.52,2234.46,253.4,26.2,6.04,128.7,4
East,2022,Corn,656.6,2.21,1451.09,396,21.7,6.89,180.8,10
West,2020,Soybean,465.37,4.71,2191.89,262,18.1,6.09,56.7,6
West,2021,Barley,580.95,1.77,1028.28,388.8,22.3,6.62,189.5,8
West,2022,Soybean,958.57,1.91,1830.87,160.5,33.6,5.77,120.6,2
West,2022,Barley,201.89,5.39,1088.19,187,31.2,6.85,178.9,18
West,2021,Rice,286.94,4.53,1299.84,310,21.6,5.88,179.2,11
South,2022,Corn,966.28,5.38,5198.59,396,26,5.84,58.8,17
North,2022,Rice,961.59,1.7,1634.7,347.6,23.1,5.55,167.2,14
East,2020,Rice,259.45,2.99,775.76,266.1,24.3,5.74,159.9,19
East,2020,Corn,230.6,2.42,558.05,125.5,30.2,5.97,56.5,4
West,2020,Rice,478.98,1.05,502.93,209.3,25.9,5.94,191.1,7
East,2020,Wheat,144.75,2.42,350.3,125.9,18.6,6.16,145.2,11
West,2020,Barley,689.41,2.9,1999.29,193.4,20.4,5.61,75.1,16
South,2020,Soybean,169.75,1.46,247.84,177.6,26.4,7.37,68.5,18
South,2021,Corn,152.23,3.83,583.04,216.6,28.9,5.74,134.3,13
North,2020,Wheat,536.67,2.92,1567.08,351.2,25.2,6.9,58.8,15
South,2022,Soybean,962.01,1.23,1183.27,145.1,27.4,6.57,74.7,14
South,2021,Soybean,484.12,4.52,2188.22,191.8,30.8,6.61,192.3,3
North,2022,Soybean,420.83,4.65,1956.86,178.3,25.9,5.71,161.7,17
East,2020,Rice,998.16,5.17,5160.49,188.8,34.5,5.99,142,7
West,2020,Rice,578.77,3.43,1985.18,208.2,19.7,7.06,81.3,4
West,2022,Rice,437.72,5.84,2556.28,173.3,33.4,6.43,82.8,16
East,2022,Rice,447.27,5.57,2491.29,382.8,20,6.41,116.9,7
North,2022,Wheat,275.46,3.76,1035.73,226,25.6,6.59,163.1,12
East,2023,Rice,561,3.22,1806.42,134.2,24.1,6.37,50.6,8
South,2023,Corn,494.97,1.02,504.87,240.3,22.5,7.11,56.6,13
North,2023,Soybean,343.72,4.55,1563.93,155.3,34.3,7,180.5,16
North,2023,Wheat,244.49,3.82,933.95,164.8,20.4,6.13,172.1,5
North,2021,Rice,380.11,5.69,2162.83,185.5,28.5,7.12,154.2,6
West,2020,Soybean,557.81,3.97,2214.51,137.4,31.1,6.54,124.9,0
East,2022,Wheat,152.5,5.96,908.9,316.3,18.9,6.76,71.8,3
North,2020,Soybean,238.37,5.27,1256.21,337.6,34.5,7.23,65.3,19
North,2022,Wheat,952.89,5.77,5498.18,218.3,25.9,6.45,185.8,10
North,2020,Barley,588.57,2.64,1553.82,306.7,33.3,7.01,107.4,9
East,2021,Wheat,157.1,1.75,274.92,216.7,28.3,6.76,154.4,12
West,2023,Rice,723.78,4.98,3604.42,149.2,28,6.35,118.4,19
South,2020,Soybean,155.62,4.93,767.21,219.2,21.9,7.08,159.6,12
West,2022,Soybean,764.99,2.06,1575.88,267.1,30.4,5.71,79,5
North,2020,Soybean,774.97,4.82,3735.36,112.3,15.6,6.66,122.7,17
West,2021,Corn,685.97,3.91,2682.14,296.3,26.1,5.59,106.5,11
West,2021,Corn,758.98,1.55,1176.42,322.8,15.6,5.81,86.8,1
South,2020,Rice,179.17,3.51,628.89,358,21.1,6.7,139.7,5
East,2023,Barley,754.1,5.66,4268.21,130.8,16.9,6.12,130.5,6
East,2022,Corn,223.02,3.53,787.26,100,33.2,6.02,124.4,2
West,2021,Wheat,405.56,4.94,2003.47,122,27.6,7.41,138.7,10
West,2021,Rice,948.47,1.14,1081.26,377.2,28.4,6.23,71.4,8
East,2020,Barley,552.59,4.64,2564.02,329.7,32,6.63,105.6,13
East,2021,Wheat,970.68,5.73,5562,350.6,29.7,6.57,98.7,10
South,2021,Soybean,180.03,3.5,630.1,255.1,17.5,5.62,165.4,5
North,2022,Corn,529.8,2.69,1425.16,258,27.4,6.85,55.4,18
West,2023,Wheat,156.16,4.23,660.56,189.6,34.6,6.53,92.3,14
East,2022,Barley,667.19,5.58,3722.92,352.8,19.3,6.26,187.7,13
West,2023,Rice,170.84,1.88,321.18,348.9,27.4,5.63,95.1,11
West,2022,Wheat,257.83,3.02,778.65,217.7,26.3,6.09,72.8,12
East,2020,Rice,332.95,1.78,592.65,198.8,22.8,7.27,163.6,4
South,2021,Soybean,773.87,3.48,2693.07,321.5,34.1,5.85,57.2,11
West,2023,Barley,247.57,3.7,916.01,107.9,22.1,5.94,113.9,16
South,2020,Barley,861.97,5.72,4930.47,358,16.9,5.91,178.3,18
East,2021,Corn,218.71,3.06,669.25,233.9,34.3,7.28,193.1,2
North,2021,Barley,131.72,3.83,504.49,232.4,29.6,6.9,87.4,17
North,2021,Wheat,455.54,5.43,2473.58,300.7,21.8,7.26,94.4,17
West,2022,Wheat,981.5,2.61,2561.71,293.7,20.6,7.33,135.1,8
East,2020,Wheat,199.31,4.37,870.98,179.8,33.6,7.36,84,2
South,2020,Soybean,191.55,4.79,917.52,383,20.5,6.47,72.6,10
West,2021,Barley,776.05,2.65,2056.53,395.9,25.7,6.45,113.9,19
East,2023,Barley,380.95,1.82,693.33,257.8,19.3,7.16,60.8,15
East,2020,Wheat,745.55,3.51,2616.88,268.4,34.9,6.16,184.1,14
South,2022,Corn,280.01,2.78,778.43,266.3,30.4,5.54,100.1,5
West,2023,Corn,514.06,2.33,1197.76,245.7,26.4,6.16,100.4,8
East,2023,Barley,338.76,5.87,1988.52,383.6,29.9,6.93,168.7,0
East,2023,Barley,506.38,3.51,1777.39,173.4,33.3,5.75,101.2,13
East,2023,Rice,792.19,5.28,4182.76,132.4,34.3,7.07,164.1,18
South,2020,Barley,785.81,1.98,1555.9,378.9,30.7,7.13,77.2,2
West,2021,Wheat,564.2,5.7,3215.94,163.9,32,5.7,129.3,8
West,2023,Soybean,935.53,4.97,4649.58,324.7,23,5.7,165.3,8
West,2022,Barley,337.41,5.04,1700.55,161.2,22.8,5.9,117.5,4
West,2022,Barley,316.28,2.95,933.03,388.1,31.2,6.21,60.8,5
North,2021,Wheat,652.43,3.43,2237.83,337.3,30.2,6.57,160.5,11
North,2020,Rice,659.17,3.97,2616.9,375.6,33,6.47,124.1,6
West,2021,Barley,141.89,4.95,702.36,385.3,17.7,7.21,97.5,6
South,2023,Corn,647,5.25,3396.75,125.3,28.8,5.78,198.9,19
North,2020,Corn,436.99,1.39,607.42,230,28,6.9,181.4,9
East,2020,Corn,772.7,5.52,4265.3,294.4,31,6.6,55.7,15
North,2023,Soybean,827.3,5.69,4707.34,340.7,15.5,6.97,139,16
East,2022,Soybean,596.94,3.96,2363.88,172.4,31.5,6.18,103.2,12
West,2023,Barley,101.53,1.93,195.95,374.4,21.5,6.44,55.6,4
North,2021,Barley,672.73,5.09,3424.2,166.3,28.7,5.56,51.7,13
South,2023,Barley,773.99,3.74,2894.72,359.9,27.3,5.73,137.6,8
North,2022,Soybean,324.08,5.09,1649.57,253.8,23.8,6.25,98,13
North,2023,Barley,518.18,5.07,2627.17,254.6,29.9,6.46,155.5,7
North,2021,Wheat,969.15,1.43,1385.88,212.2,34.2,5.67,118.2,19
West,2021,Rice,368.3,4.04,1487.93,131.1,21.5,7.15,165,9
South,2022,Corn,300.84,3.42,1028.87,204.1,30,7.39,172,8
North,2021,Corn,289.77,5.73,1660.38,228,21.3,6.69,148.6,6
South,2021,Wheat,602.92,2.48,1495.24,243.7,31.9,5.61,112.7,9
West,2023,Barley,954.81,2.03,1938.26,321.7,23.7,6.98,198.3,9
East,2020,Soybean,647.82,5.49,3556.53,205.6,24,5.93,96,7
North,2021,Barley,372.99,1.74,649,222,30.4,6.97,127.2,16
South,2021,Barley,674.71,4.43,2988.97,371.8,24.9,6.37,128.1,19
South,2022,Corn,662.36,2.5,1655.9,325.8,20.3,5.61,114.3,5
West,2022,Corn,637.23,3.84,2446.96,106.9,34.9,6.06,68.2,19
North,2023,Soybean,243.48,4.08,993.4,343.6,27.4,6.35,103.1,18
East,2023,Corn,671.11,3.09,2073.73,397,27.9,6.97,82.3,12
South,2021,Barley,487.15,5.87,2859.57,381.9,27.9,5.77,185,4
North,2020,Wheat,116.73,1.66,193.77,350.8,32.7,6.07,148.3,3
East,2020,Soybean,585.79,2.96,1733.94,288.8,18.7,5.67,93.2,11
South,2023,Wheat,990.34,3.15,3119.57,183.5,16.2,6.73,134.9,14
South,2022,Barley,414.77,4.16,1725.44,296.3,22.7,6.45,178,1
East,2021,Soybean,969,3.04,2945.76,308.7,26.3,7.36,190.2,14
East,2021,Wheat,186.59,1.49,278.02,184.5,20.7,6.98,61.3,18
West,2020,Soybean,759.21,5.74,4357.87,176.6,28.8,7.06,168,7
North,2023,Barley,202.9,3.08,624.93,219.1,16.5,5.83,194.9,14
North,2020,Soybean,346.21,2.71,938.23,292.3,30.8,6.03,120.1,9
West,2020,Barley,613.76,3.23,1982.44,187.9,29.4,6.53,199.3,12
South,2023,Soybean,633.5,2.08,1317.68,266.7,19.3,5.53,193.6,18
East,2022,Soybean,797.69,1.5,1196.54,369.8,21,7.24,148.5,0
East,2021,Corn,653.78,1.74,1137.58,188.5,31.1,7.06,177.1,10
East,2022,Barley,634.25,1.83,1160.68,389.8,30.5,5.62,94.5,17
South,2023,Rice,921.12,1.99,1833.03,242,31.3,7.2,187.6,18
East,2023,Soybean,506.94,3.1,1571.51,130.3,21.4,5.51,138.8,17
East,2021,Wheat,302.74,4.12,1247.29,116.5,34.4,5.73,126.4,18
West,2022,Corn,245.61,4.14,1016.83,201.6,29.3,5.61,175.3,6
South,2021,Corn,460,1,460,177.6,16.3,6.46,183.4,4
North,2020,Soybean,741.48,5.6,4152.29,353.1,24.6,7.07,155.2,13
West,2020,Rice,138.29,5.11,706.66,321.3,28.3,5.86,53.8,10
West,2020,Corn,216.15,5.82,1257.99,365.4,18.4,7.04,139.6,10
North,2022,Barley,195.5,2.8,547.4,276.8,33,5.87,173.2,1
West,2020,Soybean,626.73,4.32,2707.47,230.6,30.1,7.48,131.8,8
South,2021,Soybean,318.58,1.84,586.19,181.2,16.6,7.21,190.2,0
East,2022,Rice,249.63,5.09,1270.62,274.9,33.3,6.97,184.6,14
South,2021,Barley,633.49,1.81,1146.62,285.4,23.1,6.68,129.5,7
North,2023,Barley,785.18,2.63,2065.02,217.9,24,5.99,110.6,1
North,2022,Rice,398.94,3.45,1376.34,381,30.7,5.74,58.3,5
West,2021,Wheat,620.38,3.97,2462.91,292,27.9,6.42,144.9,1
South,2021,Barley,188.31,3.8,715.58,351.2,23.8,6.31,89.9,16
South,2022,Wheat,941.67,1.51,1421.92,286.1,20.2,6.85,150.3,6
North,2023,Wheat,403.21,3.11,1253.98,195,25.3,5.84,169.8,2
South,2022,Soybean,997.76,5.61,5597.43,321,26.6,6.62,111.3,18
North,2020,Soybean,980.73,5.36,5256.71,169.1,27.6,6.89,52.3,11
South,2020,Corn,800.94,3.95,3163.71,279,27.1,6.1,179.8,17
South,2023,Soybean,118.06,3.86,455.71,220.7,27.3,7.06,132.4,7
South,2021,Barley,589.13,1.56,919.04,145,24.5,6.36,97.2,11
North,2021,Barley,178.15,2,356.3,224,26.2,5.83,145.1,0
West,2021,Wheat,905.62,2.26,2046.7,193.1,20.8,5.89,151.2,0
South,2022,Barley,810.67,3.44,2788.7,133.7,18.2,6.06,72.1,9
North,2022,Soybean,975.11,4.66,4544.01,347.1,27.1,5.82,147,2
North,2023,Soybean,647.54,3.3,2136.88,249.6,15.9,6.63,93,9
South,2020,Soybean,569.96,1.63,929.03,203.9,16.3,7.4,170.5,3
South,2021,Rice,567.08,3.2,1814.66,251.5,19.9,7.29,191.2,11
West,2020,Barley,447.8,1.81,810.52,326.4,18.9,6.15,65.4,13
North,2022,Corn,521.82,4.76,2483.86,105.5,22.5,7.23,187.6,7
North,2022,Barley,671.87,1.83,1229.52,264,22.4,7.41,185.5,6
East,2022,Barley,939.65,3.41,3204.21,243.7,17.3,6.09,101.4,0
North,2020,Rice,636.3,4.47,2844.26,367.9,19.9,7.31,54.3,16
West,2023,Barley,871.4,2.14,1864.8,266.8,15.1,7.49,149.5,14
East,2023,Wheat,876.5,1.38,1209.57,141.2,22,7.1,101.7,14
East,2022,Soybean,566.95,3.82,2165.75,216.6,30.9,6.28,78.7,4
East,2021,Soybean,412.72,1.27,524.15,286.3,20.3,6.72,66.3,0
South,2020,Rice,675.62,3.94,2661.94,113.8,27.9,6.23,79.4,18
South,2022,Soybean,501.29,4.77,2391.15,365.4,17,7.49,85.6,0
North,2020,Wheat,173.3,2.65,459.24,120.3,15.2,5.64,169.4,1
East,2020,Rice,440.03,3.44,1513.7,109.2,25,7.29,167.6,10
West,2023,Corn,994.66,5.64,5609.88,100.6,24.2,5.65,124.2,11
South,2022,Soybean,143.66,3.36,482.7,305.1,18.8,5.58,133,10
West,2023,Barley,727,5.98,4347.46,236.8,20.7,7.38,187.7,7
West,2022,Wheat,857.07,1.79,1534.16,130.8,15.6,7.23,186.2,19
South,2020,Wheat,683.85,4.54,3104.68,356.9,31,6.22,174.3,3
South,2023,Soybean,612.77,4.26,2610.4,160.8,21,7.42,106.1,1
South,2020,Corn,736.8,5.36,3949.25,197.9,19.4,7.22,105,8
South,2022,Barley,486.41,1.46,710.16,153.3,31.1,7.3,183.2,12
East,2021,Corn,182.23,2.4,437.35,378,15.8,6.69,189,9
East,2023,Corn,966.13,1.66,1603.78,327.4,20.7,7.42,169.8,8
East,2023,Soybean,489.07,5.67,2773.03,317.2,20.3,7.12,163.6,12
East,2020,Barley,698.85,3.13,2187.4,113.2,20.3,7.38,133.7,2
North,2020,Soybean,578.18,5.55,3208.9,256.8,15.2,6.06,100.8,16
East,2021,Soybean,149.21,2.47,368.55,272.6,33.7,6.56,86.1,17
South,2023,Wheat,957.47,1.63,1560.68,214.8,32.3,7.24,71.1,7
West,2022,Soybean,813.28,2.48,2016.93,196.5,23.3,6.66,159.2,12
East,2022,Rice,234.19,3.99,934.42,355.6,23.9,7.1,166.5,17
North,2023,Barley,983.48,5.23,5143.6,106.9,25.5,7.45,103.8,15
South,2023,Wheat,763.21,2.93,2236.21,287.6,24.6,7.11,50.9,13
West,2023,Barley,525.09,5.57,2924.75,218.3,30.6,6.13,190.8,12
West,2021,Wheat,650.23,2.22,1443.51,299.8,24.8,5.74,115.6,3
East,2022,Rice,196.06,4.47,876.39,159.4,18.8,6.05,196.2,0
West,2022,Soybean,604.37,4.68,2828.45,171.6,17.3,6.83,151.6,0
East,2020,Wheat,166.29,2.37,394.11,276.1,33.4,5.52,68.6,5
East,2020,Wheat,590.37,1.13,667.12,394,16,5.88,99,14
South,2023,Wheat,597.43,2.83,1690.73,392.4,33,6.15,148.6,14
South,2020,Rice,886.99,1.23,1091,174.7,28.8,7.25,147.4,6
North,2021,Barley,752.55,5.5,4139.02,130.7,23.1,5.6,84.8,8
South,2022,Rice,324.6,5.77,1872.94,277.1,18.7,5.6,76.5,12
South,2022,Wheat,899.58,4.68,4210.03,226,21.2,6.6,91.5,5
East,2020,Wheat,615.92,4.63,2851.71,328.5,25.6,5.86,168,9
South,2023,Soybean,645.74,2.2,1420.63,258.4,28.1,5.98,86.3,11
East,2020,Rice,252.08,1.37,345.35,253.2,28.8,5.87,155.3,2
East,2023,Rice,872,5.01,4368.72,293.9,23.9,6.66,180.5,14
South,2021,Corn,937.87,3.8,3563.91,137.9,22.5,5.61,108.7,19
North,2022,Barley,797.49,4.41,3516.93,303.1,30.4,7.38,51,10
North,2021,Corn,946.68,4.9,4638.73,246.6,33.5,5.75,71.3,18
West,2022,Corn,372.07,3.05,1134.81,346,33.3,7.4,96.8,9
West,2021,Barley,875.01,1.72,1505.02,141.6,26,7.06,78.5,8
South,2020,Soybean,540,4.98,2689.2,190.2,16.6,7.16,93.4,0
North,2021,Soybean,247.53,3.27,809.42,385.1,16.5,5.85,131.6,15
East,2021,Barley,701.92,5.13,3600.85,265.9,23.1,6.84,53.2,14
West,2020,Barley,715.71,3.19,2283.11,378.8,29.7,7.13,59.6,16
East,2022,Rice,358.23,2.09,748.7,306.7,24.9,6.62,178.4,19
West,2022,Rice,124.74,1.86,232.02,377.9,27.5,6.6,128.3,16
South,2020,Rice,279.86,4.72,1320.94,195.3,31.9,5.82,190.3,3
North,2021,Rice,459.8,3.87,1779.43,127.2,15.8,6.33,50.5,0
West,2021,Wheat,250.81,3.02,757.45,340.7,33.5,5.8,50,13
North,2021,Wheat,274.63,3.46,950.22,341.3,21.6,7.45,160.9,13
East,2023,Soybean,452.25,3.75,1695.94,285.6,15.9,6.87,121.4,14
South,2022,Wheat,965.61,2.2,2124.34,273.9,31.7,5.6,187.1,4
North,2021,Wheat,787.82,2.89,2276.8,374.5,33.7,6.45,168,14
South,2022,Rice,387.77,2.46,953.91,152.9,30.4,6.78,125.6,19
North,2021,Rice,956.44,2.94,2811.93,285,31.1,5.69,121.8,11
East,2020,Barley,681.08,3.5,2383.78,114.9,32.4,6.83,171.7,14
East,2020,Rice,509.9,1.87,953.51,142.3,25.4,5.85,170.6,1
South,2022,Barley,521.47,2.97,1548.77,231.2,28.6,6.32,91.5,15
East,2022,Barley,469.67,2.93,1376.13,346.4,20.7,6.75,151.2,6
West,2020,Wheat,309.69,2.43,752.55,319.9,20,6.23,146.5,0
North,2023,Rice,447.97,5.99,2683.34,392.2,27.2,6.26,178.4,18
East,2020,Wheat,575.11,1.37,787.9,113.5,29.7,7.19,180.3,6
West,2021,Rice,575.22,4.21,2421.68,214.4,22.9,6.12,90.2,9
South,2023,Wheat,785.56,1.87,1469,147.6,23,6.81,182,17
West,2020,Wheat,422.92,5.2,2199.18,111.1,34.1,7.2,188.7,7
South,2023,Wheat,745.12,5.57,4150.32,179.3,25.4,5.81,66.4,5
South,2023,Soybean,620.28,3.01,1867.04,173.3,34.7,5.59,136.1,0
North,2023,Wheat,965.66,5.12,4944.18,226,32.3,7.15,115.5,12
North,2022,Corn,446.76,2.25,1005.21,142,27.8,6.6,110.3,7
West,2020,Corn,911.09,1.7,1548.85,246.6,15.2,7.16,155.7,3
North,2022,Corn,838.58,2.58,2163.54,376,20.9,5.93,69.4,4
North,2022,Barley,673.9,2.71,1826.27,324.5,23.4,7.17,173,14
North,2021,Wheat,689.06,2.99,2060.29,352.7,28.1,5.69,54,4
West,2021,Corn,176.18,2.86,503.87,341.4,22.9,7.27,136.7,10
East,2023,Barley,955.2,3.06,2922.91,216.9,31.6,7.15,83.8,9
North,2023,Corn,196.24,4.55,892.89,312.7,28.3,6.63,150.1,8
North,2021,Rice,606.91,2.23,1353.41,326.3,21.9,6.72,128.8,7
West,2021,Soybean,397.06,1.09,432.8,161.7,30.7,6.19,200,1
East,2020,Wheat,486.87,3.45,1679.7,358.1,21.1,5.9,179.3,15
North,2023,Soybean,649.16,3.24,2103.28,237.3,16.3,6.41,100.5,2
South,2023,Soybean,917.97,1.3,1193.36,104.9,18.5,6.81,129.3,17
West,2021,Rice,511.81,1.67,854.72,293,15.1,7.5,97.7,17
North,2020,Rice,988.96,3.55,3510.81,303,31.6,7.13,159.3,9
North,2021,Rice,633.53,2.17,1374.76,265.5,27.5,6.37,113.4,17
South,2021,Barley,244.5,5.39,1317.86,163.7,26.4,6.99,67.3,2
South,2022,Corn,271.01,1.87,506.79,244.7,28.2,5.72,149.1,19
West,2023,Wheat,744.5,1.1,818.95,220,28.1,6.33,51.7,0
West,2020,Rice,145.36,3.24,470.97,392.4,26.3,6.35,94.6,9
South,2022,Wheat,532.31,5.93,3156.6,347.4,31.8,7.5,186.1,7
West,2023,Wheat,233.4,4.17,973.28,328.6,23.8,6.28,64.1,7
South,2021,Wheat,489.9,2.77,1357.02,154.3,31.1,5.67,125.7,19
North,2020,Rice,774.93,1.08,836.92,199.3,30.7,5.63,169.3,16
South,2023,Rice,512.93,3.42,1754.22,213.9,19,6.9,185.7,14
South,2021,Corn,247.11,2.03,501.63,247.8,24.1,6.08,134,10
East,2022,Rice,326.73,4.24,1385.34,109.1,31.7,7.24,73,15
South,2020,Rice,430.79,3.92,1688.7,277.9,31.6,6.47,191.1,15
South,2023,Wheat,162.61,2.33,378.88,207.4,15.5,6.16,162.4,0
East,2022,Corn,625.9,1.34,838.71,268.5,19.5,7.02,109.4,19
West,2021,Soybean,646.78,4.78,3091.61,102.7,23.5,6.34,91.5,0
East,2021,Rice,155.94,3.93,612.84,196.4,15.9,6.97,57.2,13
North,2023,Rice,462.08,5.21,2407.44,330.6,20.2,6.93,78.7,13
East,2021,Soybean,472.6,2.3,1086.98,250.3,20.2,6.95,166.7,3
North,2020,Wheat,400.44,4.26,1705.87,336.7,19.3,7.21,66.3,7
West,2023,Corn,601.97,1.59,957.13,309.7,22.9,7.2,69.4,15
East,2022,Wheat,411.36,2.46,1011.95,356.5,31.3,6.83,79.4,7
East,2023,Barley,474.77,4.28,2032.02,102.2,19.9,7.41,109.3,14
West,2023,Rice,817.77,5.13,4195.16,178.4,26.6,5.54,78.4,17
North,2022,Barley,245.9,2.6,639.34,264.6,26.2,7.36,185.6,12
East,2021,Rice,657.2,4.99,3279.43,382.3,31.4,5.8,88.6,9
North,2022,Barley,555.03,4.39,2436.58,303.9,22.9,5.92,187.9,5
East,2020,Soybean,374.56,2.74,1026.29,237,19.5,7.13,197.7,18
South,2021,Rice,754.78,5.38,4060.72,139,32.8,6.3,163.2,0
East,2023,Rice,596.07,3.55,2116.05,248,31.7,6.35,51.1,1
West,2021,Barley,529.63,4.24,2245.63,232.3,27.4,6.02,86,6
West,2021,Corn,700.9,3.48,2439.13,333.5,16.9,5.95,90.1,11
North,2020,Barley,822.06,3.26,2679.92,224,15.3,5.71,131.4,7
East,2021,Rice,975.4,5.24,5111.1,195.7,18.7,5.89,73.8,12
North,2021,Rice,666.42,2.47,1646.06,126.9,18.9,6.63,61.6,0
North,2021,Corn,887,1.18,1046.66,114,17.7,6.91,76.5,17
South,2023,Wheat,100.98,5.4,545.29,231.7,20.2,6.98,99.1,7
South,2021,Corn,577.21,5.13,2961.09,204.1,21.8,6.24,57.4,11
West,2022,Wheat,293.18,2.83,829.7,266.6,30.1,7.34,79.3,18
North,2021,Rice,184.77,1.93,356.61,313.6,29.2,6.16,75.1,11
West,2020,Soybean,578.77,4.38,2535.01,112,17.1,5.72,165.9,1
East,2021,Soybean,772.14,1.39,1073.27,248.9,34.5,7.39,75.4,14
North,2021,Barley,471.05,3.12,1469.68,358.6,30,6.58,168.7,10
North,2023,Corn,703.1,1.43,1005.43,236.5,18.3,7.44,126.2,18
East,2022,Corn,540.75,3.99,2157.59,256.4,17.5,6.29,163.7,0
East,2021,Soybean,493.38,1.14,562.45,246,16.8,7.01,117.6,2
West,2022,Wheat,361.23,4.15,1499.1,216.9,29.6,5.72,185.2,0
West,2020,Corn,444.33,4.37,1941.72,133,19.7,7.21,91.5,8
East,2023,Wheat,414.82,3.44,1426.98,137.9,16.5,5.84,165,13
West,2022,Wheat,681.57,1.88,1281.35,153.7,23.4,5.64,74.5,15
East,2023,Wheat,204.42,1.51,308.67,337.8,29.2,5.7,182.4,2
North,2021,Wheat,183.37,2.57,471.26,182.6,21.1,6.61,54.3,8
North,2020,Barley,694.01,3.33,2311.05,384.4,24.7,6.08,118.6,16
South,2023,Barley,591.67,4.21,2490.93,343.1,18.9,7.42,113.2,16
North,2021,Soybean,487.18,1.01,492.05,305.4,23.6,7.21,143.6,3
East,2022,Barley,237.2,4.56,1081.63,316.1,22.2,7.11,116.1,11
West,2020,Corn,469.92,4.56,2142.84,114.3,23.7,7.12,138.3,13
South,2020,Barley,810.76,3.22,2610.65,270.5,24.3,7.28,179.3,13
West,2022,Corn,900.66,2.72,2449.8,382.3,16.8,7.23,71.3,13
East,2022,Corn,732.32,5.21,3815.39,111.7,16.9,7.36,86.6,15
North,2020,Wheat,153.92,4.92,757.29,187.3,20.2,7.37,170.4,8
South,2023,Soybean,703.37,5.92,4163.95,115.5,17.3,6.1,84.2,1
East,2020,Wheat,316.89,2.86,906.31,270.9,20.1,5.94,185.8,4
South,2022,Wheat,383.73,5.53,2122.03,134.9,15.5,6.79,131.1,4
South,2023,Barley,276.29,1.44,397.86,243.8,22,5.75,62.3,17
North,2021,Barley,798.18,3.06,2442.43,316,19.3,5.92,53.1,10
East,2020,Corn,683.74,3.33,2276.85,149.3,32.8,7.05,164.4,8
West,2022,Barley,650.65,3.2,2082.08,326.6,32.2,6.8,178.5,8
South,2021,Barley,701.18,4.13,2895.87,118.1,21,6.8,86,11
South,2020,Rice,313.1,1.85,579.24,144.9,24.5,7.4,86.1,3
West,2020,Corn,500.18,5.33,2665.96,184,34.1,6.84,193.1,2
East,2023,Corn,669.93,3.76,2518.94,338.8,25.5,6.36,148.4,4
South,2022,Rice,672.93,5.52,3714.57,355,32,6.06,75.1,6
South,2021,Corn,812.67,1.01,820.8,166.1,31.5,6.18,117.3,13
South,2020,Soybean,358.39,4.15,1487.32,128.7,33.8,6.06,186.6,4
East,2023,Soybean,793.3,3.06,2427.5,354.4,21.1,5.57,143.2,0
East,2021,Rice,496.17,3.53,1751.48,294.8,15.9,6.02,111.1,15
West,2021,Barley,703.16,4.72,3318.92,147.4,17.1,7.17,72.7,18
East,2020,Soybean,510.15,2.14,1091.72,267.3,26.4,6.96,158.9,1
East,2021,Rice,953.75,2.02,1926.58,361.7,25.6,6.74,91.5,17
North,2020,Soybean,261.37,4.52,1181.39,120.9,21,7.3,134.9,4
West,2023,Wheat,707.5,3.61,2554.07,125.1,20,6.03,140,10
South,2023,Rice,618.88,2.17,1342.97,182.1,29.2,6.66,133.3,15
East,2021,Corn,255.46,3.42,873.67,295.7,21.8,5.56,87,8
South,2020,Soybean,159.41,3.3,526.05,153.4,27.1,7.28,156.2,15
South,2022,Corn,819.23,4.46,3653.77,344.9,29.2,6.4,134.9,2
North,2023,Rice,241.71,1.01,244.13,325.1,23.6,5.86,110.6,2
East,2020,Soybean,267.86,3.93,1052.69,268.3,18.9,5.98,57.8,19
West,2020,Corn,980.59,4.03,3951.78,134.8,32.2,7.2,99.7,1
East,2020,Barley,745.53,4.73,3526.36,396.5,16.9,5.72,102.9,12
South,2021,Barley,325.44,5.45,1773.65,247,31.6,7.35,168.7,5
West,2022,Wheat,631.85,3.2,2021.92,235.6,31.7,6.25,127,13
East,2021,Rice,580.7,2.71,1573.7,398.7,26.4,6,189.8,8
South,2023,Corn,860.03,1.51,1298.65,359.2,27.6,6.16,162.6,17
South,2021,Wheat,756.39,2.68,2027.13,236.9,22.2,6.32,130.7,2
North,2020,Rice,848.55,1.34,1137.06,225.6,31.8,6.6,75.3,11
North,2021,Barley,290.36,5.01,1454.7,128.8,20.3,6.67,83.2,18
North,2020,Corn,676.2,5.04,3408.05,378,26.2,6.4,74,4
South,2022,Soybean,136.22,3.09,420.92,353.1,15,6.39,116.4,13
East,2021,Barley,162.05,2.3,372.72,193,33.8,6.07,158.4,7
North,2021,Soybean,742.17,1.59,1180.05,326,34,6.27,163.9,12
East,2021,Soybean,121.98,5.26,641.61,328.8,29.2,6.43,64.4,7
North,2020,Corn,621.79,5.39,3351.45,168.4,23.5,6.7,124.4,3
West,2020,Corn,856.36,2.33,1995.32,284.1,18.6,5.76,122.2,15
West,2021,Soybean,441.95,4.11,1816.41,176.5,24.8,7.03,115.8,2
North,2021,Wheat,140.36,2.29,321.42,337,30.8,6.86,95.2,4
South,2022,Soybean,742.46,2.13,1581.44,146.1,27.1,6.1,121.4,13
North,2022,Soybean,936.72,1.11,1039.76,300.7,25.5,6.42,127.5,14
North,2023,Corn,745.45,3.89,2899.8,197.8,32,7.39,140,6
South,2022,Rice,620.6,1.75,1086.05,110.9,21.3,5.54,106.6,0
West,2022,Barley,307.03,1.06,325.45,137.1,32.2,7.12,191.8,9
East,2022,Corn,113.84,1.52,173.04,296.5,23.8,6.52,100.8,7
North,2020,Wheat,725.2,2.57,1863.76,172,15,6.74,184.3,7
South,2022,Barley,307.92,4.35,1339.45,289.3,29.6,6.87,170.2,8
North,2022,Corn,872.35,2.01,1753.42,224.4,32.6,6.41,119.8,5
South,2021,Corn,519.73,5.44,2827.33,307.8,24.7,5.88,124.4,14
East,2020,Rice,577.57,2.44,1409.27,247.9,24.1,7.32,180.5,12
East,2023,Wheat,778.54,2.66,2070.92,192.6,31.1,6.98,123.9,8
West,2023,Wheat,801.49,2.09,1675.11,143.7,32.7,6.62,151.9,17
South,2022,Corn,678.39,2.27,1539.95,202.3,34.5,6.4,171.4,19
South,2023,Rice,944.59,1.37,1294.09,290.5,21.9,6.5,186.2,3
West,2023,Corn,984.07,2.47,2430.65,322.1,26.9,7.15,82.7,19
West,2023,Soybean,952.2,5.3,5046.66,148.1,31.5,5.53,196.3,16
South,2022,Soybean,841.76,4.44,3737.41,299.3,25.6,7.23,194.8,12
West,2023,Rice,735.06,5.38,3954.62,153.8,24.2,5.59,94.6,17
East,2022,Corn,696.99,1.52,1059.42,166.5,26.4,6.73,142.1,7
North,2021,Rice,193.38,3.28,634.29,259.4,22.1,6.17,57,9
East,2021,Corn,344.34,2.15,740.33,186.8,18.8,6.86,75.2,16
West,2023,Corn,105.12,4.61,484.6,298.5,16.3,5.67,137.6,7
South,2021,Soybean,223.67,5.85,1308.47,386.7,27.2,6.61,147.5,18
South,2022,Barley,495.31,5.08,2516.17,144.7,22.6,7.21,130.2,19
East,2021,Wheat,231.88,1.18,273.62,271.2,32.7,6.49,155.7,11
South,2023,Wheat,911.5,2.58,2351.67,377,19.5,5.67,168.9,7
West,2022,Rice,825.13,1.14,940.65,153,21.2,5.57,75.3,18
East,2020,Wheat,164.45,1.2,197.34,210.1,34.4,6.74,148.9,19
South,2022,Soybean,324.02,1.4,453.63,137.1,26.1,5.64,134.4,2
North,2021,Barley,837.16,2.38,1992.44,292.6,21.9,5.64,67.6,7
North,2020,Corn,822.74,2.52,2073.3,300.7,32.2,6.35,84.3,7
West,2022,Corn,950.91,3,2852.73,299.3,29.9,5.92,113,11
South,2020,Soybean,997.79,3.02,3013.33,262.6,26.5,5.91,179.6,14
West,2020,Wheat,978.64,4.86,4756.19,323.9,32.8,6.46,82.6,0
East,2020,Corn,469.12,1.71,802.2,110.8,16.9,6.06,77.4,13
North,2022,Wheat,325.3,1.79,582.29,387.3,22.9,5.94,158.1,0
East,2021,Soybean,782.57,4.13,3232.01,166.6,31.2,6.53,196.4,8
South,2022,Corn,369.35,3.86,1425.69,136.5,22.7,6.08,117.1,12
West,2021,Rice,825.76,1.77,1461.6,382.3,33.5,5.66,102.5,0
West,2022,Barley,580.56,5.26,3053.75,349.1,18.1,6.87,88.1,5
West,2022,Wheat,814.53,2.65,2158.5,329.5,21.7,6.67,57.5,13
East,2022,Wheat,348.29,2.83,985.66,131.4,23.5,5.92,76.8,6
North,2021,Wheat,557.22,3.1,1727.38,342.3,28.7,6.66,64,10
East,2022,Wheat,607.62,2.61,1585.89,282.7,18.9,7.41,124.1,6
East,2020,Soybean,948.8,3.79,3595.95,319.6,15.2,7.41,196.7,16
South,2022,Soybean,339.94,2.94,999.42,393.4,34.5,6.56,168.1,19
South,2020,Soybean,943.02,2.3,2168.95,158.3,33,5.7,140.3,6
South,2023,Soybean,824.37,5.52,4550.52,251.3,21,6.42,123,17
North,2023,Corn,757.8,2.54,1924.81,326,24.7,5.55,142.6,15
North,2021,Soybean,808.18,4.49,3628.73,230.1,24.8,6.33,106.4,5
South,2021,Corn,644.88,2.74,1766.97,116.4,32.4,7.32,76.8,1
South,2023,Rice,319.67,3.18,1016.55,133.4,26.9,6.43,138.5,19
North,2022,Soybean,270.55,2.18,589.8,280.6,31.5,6.6,129.2,1
West,2022,Rice,879.71,4.76,4187.42,185.5,33.2,5.82,191.7,14
North,2022,Soybean,752.63,4.69,3529.83,141.4,26.3,5.53,147.5,5
North,2023,Rice,291.88,1.11,323.99,202,20.7,7.49,166,10
North,2020,Barley,653.58,1.3,849.65,160.3,25,6.18,63.9,7
South,2021,Rice,502.79,5.61,2820.65,107.2,32,6.06,164.1,8
West,2020,Corn,242.79,5.44,1320.78,145.5,26.7,6.64,197.4,8
North,2023,Wheat,578.67,3.53,2042.71,364.9,32.9,6.99,148.6,13
South,2020,Rice,353.37,3.47,1226.19,103.6,32.9,6,161.3,12
East,2022,Wheat,186.62,5.06,944.3,332.2,22.5,6.55,196.9,14
East,2022,Barley,520.26,1.69,879.24,326,24,6.17,108.7,13
North,2020,Barley,631.1,4.27,2694.8,269.3,28.6,6.46,173.6,15
East,2023,Corn,142.22,3.38,480.7,162.5,17.2,5.82,110,15
West,2020,Corn,461.88,4.72,2180.07,363.4,24.3,6.52,113.9,18
East,2022,Rice,331.9,1.15,381.68,242.5,18,5.59,148.7,12
East,2022,Soybean,127.59,3.96,505.26,152,32,7.18,88.5,11
West,2023,Barley,213.1,3.78,805.52,228.7,33.9,6.76,198.9,8
North,2020,Wheat,225.13,5.2,1170.68,158.5,17.8,7.38,99.4,3
North,2022,Soybean,264.59,4.38,1158.9,212.8,28.3,6.7,68.4,7
West,2022,Barley,823.04,5.4,4444.42,249,27.7,5.86,98.4,11
West,2020,Rice,495.54,5.44,2695.74,208,30.2,6.47,178.4,0
West,2020,Barley,232.38,3.04,706.44,297.1,28.9,6.83,97.1,11
East,2021,Corn,190.27,1.69,321.56,380.8,19.3,6.25,141.7,7
West,2023,Wheat,368.15,4.15,1527.82,204.4,20.8,6.61,190.3,3
South,2023,Wheat,818.21,5.37,4393.79,206.7,18.3,5.83,89,9
East,2020,Corn,428.01,1.37,586.37,321.5,33.4,7.05,69.7,0
North,2023,Soybean,243.91,3.79,924.42,259.2,25.4,7.32,64.5,19
North,2022,Corn,463.7,1.57,728.01,228.7,34.5,6.13,116.1,2
North,2020,Wheat,599.78,1.13,677.75,344.1,24,7.09,65.6,14
East,2020,Rice,126.63,4.4,557.17,367.3,26.1,5.68,118.1,1
South,2020,Soybean,664.88,4.41,2932.12,277.2,30.8,5.99,179.4,9
West,2021,Barley,455.59,4,1822.36,155.5,30.9,6.42,166.6,7
West,2023,Rice,108.75,5.3,576.38,239.9,19.6,6.27,137.3,13
North,2021,Soybean,706.5,1.4,989.1,251.3,20.8,6.74,177.6,12
North,2022,Wheat,741.15,1.53,1133.96,229.7,17,6.63,65,12
East,2023,Wheat,665.96,5.32,3542.91,178.7,31.1,5.67,141.4,7
South,2021,Rice,407.74,3.52,1435.24,241.7,30.9,5.76,67.3,4
West,2020,Soybean,576.64,2.37,1366.64,234,16.6,5.6,122.3,1
East,2021,Barley,448.44,4.69,2103.18,162.8,20.1,7.41,119.5,5
West,2020,Barley,730.56,5.47,3996.16,371,24,6.79,89.8,7
North,2021,Corn,625.22,4.45,2782.23,365.6,25.8,7.21,174.5,11
West,2021,Rice,173.62,4.96,861.16,327.9,25.5,6.58,84.2,9
South,2021,Soybean,678.78,2.41,1635.86,220.3,34.7,5.89,132.8,17
South,2020,Rice,718.51,2.44,1753.16,211.1,30.3,6.75,122.3,6
North,2021,Barley,433.63,5.32,2306.91,314.9,17.3,6.51,114.7,8
South,2023,Soybean,888.21,4.07,3615.01,282.4,20.9,6.32,55,9
South,2023,Wheat,858.71,2.17,1863.4,280.2,21.9,6.24,154.5,19
East,2023,Wheat,257.65,3.62,932.69,137.2,21.3,6.8,51.9,5
West,2020,Soybean,913.84,4.43,4048.31,285.5,30.7,6.74,173.1,6
North,2020,Rice,496.79,2.09,1038.29,370.6,22.2,5.8,90,11
North,2023,Rice,751.37,4.27,3208.35,125.7,24.8,7.13,68,6
North,2023,Wheat,832.69,1.21,1007.55,201.8,25.7,6.77,112.6,12
North,2023,Wheat,554.6,2.52,1397.59,252.7,20.4,6.57,133.9,17
North,2022,Barley,459.19,4.37,2006.66,305.8,21.5,7,96.6,4
South,2023,Soybean,923.91,1.75,1616.84,126.9,30.6,5.81,68.3,16
East,2021,Rice,307.77,2.11,649.39,361.8,32.3,7.34,52.7,14
North,2022,Barley,331.27,5.4,1788.86,112.2,15.7,6.04,155.6,1
East,2022,Rice,425.46,4.37,1859.26,357.3,27.1,6.03,183,4
East,2020,Wheat,873.52,3.49,3048.58,108.3,27.7,7.13,65.1,15
South,2021,Soybean,944.91,2.05,1937.07,146.1,29.7,6.17,84.6,0
North,2020,Corn,298.06,2.71,807.74,340.1,28.9,7.16,53,8
South,2020,Soybean,877.48,3.87,3395.85,358,32.5,6.16,182.8,3
North,2021,Corn,332.38,1.78,591.64,394.7,16.6,6.6,116.7,0
South,2020,Barley,973.58,3.41,3319.91,134.7,22.8,5.96,188.8,10
East,2021,Corn,637.67,3.04,1938.52,257.9,30.6,6.96,120.2,4
North,2021,Corn,106.38,3.38,359.56,123.1,31.9,5.83,179.3,9
West,2020,Barley,130.72,1.53,200,146.9,20.3,7.3,192.8,8
East,2023,Soybean,232.74,1.53,356.09,152.3,26.7,6.24,100.3,6
West,2020,Barley,268.82,5.82,1564.53,119,18.6,6.44,146.1,18
East,2022,Wheat,790.86,5.9,4666.07,367.9,32,5.55,150,11
South,2020,Wheat,300.49,3.13,940.53,137.9,29.6,7.45,53.2,17
North,2021,Corn,972.23,4.94,4802.82,288.8,19.4,7.13,115.7,3
East,2022,Barley,672.5,4.28,2878.3,287.7,27.5,6.39,178.3,11
South,2021,Barley,723.27,1.58,1142.77,159.6,25.2,7.34,191.9,3
North,2023,Barley,296.03,2.48,734.15,399.5,20.2,7.36,184.9,2
North,2023,Soybean,903.44,2.57,2321.84,204.2,32.9,6.57,195.9,16
East,2022,Rice,701.03,3.98,2790.1,371.5,18,5.97,148,17
North,2023,Rice,877.97,3.9,3424.08,384.5,24.3,6.47,84.9,8
East,2023,Rice,960.83,5.62,5399.86,384.7,26.7,6.15,136.3,13
North,2020,Soybean,213.08,4.95,1054.75,325.9,31.5,6.4,113.2,12
West,2020,Barley,186.93,5.28,986.99,176.1,18,7.32,88.8,4
South,2023,Rice,823.07,5.46,4493.96,136.2,27.2,6.06,165.9,14
West,2023,Barley,879.51,5.01,4406.35,271,15.1,7.18,144.4,4
East,2020,Corn,625.39,2.66,1663.54,208,31.5,7.37,168.5,11
West,2023,Rice,429.4,2.08,893.15,349.3,19.7,7.11,90.4,9
East,2023,Corn,687.37,3.86,2653.25,323.5,29.4,6.55,185.6,0
North,2021,Soybean,375.1,4.45,1669.2,182.9,27,6.63,85.8,2
North,2023,Wheat,314.55,2.93,921.63,105.1,16,7.14,140.3,18
East,2022,Soybean,539.33,5.24,2826.09,171.2,18.7,5.59,58.5,1
West,2021,Soybean,294.54,5.8,1708.33,270.1,20.4,6.97,131.1,4
North,2022,Soybean,535.33,3.85,2061.02,123.7,32.7,6.56,64.8,0
South,2023,Rice,960.95,3.28,3151.92,297.5,24.6,6.29,99.8,14
North,2020,Corn,855.81,5.21,4458.77,301.5,33.3,7.03,179.1,0
South,2021,Rice,947.47,1.12,1061.17,150.8,15.9,6.03,184,19
West,2020,Wheat,825.7,1.65,1362.4,278.9,15.1,7.29,165.1,8
South,2021,Soybean,419.28,5.23,2192.83,282.1,34,6.88,105.2,2
South,2020,Barley,830.84,4.66,3871.71,243.4,29.5,6.72,136.8,15
South,2021,Wheat,930.62,3.08,2866.31,386,30.7,6.55,83.6,7
South,2021,Corn,952.33,5.44,5180.68,132.4,33.3,5.93,151.8,7
North,2022,Wheat,714.88,2.76,1973.07,222,34.7,6.73,102.1,14
South,2020,Rice,290.23,4.17,1210.26,364.9,17,6.95,83.1,11
North,2022,Barley,135.76,4.17,566.12,215.9,18.2,5.52,137.7,16
South,2022,Rice,232.48,1.92,446.36,227.4,18.8,6.23,66.8,10
East,2020,Soybean,968.99,2.42,2344.96,300.5,31.4,7.16,153,3
West,2021,Soybean,515.89,5.58,2878.67,299.7,22.1,6.76,78.1,16
South,2022,Wheat,869.49,1.92,1669.42,106.9,26.9,6.73,133,10
East,2020,Soybean,518.54,1.87,969.67,236.7,32.1,5.96,108.9,7
South,2021,Soybean,694.74,3.4,2362.12,200.1,28.7,6.76,134.9,18
South,2022,Corn,121.73,1.46,177.73,288.3,16.3,7.07,86.9,19
South,2022,Corn,324.88,5.47,1777.09,266.7,23.9,6.3,96.6,16
East,2022,Rice,492.64,1.5,738.96,295.3,16.4,5.86,71,7
West,2021,Rice,667.57,4.08,2723.69,296.1,24.6,5.65,166.5,7
East,2022,Corn,254.37,2.7,686.8,176.5,19.4,6.51,60.5,6
West,2021,Wheat,788.1,5.02,3956.26,173.9,15,6.87,106.5,18
South,2023,Corn,427.96,3.95,1690.44,211.1,31.3,5.83,117.4,1
North,2022,Rice,835.69,2.94,2456.93,172.6,34.4,6.34,79.3,12
South,2023,Barley,188.17,5.92,1113.97,304.8,34.3,6.64,107.7,3
West,2020,Soybean,711.78,1.33,946.67,280.9,21,5.81,112.7,17
East,2022,Barley,364,3.89,1415.96,164.9,31.6,6.04,83.6,12
South,2020,Barley,815.84,5.95,4854.25,365.2,28.6,6.72,145.9,0
East,2020,Soybean,461.95,4.45,2055.68,238.2,31,6.95,54.6,2
East,2020,Corn,698.81,4.7,3284.41,138.1,31.9,6.77,79.6,2
East,2023,Wheat,940.87,1.16,1091.41,163.9,34.6,6.93,143.6,15
South,2021,Barley,118.56,1.11,131.6,262,18,6.66,144.1,0
East,2023,Wheat,110.01,1.18,129.81,201.5,30.4,7.17,89.8,15
East,2023,Rice,793.25,5.96,4727.77,355.4,29.7,7.15,152.5,16
South,2020,Barley,681.75,5.9,4022.32,248.4,20.8,7.09,120.5,2
East,2022,Rice,363.68,2.67,971.03,374.6,22.9,6.65,129.1,14
South,2021,Corn,544.96,2.45,1335.15,130.5,18.5,7.49,99.9,13
West,2020,Barley,137.74,1.73,238.29,300.6,33.3,5.58,197.6,10
West,2021,Rice,273.2,2.65,723.98,365.7,32.6,5.89,160.6,12
West,2023,Rice,482.05,2.85,1373.84,187.9,27.3,7.12,87.3,4
East,2021,Corn,850.64,4.74,4032.03,140.7,25.2,7.15,85.5,11
North,2021,Wheat,531.7,5.33,2833.96,237,19.7,7.14,166.1,16
North,2022,Wheat,627.73,4.73,2969.16,388.4,30.8,7.25,108.2,5
East,2020,Barley,886.38,4.23,3749.39,290,15.2,6.35,63.7,16
North,2021,Corn,377.94,4.83,1825.45,293.2,24.3,7.36,55.3,16
South,2021,Barley,730.63,4.69,3426.65,301.5,32.2,5.92,112.1,9
North,2023,Wheat,875.5,3.38,2959.19,111.9,27.4,7.37,112.2,7
East,2023,Corn,282.35,2.68,756.7,233.7,27.7,6.61,156,17
East,2021,Soybean,420.83,2.41,1014.2,123.3,16.4,5.83,136.2,9
South,2020,Corn,981.83,4.4,4320.05,194.8,20.7,6.97,165.5,0
West,2021,Corn,984.9,5.8,5712.42,346.5,28.5,6.09,97.7,4
East,2021,Soybean,300.91,3.91,1176.56,296.9,16,5.94,143.6,17
South,2022,Rice,159.8,5.56,888.49,398.7,21.6,5.84,182.9,0
North,2020,Rice,343.83,1.07,367.9,151.6,22.1,5.56,60.4,8
North,2022,Rice,457.96,4.97,2276.06,219.1,25,7.03,156.3,17
South,2020,Wheat,496.91,5.27,2618.72,342.9,22.2,6.47,157.4,4
South,2020,Corn,656.93,4.15,2726.26,164.7,24.1,7.46,169.1,9
East,2020,Soybean,909.55,5.67,5157.15,146.1,25.9,6.38,90.4,13
North,2022,Wheat,397.31,3.95,1569.37,228.3,17.6,7.19,112.5,11
South,2022,Soybean,864.99,2.2,1902.98,215.1,18.6,7.44,86,6
North,2022,Wheat,184.13,2.08,382.99,394.1,31.7,5.54,96.3,12
South,2023,Wheat,137.69,3.78,520.47,236.9,24.2,5.71,195.3,3
North,2022,Wheat,553.64,5.53,3061.63,358.3,22.1,6.2,116.8,18
West,2023,Soybean,153.7,1.36,209.03,366.4,23.7,7.24,177.3,17
East,2023,Barley,453.24,4.02,1822.02,147.4,18.5,7.18,169.2,14
North,2023,Wheat,907.1,4.85,4399.43,314.6,19.8,6.23,116.7,14
West,2021,Rice,317.33,1.58,501.38,183.3,25.3,5.9,198.8,0
North,2021,Corn,735.38,1.58,1161.9,128.4,22.2,7.1,176.1,15
North,2021,Barley,372.13,2.83,1053.13,362.4,24.5,6.69,122.4,3
West,2023,Barley,140.43,2.37,332.82,187.7,18,5.56,96.5,18
North,2023,Soybean,601.02,1.99,1196.03,203.6,18.1,7.11,61.3,2
North,2020,Barley,851.37,1.99,1694.23,197.2,22.7,7.41,119.7,4
East,2023,Soybean,468.52,1.65,773.06,160.1,22.6,5.58,104,1
West,2021,Soybean,655.56,4.05,2655.02,230.4,32.7,6.07,156.7,9
West,2023,Rice,910.02,4.44,4040.49,228.5,15.7,7.14,53,8
South,2023,Wheat,810.73,4.51,3656.39,222.6,34.9,6.67,174.7,11
North,2020,Barley,274.49,3.66,1004.63,374.9,34.1,7.48,112.5,13
East,2023,Wheat,760.05,5.76,4377.89,201.9,25.8,7.33,120.5,14
North,2022,Wheat,551.7,5.4,2979.18,109.1,29.4,5.86,77.4,0
North,2020,Wheat,771.37,5.79,4466.23,153.5,33.7,6.85,190.6,15
South,2023,Soybean,545.06,2.94,1602.48,316.4,20,6.81,109.8,5
North,2023,Wheat,215.16,5.39,1159.71,277.3,21.3,5.72,176.4,4
East,2020,Barley,612.92,4.81,2948.15,385.5,17.2,5.68,85.6,18
East,2023,Soybean,542.92,2.7,1465.88,308.3,26.3,6.64,64.5,14
South,2021,Barley,566.13,1.53,866.18,158.3,18.2,6.31,145.4,0
North,2022,Soybean,891.01,4.41,3929.35,136.2,33.6,6.59,197.7,16
East,2022,Corn,905.35,1.68,1520.99,256.2,23.6,5.98,147,6
North,2021,Corn,508.18,2.47,1255.2,299.6,33.4,6.61,141.3,7
North,2023,Corn,510.16,3.5,1785.56,149.7,19.1,6.27,116.3,2
North,2023,Corn,563.67,4.4,2480.15,280.5,28.9,7.28,92.6,6
South,2022,Soybean,567.63,5.63,3195.76,359.5,28,6.11,114.6,7
North,2023,Wheat,955.35,3.97,3792.74,318.3,23,7.24,72.3,18
East,2022,Rice,684.46,4.36,2984.25,299.3,33,6.28,89.3,11
North,2022,Rice,349.71,2.55,891.76,336.8,23.7,6.66,123.1,9
East,2021,Corn,578.38,4.44,2568.01,131.2,19,6.07,71.7,4
North,2022,Wheat,664.5,3.19,2119.76,161.1,34.5,7.12,168.7,4
East,2023,Barley,675.79,5.28,3568.17,111.4,23.8,7.19,51.7,11
East,2023,Wheat,626.73,2.96,1855.12,143.5,19.2,7.12,98.2,12
North,2020,Barley,259.96,3.34,868.27,374,22.3,6.78,127.5,0
North,2023,Rice,130.23,3.16,411.53,166.6,27.3,6.11,189.3,16
East,2020,Wheat,404.06,5.06,2044.54,298.6,25.2,6.77,136,18
West,2022,Wheat,484.77,5.77,2797.12,307.5,27.7,7.42,94.2,1
South,2023,Rice,155.62,2.64,410.84,293.6,28.2,6.8,102.8,17
West,2021,Wheat,833.47,3.38,2817.13,266.2,17.5,7.41,100.9,19
West,2021,Barley,409.67,4.53,1855.81,245.8,21.3,6.11,77.1,10
North,2021,Wheat,922.27,5.48,5054.04,226,30,7.19,71.7,13
South,2022,Barley,238.97,3.47,829.23,375.1,28,6.94,122.1,14
West,2022,Corn,151.24,1.54,232.91,102.9,16.8,7.14,90.5,11
North,2020,Wheat,534.08,2.84,1516.79,116,21.3,6.92,63.8,5
West,2021,Barley,270.22,3.75,1013.32,247.8,33.6,6.46,82.5,4
West,2020,Rice,943.66,3.09,2915.91,199.2,32.2,6.87,128.1,13
North,2020,Corn,109.27,1.93,210.89,222.5,28.4,7.36,88.5,5
North,2023,Wheat,471.36,1.18,556.2,399.4,16.5,6.34,85.7,2
North,2023,Barley,934.07,4.44,4147.27,332.5,27.1,7.4,143.1,5
South,2021,Wheat,445.98,5.96,2658.04,363.2,15.2,5.6,153.4,13
West,2022,Barley,183.8,5.6,1029.28,210.6,28.2,5.53,86.2,19
North,2023,Wheat,372.61,4.42,1646.94,171.9,29.6,6.49,120.8,17
East,2022,Corn,548.21,5.21,2856.17,330.4,24.9,7.2,164.7,16
West,2020,Corn,266.64,2.28,607.94,342.3,15.1,6,153.5,8
East,2020,Wheat,519.91,4.11,2136.83,265,28.3,6.89,60.4,7
South,2020,Wheat,852.71,1.3,1108.52,368.8,31.4,6.59,104,3
North,2020,Soybean,885.36,4.54,4019.53,390.2,26.7,6.08,158.5,9
East,2021,Wheat,144.33,5.85,844.33,241.3,29.2,6.07,76.9,16
South,2020,Wheat,244.81,5.3,1297.49,166.8,16.8,5.65,79.4,19
North,2023,Corn,347.76,3.67,1276.28,255.1,29.3,6.57,144.5,4
East,2020,Wheat,635.38,4.94,3138.78,396.9,27.3,6.4,92.6,16
East,2022,Rice,424.9,5.72,2430.43,187.9,21.6,6.08,98.6,13
South,2023,Wheat,859.64,2.08,1788.05,285.3,28.7,7.44,128.4,11
North,2022,Soybean,745,4.97,3702.65,308.2,27.9,7.14,162.6,6
North,2022,Barley,190.41,2.35,447.46,164.2,27,6.55,124.7,14
East,2021,Corn,662.1,5.38,3562.1,276.5,18.7,6.54,184,14
East,2021,Rice,201.71,1.49,300.55,194.4,20.9,5.89,66,11
East,2022,Barley,329.53,1.89,622.81,356.3,34.8,6.8,163.1,0
North,2022,Rice,260.08,4.6,1196.37,314.4,23.7,7.41,131.5,7
South,2020,Corn,255.76,1.87,478.27,347.9,16.2,7.3,172.5,19
South,2023,Soybean,654.76,1.79,1172.02,159.9,33,5.67,97.5,5
North,2020,Corn,607.24,3.78,2295.37,110.4,18.5,5.61,122.3,19
West,2021,Rice,258.43,5.17,1336.08,355.2,23.1,7.42,173.5,1
South,2021,Rice,991.16,2.34,2319.31,216,20.6,5.9,174.8,17
East,2020,Corn,479.65,5.21,2498.98,153.9,34.3,6.6,106.4,2
West,2023,Wheat,187.36,5.04,944.29,127.6,22.6,5.65,173.3,19
West,2022,Corn,208.51,3.9,813.19,255,29.2,7.19,152.4,2
South,2020,Soybean,625.5,4.23,2645.86,145,27,5.74,111.4,18
West,2021,Corn,981.16,1.2,1177.39,270,15.9,6.79,195.5,5
West,2023,Barley,614.76,2.84,1745.92,318.2,22.7,5.61,54.6,10
South,2021,Wheat,954.14,2.32,2213.6,260.5,22.8,5.81,107.4,12
South,2023,Barley,499.72,1.75,874.51,371.1,34.8,6.52,96,5
West,2023,Corn,492.26,2.95,1452.17,146.7,31.2,5.59,190.4,17
East,2023,Wheat,550.01,2.77,1523.53,248.2,32.1,5.89,64.9,14
North,2020,Barley,727.68,4.64,3376.44,149,21.3,5.77,144.2,13
West,2020,Barley,430.85,3.99,1719.09,362.8,21.6,5.58,157.5,13
West,2020,Wheat,877.5,5.57,4887.68,379.7,25.3,7.44,77.6,0
East,2023,Wheat,126.35,1.73,218.59,220,27.6,6.4,72.5,16
West,2023,Rice,495.79,1.3,644.53,191.7,29.6,7.22,57.2,13
West,2021,Wheat,559.89,3.67,2054.8,183.8,31.4,6.22,73.8,12
North,2022,Corn,646.33,1.01,652.79,357.9,32.5,5.59,171.2,9
North,2020,Soybean,348.46,4.94,1721.39,304.7,15.5,6.89,191.6,5
North,2023,Rice,484.73,3.53,1711.1,364.2,30.9,5.58,185.2,0
South,2021,Wheat,536.08,3.44,1844.12,135.3,27.2,6.61,104.8,4
South,2021,Soybean,718.22,2.81,2018.2,242.8,25.6,5.78,158.9,15
North,2021,Rice,796.19,2.87,2285.07,302.9,27.6,6.84,174.1,19
North,2020,Corn,764.04,3.16,2414.37,369.1,32.6,7.29,171.9,15
South,2020,Soybean,407.42,1.08,440.01,214.6,25.9,7.41,59.4,7
East,2022,Wheat,999.51,1.42,1419.3,193.9,18.2,6.56,82.2,16
West,2021,Wheat,863.8,3.53,3049.21,373.9,23.7,6.57,190.8,17
West,2020,Corn,334.02,1.75,584.54,114.3,33.5,5.58,161,17
North,2021,Rice,275.6,4.89,1347.68,243.9,31.3,7.04,175.2,8
East,2023,Soybean,382.62,2.37,906.81,237.6,19.1,7.41,127.1,5
South,2021,Corn,507.11,1.49,755.59,143.8,29.3,6.38,109,9
North,2022,Rice,865.72,2.18,1887.27,218.5,20.1,7.09,147.7,8
East,2020,Barley,800.53,2.79,2233.48,316.8,22,7.09,120.9,14
East,2023,Barley,866.12,1.18,1022.02,210.1,24.4,7.07,106.1,19
East,2020,Rice,344.76,1.71,589.54,192.9,23.8,7.02,102.2,13
South,2023,Wheat,634.12,2.62,1661.39,334.6,15.6,5.93,73.7,13
South,2021,Wheat,354.92,2.55,905.05,396.6,30.5,7,129.4,8
West,2021,Barley,198.12,5,990.6,333.8,31.9,5.79,128,8
West,2022,Wheat,715.78,5.22,3736.37,353.9,25.6,6.93,138.6,0
East,2022,Wheat,228.7,1.97,450.54,381.9,18.5,5.51,67.4,9
East,2023,Rice,700.93,1.62,1135.51,340.5,20,7.34,187.2,9
South,2022,Rice,683.17,4.17,2848.82,394.1,17.5,7.15,161.3,6
West,2022,Wheat,829.22,5.02,4162.68,324.2,18.4,6.87,69.6,4
East,2022,Rice,225.6,5.82,1312.99,298.5,32.5,5.69,61.9,17
West,2022,Soybean,805.13,1.03,829.28,308,24.6,7.15,146.4,0
West,2021,Barley,999.35,3.07,3068,370,17.2,7.25,101.2,16
East,2022,Soybean,865.94,4.67,4043.94,304.9,20.1,6.88,97.9,17
South,2021,Soybean,776.63,5.14,3991.88,328.4,34,7.45,176,19
East,2021,Wheat,695.95,1.31,911.69,164.8,25.2,5.69,101.8,11
East,2020,Wheat,479.6,4.4,2110.24,373.8,25.3,6.92,144.8,8
West,2021,Soybean,757.45,2.44,1848.18,234.2,25.5,6.55,130.6,8
East,2021,Soybean,751.76,1.37,1029.91,148.3,17.2,5.79,89.4,16
South,2022,Corn,668.35,3.45,2305.81,339.9,34.4,6.82,99.7,12
East,2021,Corn,816.65,1.79,1461.8,206.9,16.7,7.1,191.5,16
South,2023,Barley,503.89,4.69,2363.24,155.2,29,5.83,99.7,1
South,2022,Soybean,209.13,4.71,985,176.9,16.2,7.09,167.6,6
West,2022,Rice,603.16,5.21,3142.46,110.5,23.9,5.69,179.2,15
North,2022,Corn,338.54,2.89,978.38,127.2,33,6.68,60.7,14
North,2020,Wheat,445.99,1.07,477.21,277.8,30.4,7.1,149.5,12
West,2022,Soybean,115.67,2.3,266.04,359.9,21.7,5.79,162.4,12
East,2021,Rice,444.51,3.34,1484.66,234.6,26,6.64,115.1,14
West,2023,Rice,827.92,4.47,3700.8,287.8,18.3,6.35,135.4,19
South,2022,Rice,588.45,2.91,1712.39,342.9,34.1,6.71,74.3,12
North,2022,Wheat,108.82,3.68,400.46,207,29.2,6.35,97.8,9
West,2023,Corn,522.86,3.62,1892.75,296.3,22.5,6,156.2,16
East,2022,Rice,362.31,1.82,659.4,205.1,21.4,6.01,140.4,8
West,2020,Corn,529.8,4.12,2182.78,292.8,19.8,7.23,70.5,9
North,2021,Barley,464.22,3.2,1485.5,165.3,30.7,5.81,198.2,14
West,2023,Wheat,938.78,5.04,4731.45,393.4,23.7,5.75,190.7,0
West,2023,Corn,137.06,4.45,609.92,122.9,21.6,5.69,83.6,3
North,2020,Corn,715.23,1.56,1115.76,251.6,33.1,5.65,181.3,15
South,2021,Rice,865.92,3.44,2978.76,185.9,18,5.53,90.1,10
South,2020,Rice,963.31,4.51,4344.53,280.3,20.3,5.82,134.6,5
North,2021,Wheat,259.87,1.44,374.21,228.5,21.9,5.89,167.3,8
West,2020,Corn,578.17,4.96,2867.72,192,20.2,6.04,101.6,15
North,2022,Soybean,139.23,2.11,293.78,175,26.7,5.75,133.3,3
South,2020,Rice,549.27,3.52,1933.43,154.7,27,5.69,117.6,13
East,2023,Rice,212.91,5.7,1213.59,334.9,16.1,6.58,164,10
West,2023,Barley,854.11,3.86,3296.86,166.7,17.9,6.94,121.8,10
South,2023,Wheat,202.48,3.12,631.74,332.1,19,6.76,135,2
West,2020,Corn,561.96,1.03,578.82,245.5,16.4,6.61,176.8,0
North,2023,Corn,568.99,1.67,950.21,121.7,17.5,6.38,154.8,11
East,2023,Corn,974.49,3.89,3790.77,149.6,19.8,6.77,129.1,15
North,2022,Rice,689.48,3.47,2392.5,367.9,21.9,7.3,119.2,7
East,2022,Wheat,359.06,2.82,1012.55,280.8,30.8,6.75,69,0
West,2021,Corn,316.72,5.62,1779.97,155.3,19.4,5.62,58.5,1
West,2021,Soybean,215.42,2.66,573.02,311.1,28.4,6.64,192.9,11
North,2021,Barley,780.86,3.69,2881.37,347,16.2,6.55,78,13
East,2020,Barley,721.68,3.84,2771.25,199.2,28.2,6.4,91.5,19
East,2021,Corn,648.89,3.64,2361.96,267,30.9,6.64,141.6,16
West,2020,Rice,136.76,3.39,463.62,188,27.1,6.85,174.2,6
North,2020,Barley,786.55,2.69,2115.82,124,19,5.57,175,1
East,2021,Barley,677.7,5.54,3754.46,219.9,21.6,6.46,174.4,12
West,2021,Barley,967.5,3.25,3144.38,325.4,31.1,7.13,196.7,12
South,2020,Barley,628.48,3.64,2287.67,237.6,23.6,6.56,58.4,5
North,2022,Corn,373.56,4.28,1598.84,221.6,20.1,5.64,110,11
South,2023,Wheat,443.37,1.34,594.12,209.8,33.7,7.05,187,15
North,2023,Wheat,258.26,4.91,1268.06,237.7,27.7,7.38,120.1,2
West,2023,Rice,750.62,3.56,2672.21,195.5,31.1,7.2,180.7,11
East,2022,Soybean,736.95,4.29,3161.52,283.7,15.5,6.23,52.6,15
East,2020,Wheat,280.59,4.86,1363.67,119.1,21.8,6.57,125.7,8
East,2021,Soybean,242.64,5.37,1302.98,342.2,24.2,6.68,188.4,12
North,2020,Wheat,169.3,2.96,501.13,152,26.7,6.93,89.2,11
West,2020,Wheat,920.78,5.06,4659.15,290,18.8,6.83,189.4,14
South,2021,Rice,309.76,2.29,709.35,235,25,5.9,51.3,3
West,2022,Barley,409.75,4.3,1761.92,332,28.7,7.19,61.8,16
South,2023,Rice,352.45,1.51,532.2,347.8,21.9,7.2,121.5,9
North,2023,Wheat,472.26,1.1,519.49,161.3,28.8,6.31,66,15
North,2020,Barley,742.64,1.48,1099.11,303.2,22.8,5.76,83.8,11
South,2022,Barley,883.54,2.6,2297.2,157,24.4,6.72,94.6,5
South,2023,Barley,264.34,1.16,306.63,137.2,17.7,6.21,122.2,15
South,2022,Soybean,717.77,4.15,2978.75,379.1,28,6.98,108.6,11
West,2021,Wheat,417.31,2.58,1076.66,149.3,19.5,6.13,188.3,5
South,2020,Corn,982.47,4.68,4597.96,168.4,31.6,6.03,182.9,14
North,2020,Rice,369.03,1.23,453.91,139.1,26.1,7.24,162.2,3
North,2022,Soybean,106.47,2.08,221.46,241.1,26.2,6.73,148.9,4
East,2023,Rice,564.08,3.04,1714.8,375.9,33.2,5.67,80.7,16
South,2022,Corn,235.66,2.91,685.77,179.2,18.3,6.88,140.3,3
West,2021,Barley,140.04,1.65,231.07,262.6,25.6,7.01,72.1,10
West,2023,Corn,728.44,5.97,4348.79,223.4,22.6,5.97,117.9,18
West,2023,Rice,759.03,2.42,1836.85,200.8,34.3,7.44,119.2,13
East,2022,Corn,514.63,4.61,2372.44,271.6,30.9,6.25,153.5,5
North,2021,Wheat,709.2,2.1,1489.32,267.7,30.2,7.38,175.3,9
West,2023,Corn,584.42,5.39,3150.02,207.8,19.1,6.09,98.1,9
North,2020,Wheat,666.82,2.94,1960.45,355.2,19.7,6.72,56.2,17
East,2021,Corn,637.03,5.5,3503.66,116,15.6,6.54,57,16
South,2023,Wheat,699.24,2.71,1894.94,125.6,27.8,7.48,181.2,1
South,2022,Wheat,279.67,1.04,290.86,397.2,22.4,6.32,122.9,12
South,2023,Corn,341.84,3.59,1227.21,324.3,21.2,5.86,87.2,11
West,2020,Soybean,495.97,3.62,1795.41,341.2,27.7,7.17,54.8,4
South,2021,Barley,501.52,1.6,802.43,280.8,31.6,5.58,129.3,7
West,2023,Barley,796.97,2.17,1729.42,226,17.7,7.27,70.6,3
East,2020,Barley,430.65,4.92,2118.8,288.8,33.4,5.72,112.6,2
East,2023,Wheat,246.25,1.18,290.58,127.8,15.7,6.64,127.4,3
West,2023,Barley,326.32,3.45,1125.8,327.3,16.9,6.93,84.4,8
North,2021,Wheat,293.26,3.65,1070.4,262.2,31.8,6.17,79.8,7
South,2022,Soybean,758.49,4.44,3367.7,387,24.9,7.19,53,10
South,2022,Corn,523.31,1.19,622.74,291.2,33.8,6.69,137.8,14
South,2020,Corn,737.77,3.93,2899.44,145.5,24.2,6.29,80.1,10
West,2020,Wheat,474.6,1.02,484.09,243.3,33.5,6.15,181.7,15
East,2020,Wheat,900.76,2.33,2098.77,117.3,19.8,5.72,140.6,5
South,2021,Soybean,985.17,3.5,3448.1,323.6,27.3,6.78,133.5,14
East,2022,Barley,702.86,5.56,3907.9,250.5,34.9,6.23,125.7,13
South,2020,Soybean,877.43,1.63,1430.21,210.9,22.5,6.14,82.3,15
South,2020,Corn,557.14,1.85,1030.71,390.6,15,7.4,195.4,13
West,2023,Corn,941.16,4.35,4094.05,382.2,16.3,6.05,195.1,3
North,2023,Barley,848.43,2.87,2434.99,385.8,32.2,7.25,98.2,9
West,2020,Corn,992.6,4.12,4089.51,166.3,24.8,7.45,166.4,14
South,2023,Wheat,660.78,5.99,3958.07,318.6,25.7,7.15,67.9,8
South,2023,Corn,801.29,5.93,4751.65,383.6,31,5.54,167.1,13
North,2023,Rice,588.58,2.77,1630.37,271.3,31.2,7.24,92.9,18
East,2021,Barley,333.21,3.52,1172.9,164.2,24.5,5.93,93.4,12
East,2020,Barley,419.28,5.52,2314.43,345.3,32.2,6.21,126.1,18
South,2020,Barley,904.6,1.46,1320.72,364,24.4,7.48,108.8,4
East,2023,Rice,150.35,3.26,490.14,311,28.5,6.31,67.7,6
South,2021,Soybean,632.33,2.89,1827.43,188.1,15.7,6.81,139,19
North,2023,Wheat,435.24,2.47,1075.04,157.2,17.8,6.12,82.1,2
North,2021,Barley,448.02,5.97,2674.68,287.3,32,6.24,116.7,6
South,2020,Corn,896.11,4.67,4184.83,244.8,21.3,6.7,84.7,13
North,2023,Wheat,868.44,2.94,2553.21,300.6,21.7,7.4,178.6,4
West,2020,Corn,638.96,5.15,3290.64,133.5,28.3,6.06,100.7,15
West,2021,Wheat,345.63,3.45,1192.42,140.8,26.9,5.99,183.1,19
North,2022,Wheat,527.91,5.36,2829.6,208.9,16.6,5.55,98.9,0
South,2021,Corn,467.46,2.33,1089.18,177.6,30.3,5.9,76.9,14
South,2022,Corn,418.26,2.12,886.71,285.8,27.3,6.02,136.5,11
North,2020,Wheat,192.51,2.24,431.22,210.3,32.1,5.63,133.3,13
East,2020,Barley,588.8,3.69,2172.67,305.2,25.7,6.63,142.8,15
West,2023,Corn,371.65,2.46,914.26,330.6,23.3,5.75,95.3,15
East,2022,Rice,694.73,1.74,1208.83,156.2,22.4,6.52,98,3
South,2021,Rice,387.28,5.97,2312.06,375.9,15.1,5.88,85.6,1
South,2020,Wheat,488.05,5.5,2684.28,336.1,15.8,7.37,189.3,6
East,2022,Soybean,147.12,4.18,614.96,288,17.6,6.11,152.4,4
North,2021,Wheat,993.28,5.46,5423.31,372.7,33.6,5.69,163.4,6
East,2022,Wheat,556.85,5.68,3162.91,179.8,32.6,7.17,79.1,1
East,2021,Barley,121.81,4.38,533.53,226.5,24.9,6.3,149.2,11
West,2021,Barley,587.11,3.59,2107.72,125.7,18.6,7.14,164.4,0
West,2021,Soybean,883.32,5.41,4778.76,236.9,17.9,6.12,101.4,2
East,2021,Soybean,795.3,3.84,3053.95,251.9,20.1,6.5,73.7,0
East,2022,Soybean,730.82,1.63,1191.24,284.8,33.2,6.39,154.6,2
South,2022,Soybean,225.52,2.83,638.22,119.2,25.4,6.62,141.7,15
West,2023,Soybean,691.96,3.23,2235.03,109.7,31.1,6.3,136.3,18
West,2022,Wheat,789.67,5.68,4485.33,226,25.1,6.49,77.4,7
South,2022,Wheat,615.18,4.3,2645.27,156.7,27.2,6.86,89.4,18
North,2023,Rice,903.47,5.38,4860.67,327.6,27.2,6.33,143.7,4
West,2022,Rice,349.29,4.79,1673.1,300.6,15.6,6.87,142,0
West,2021,Corn,317.93,2.55,810.72,197.7,23.9,6.93,133.2,12
North,2020,Wheat,882.61,4.59,4051.18,113.7,32.3,7,165.2,4
West,2020,Soybean,662.86,1.98,1312.46,154.7,24.8,6.44,172.2,19
West,2023,Corn,101.3,3.04,307.95,307.5,23.7,5.51,91.5,18
North,2022,Barley,417.82,5.03,2101.63,397,25.5,7.01,73.6,6
North,2022,Wheat,872.07,4.06,3540.6,197.9,22.6,7.32,80.2,12
East,2023,Rice,124.59,5.13,639.15,340.6,25.3,6.81,92.2,13
South,2020,Wheat,102.92,2.27,233.63,360.1,17.7,6.55,192.2,17
South,2021,Wheat,353.13,4.75,1677.37,114.5,34.4,6.62,70.6,13
North,2022,Wheat,922.6,2.01,1854.43,374.9,15.7,6.78,181.8,12
North,2023,Wheat,911.33,3.73,3399.26,239.9,24.7,7.5,80.5,7
West,2021,Barley,566.89,3.17,1797.04,389.3,19.2,5.62,102.3,19
East,2023,Rice,597.91,3.78,2260.1,261.6,16.2,5.54,68.9,17
East,2023,Wheat,398.81,1.68,670,170.5,28,7.43,65.5,13
North,2023,Barley,319.36,2.81,897.4,392.4,34.7,6.38,64.3,1
West,2020,Corn,833.7,4.33,3609.92,173,30,6.72,101.4,10
West,2020,Wheat,195.67,3.79,741.59,364.7,20.1,7.01,128.6,14
South,2023,Barley,538.62,3.74,2014.44,151.9,24.9,6.98,80.1,9
South,2022,Soybean,670.96,3.55,2381.91,302.4,16,6.79,189.9,16
West,2021,Corn,193.31,5.72,1105.73,223.4,25.6,6.44,138,10
South,2022,Rice,567.65,5.67,3218.58,391.6,17,6.65,182.8,7
North,2020,Wheat,619.77,2.8,1735.36,155.4,30.9,6.96,72.3,1
West,2021,Wheat,768.25,2.76,2120.37,222.6,16.1,7.2,71.5,2
South,2023,Barley,311.35,3.77,1173.79,291.9,15.2,5.75,177,6
East,2022,Rice,363.99,1.48,538.71,393.3,32.2,6.06,135.2,13
West,2022,Soybean,612.57,2.52,1543.68,191.2,33.9,6.3,190.8,11
West,2023,Corn,984.81,2.15,2117.34,219.1,16.7,6.83,72,4
East,2022,Rice,295.74,2.12,626.97,238.5,20.6,6.29,53.9,4
North,2020,Wheat,987.31,4.19,4136.83,175.8,29.8,5.98,187.5,6
East,2023,Barley,742.91,2.92,2169.3,345.2,25.8,5.57,154.8,0
West,2022,Soybean,843.47,1.86,1568.85,127.6,34,7.19,171.1,16
North,2023,Barley,180.68,5.44,982.9,311.4,22.8,6.34,94.4,18
South,2021,Corn,370.38,5.37,1988.94,260.2,15.1,6.16,50.5,7
South,2023,Rice,151.96,5.31,806.91,172.6,15.4,6.56,122.4,11
South,2022,Barley,434.39,2.95,1281.45,247.8,26.3,5.75,198.5,2
West,2020,Barley,983.16,1.28,1258.44,349,30,6.29,186.1,11
East,2023,Wheat,194.75,1.53,297.97,233.6,30.8,7,60.8,7
North,2023,Barley,606.14,2.38,1442.61,136.6,33.2,6.97,78.2,3
South,2022,Soybean,105.46,2.1,221.47,112.2,19.6,7.04,96.7,6
North,2020,Rice,741.41,5.37,3981.37,333.3,29.8,6.43,174.6,13
West,2020,Corn,277.47,5.93,1645.4,199.1,31.5,6.24,173.7,1
South,2021,Barley,216.63,5.08,1100.48,379.4,31.7,7.16,77.8,4
West,2021,Soybean,403.32,4.65,1875.44,285.1,23.2,5.85,130,11
East,2022,Corn,793.94,3.94,3128.12,230.9,27.5,6.95,125.3,4
West,2020,Soybean,195.95,4.85,950.36,269.3,26,7.28,112.1,12
West,2020,Barley,306.86,5.74,1761.38,237.1,26.9,6.07,130.4,1
East,2021,Barley,107.62,4.01,431.56,371.7,20.6,5.9,93.9,9
North,2021,Rice,971.57,1.77,1719.68,237.4,28.7,6.53,129.7,11
East,2022,Wheat,632.93,1.82,1151.93,131.2,29.2,5.93,152.8,15
East,2020,Soybean,747.91,3.92,2931.81,279.1,18.9,7.24,59.4,16
West,2023,Wheat,686.24,2.67,1832.26,286.9,23.9,5.99,195.1,14
North,2021,Wheat,229.93,5.55,1276.11,329.6,23.4,6.13,74.8,0
South,2022,Corn,635.45,4.06,2579.93,380,30,7.28,104,2
East,2020,Corn,218.27,4.38,956.02,232.9,28.3,5.91,120.6,11
North,2020,Soybean,461.11,1.03,474.94,205.6,24.5,7.27,56.1,9
East,2021,Wheat,612.07,3.49,2136.12,247.2,28.1,5.92,132.3,8
East,2022,Rice,602.99,3.16,1905.45,370.1,20.3,7.32,180.5,3
East,2023,Wheat,207.17,4.53,938.48,394,19.6,6.14,185.2,1
East,2021,Corn,130.99,2.91,381.18,391.4,19.8,5.99,98.9,0
West,2022,Wheat,818.41,5.88,4812.25,168.9,15.6,6.45,133.8,9
North,2020,Barley,753.33,4.35,3276.99,249.1,28.8,6.24,166.5,12
North,2023,Barley,173.64,4.3,746.65,177.8,34.7,5.9,87.9,6
North,2022,Rice,214.67,5.6,1202.15,210.4,21.2,6.18,129.3,17
East,2023,Soybean,903.33,5.98,5401.91,109.5,33.6,6.93,105,14
West,2022,Wheat,792.22,1.99,1576.52,148.2,27.1,7.16,106.7,7
East,2022,Barley,996.54,5.05,5032.53,219.1,19.5,7.14,64.1,17
East,2022,Soybean,328.59,1.81,594.75,209.4,15.2,7.01,111,17
North,2022,Barley,539.02,3.29,1773.38,183.6,29.5,5.51,74.1,12
East,2023,Soybean,312.81,1.5,469.22,169.1,28.9,6.35,95.2,15
South,2021,Soybean,660.52,4.12,2721.34,324.7,19.6,5.84,99.5,9
East,2023,Barley,203.87,3.34,680.93,188.4,21.7,5.65,114.6,11
South,2022,Corn,214.52,4.14,888.11,312,33,6.97,187.5,7
East,2023,Soybean,164.7,4.39,723.03,210.6,18.1,7.09,144.6,0
West,2023,Wheat,724.23,4.1,2969.34,340.6,31.7,7.13,196.2,8
West,2023,Barley,544.67,2.47,1345.33,150.2,18.4,7.28,138.6,19
North,2022,Corn,655.96,5.18,3397.87,147.3,24.6,6.68,170.8,5
East,2023,Barley,891.37,3.76,3351.55,303.9,25,7.5,175.1,17
South,2020,Rice,766.3,3.45,2643.74,374.5,24.4,6.47,160.9,4
South,2022,Wheat,515.55,5.94,3062.37,142.9,20.8,7.27,150.5,16
East,2023,Rice,985.92,2.42,2385.93,122.1,20.1,5.73,112.7,11
South,2020,Soybean,510.63,3.64,1858.69,380.4,29.7,5.8,135.1,4
West,2023,Soybean,201.21,4.41,887.34,135.2,20.5,6.68,79.1,11
South,2021,Rice,993.39,1.63,1619.23,175.1,27.2,5.75,142.7,4
North,2023,Rice,120.54,2.77,333.9,378.8,31.9,5.65,127.1,6
West,2023,Soybean,594.9,5.01,2980.45,340.9,31.7,5.89,170.6,11
West,2021,Corn,378.19,2.18,824.45,202.8,18.3,7.08,185.4,0
West,2022,Wheat,553.2,3.47,1919.6,386.4,28.1,7.35,69.9,10
East,2021,Barley,602.84,4.15,2501.79,270.4,27,6.17,153.6,0
East,2022,Rice,316.09,4.36,1378.15,121.7,20.6,7.45,192.5,14
West,2021,Wheat,601.17,4.64,2789.43,310.9,22.8,7.12,187.7,1
East,2023,Barley,780.46,5.33,4159.85,261.2,20.7,5.95,175.2,19
South,2023,Barley,339.86,2.96,1005.99,271.8,25.7,6.67,57.3,16
East,2022,Rice,445.08,4.53,2016.21,398.2,31.1,7.46,87.9,0
East,2022,Corn,341.42,4.66,1591.02,145.8,32.6,7.2,72.2,19
West,2020,Corn,838.5,2.5,2096.25,297,29.5,6.23,189,10
North,2020,Wheat,752.48,5.84,4394.48,237.6,24.7,6.11,162.3,12
North,2023,Wheat,884.08,5.33,4712.15,181.6,34.2,7.14,129.8,3
North,2023,Soybean,253.04,2.45,619.95,308.1,26.3,6.6,196.9,3
South,2020,Corn,166.22,4.38,728.04,300.5,24.6,5.83,79.2,7
East,2020,Wheat,207.45,4.59,952.2,356.9,32.1,6.16,146.2,3
North,2022,Soybean,244.92,3.16,773.95,363.7,18.7,6.82,141.4,14
West,2021,Barley,579.77,5.32,3084.38,268.5,18.2,5.81,101.1,10
North,2022,Wheat,973.82,4.45,4333.5,197.7,30.7,6.9,122.8,11
North,2020,Soybean,421.51,4.29,1808.28,258.9,32.4,6.92,85.3,1
East,2023,Corn,962.66,2.1,2021.59,207.8,16.5,6.04,151.6,9
East,2020,Barley,134.38,3.04,408.52,183.2,30.3,6.3,112.7,8
East,2023,Wheat,934.18,3.17,2961.35,265.5,23.5,7.37,53.5,6
South,2023,Corn,263.04,4.67,1228.4,297.4,29.1,7,192.6,12
South,2023,Barley,921.23,4.09,3767.83,277.2,17.7,7.08,125.2,11
North,2023,Rice,150.6,1.43,215.36,386.3,34.5,6.53,155.8,16
East,2021,Corn,953.4,2.54,2421.64,189.6,32.6,5.93,79.5,3
North,2020,Rice,280.72,3.37,946.03,211.7,23.1,6.68,69.1,6
West,2022,Wheat,372.44,4.68,1743.02,300.3,32.9,7.04,185.4,8
West,2023,Soybean,541.85,4.72,2557.53,280.1,32.9,5.51,138.6,19
East,2023,Wheat,442.65,3.45,1527.14,100.6,24.2,5.73,124,6
East,2022,Corn,700.78,1.58,1107.23,193.7,33.9,6.45,128.2,7
West,2022,Rice,977.33,2.46,2404.23,176.1,34.5,6.37,85.4,2
East,2023,Rice,645.78,2.27,1465.92,352,19.3,7.46,186.9,14
South,2022,Barley,749.34,4.91,3679.26,359.9,16.3,5.68,82.1,14
South,2022,Wheat,179.2,1.9,340.48,185.2,21.6,6.15,73.7,11
East,2021,Wheat,665.03,3.32,2207.9,130.6,24.8,7.13,189.5,15
West,2022,Corn,508.46,4.35,2211.8,161.6,16.9,6.72,88.6,15
North,2020,Rice,897.2,5.82,5221.7,153,17.8,6.62,179.4,6
East,2020,Corn,449.39,6,2696.34,171.2,34.4,6.98,165.9,5
East,2020,Corn,711.51,5.76,4098.3,170.4,29.7,5.58,107.3,17
North,2023,Rice,305.34,4.59,1401.51,244,32.5,7.39,88.1,11
East,2020,Corn,333.44,4.73,1577.17,195.9,34.4,5.88,163.8,9
North,2021,Rice,438.51,4.8,2104.85,267.9,22.6,5.66,139.6,8
West,2020,Corn,373.66,5.31,1984.13,203.2,28.8,6.18,88.1,12
South,2023,Soybean,328.49,5.76,1892.1,344.4,18.7,6.9,183.6,18
West,2021,Corn,144.7,3.23,467.38,385.2,26,5.96,158.1,4
South,2020,Corn,853.07,3.08,2627.46,221.2,19.2,5.6,186.4,7
North,2021,Soybean,157.87,3.3,520.97,114.8,18.2,5.61,115.6,1
South,2021,Wheat,898.63,4.3,3864.11,171.9,17,6.01,69.2,9
West,2023,Rice,212.92,4.88,1039.05,130.6,26.6,5.77,188.6,3
South,2023,Barley,158.74,5.35,849.26,203.4,34,6.24,140.2,9
North,2021,Soybean,606.7,3.28,1989.98,293.5,17.4,5.85,140.9,13
South,2020,Wheat,552.2,2.82,1557.2,255.7,25,6.19,137.6,8
East,2023,Corn,542.11,5.92,3209.29,172.9,28.7,6.39,120.9,13
West,2021,Wheat,617.05,2.16,1332.83,330.2,24.9,6.99,88.3,9
East,2022,Soybean,358.35,2.11,756.12,139.4,33.2,5.95,142,7
North,2022,Corn,696.65,4.58,3190.66,168.5,18.3,6.45,157.8,5
South,2023,Wheat,552.16,1.9,1049.1,302.8,15.5,7.13,187.5,4
East,2020,Barley,401.27,3,1203.81,159.2,22.7,7.47,60.8,16
East,2022,Rice,843.85,2.46,2075.87,303.6,26.1,6.61,88.2,4
South,2022,Rice,754.95,1.84,1389.11,393.1,20.1,6.36,166.5,18
South,2022,Soybean,454.25,3.9,1771.58,349.4,18.4,6.76,166.3,16
West,2020,Corn,862.86,2.87,2476.41,148,31.1,6.47,81.8,19
East,2020,Corn,928.23,3.31,3072.44,256.1,18.8,5.83,77.7,9
East,2023,Rice,583.18,1.98,1154.7,226.7,23.9,6.42,105.1,17
North,2023,Wheat,293.46,4.84,1420.35,397.5,34.1,7.46,59.4,19
West,2022,Corn,924.21,2.57,2375.22,389.3,27.3,6.78,159.6,15
North,2020,Barley,270.53,2.71,733.14,138.1,25,6.07,150.5,10
East,2021,Barley,143.58,2.26,324.49,372.6,22.2,7.39,178.8,14
North,2022,Corn,394.74,3.17,1251.33,158,25.4,6.28,114.5,10
East,2023,Corn,754.27,3.32,2504.18,195.8,29.7,6.28,145.5,19
East,2020,Rice,930.95,3.65,3397.97,206,31.5,6.73,193.1,7
North,2023,Soybean,673.56,5.84,3933.59,186,28,6.64,193.8,6
North,2023,Rice,956.65,5.52,5280.71,356,30.8,6.08,60.7,0
South,2020,Soybean,183.13,4.05,741.68,199,16.8,6.43,50.3,14
South,2022,Barley,154.68,1.19,184.07,345,15.3,6.17,194,2
South,2020,Soybean,643.77,4.06,2613.71,398.3,29.7,6.98,130.3,7
East,2022,Rice,969.5,1.45,1405.78,352.2,20.2,5.75,155.1,11
North,2023,Corn,552.45,4.55,2513.65,203.8,32.6,7,186.9,15
West,2020,Soybean,146.36,2.95,431.76,313.4,25.7,5.82,115,18
East,2021,Rice,299.1,5.19,1552.33,260.2,24.6,6.11,116.1,9
West,2022,Barley,320.31,5.71,1828.97,336,30.5,6.17,75,9
North,2021,Soybean,404.07,3.09,1248.58,145.9,29.8,7.48,185.9,17
East,2022,Barley,139.24,3.3,459.49,291.4,29.1,6.68,147.2,1
West,2020,Barley,914.4,3.95,3611.88,332.1,28.8,7.06,77,18
West,2021,Wheat,564.01,1.99,1122.38,328.4,25.3,6.61,134,18
South,2020,Soybean,703.84,5.64,3969.66,389.1,33.5,7.47,99.2,1
South,2022,Rice,160.46,3.16,507.05,117.5,32.8,5.85,72.1,1
South,2022,Soybean,148.7,1.83,272.12,203.7,21.6,6.71,77.3,7
East,2022,Soybean,627.82,4.81,3019.81,243,31.1,7.09,133.9,12
North,2022,Barley,898.57,2.1,1887,192.9,32.8,6.76,134.7,8
North,2023,Barley,575.63,1.72,990.08,192.9,27.4,7.29,168.5,6
South,2022,Barley,890.04,3.81,3391.05,152.8,26.1,6.7,87.2,4
South,2021,Barley,829.89,4.36,3618.32,343.9,28.4,7.15,187.4,7
South,2022,Rice,168.27,3.85,647.84,372.4,18.3,5.85,127.8,7
West,2020,Corn,281.76,4.28,1205.93,124.7,16.7,6.02,80.6,2
South,2023,Wheat,691.94,1.58,1093.27,146.5,31.4,6.39,112,9
West,2021,Barley,499.15,3.38,1687.13,168.5,26.5,7.2,188.5,7
North,2023,Barley,361.63,2.79,1008.95,252.7,17.5,6.35,121.7,12
East,2023,Wheat,476.77,5.87,2798.64,337.4,23.3,6.75,181.2,18
East,2023,Barley,500.68,1.25,625.85,121.4,21,6.29,74,19
East,2020,Corn,919.5,2.49,2289.56,291,32.5,7.11,187.1,14
East,2023,Soybean,193.11,5.71,1102.66,144.8,25.1,5.9,114.6,5
West,2023,Wheat,351.76,5.92,2082.42,391.4,26.6,6.69,190.4,13
West,2022,Rice,583.81,5.12,2989.11,369.6,19.7,6.66,179.9,9
South,2020,Wheat,728.46,1.38,1005.27,384.9,31,6.31,149,18
West,2021,Corn,667.57,3.81,2543.44,131.8,33.6,6.91,150.9,10
South,2021,Rice,947.48,3,2842.44,246.4,30.8,5.56,81.7,13
South,2021,Soybean,816.05,5.03,4104.73,149.6,24.9,7.18,140.4,18
East,2020,Barley,601.37,1.28,769.75,280.1,31.7,6.2,132.4,4
West,2021,Wheat,293.21,1.99,583.49,169.8,18.8,7.09,100.1,10
West,2020,Rice,505.79,3.45,1744.98,331.2,17.3,6.11,125.8,18
South,2022,Wheat,724.04,1.79,1296.03,293.2,23.8,5.88,189.4,0
South,2022,Soybean,854.17,4.46,3809.6,271.5,18.6,6.28,50.8,1
North,2020,Wheat,963.76,5.1,4915.18,347.6,20.2,7.09,112.6,17
North,2021,Rice,644.91,4.52,2914.99,250.1,26.7,6.91,100,13
South,2020,Corn,574.23,3.2,1837.54,181,23.1,6.3,194.2,9
North,2020,Rice,115.92,5.39,624.81,286.2,32.3,7.38,196.1,5
North,2023,Wheat,164.89,1.69,278.66,387.1,19.5,6.32,137.8,14
South,2020,Soybean,240.49,2.3,553.13,280.3,34.9,6.2,132.5,1
South,2023,Barley,149.28,3.45,515.02,288.9,22.2,5.79,185.5,5
West,2022,Barley,460.78,1.31,603.62,380.4,25.3,5.64,51,12
South,2023,Soybean,403.19,1.48,596.72,254.6,17.6,6.2,134.3,7
South,2020,Wheat,673.62,2.99,2014.12,398.9,26.6,5.68,53.7,14
East,2022,Soybean,582.1,5.72,3329.61,147.9,34.2,6.43,195.2,15
West,2023,Wheat,636.37,5.54,3525.49,261.1,30,7.22,98,9
West,2020,Rice,524.78,3.33,1747.52,163.9,19.9,6.45,128.1,13
West,2022,Corn,349.96,1.71,598.43,236,23.9,6.46,112.6,2
East,2023,Wheat,957.54,1.89,1809.75,151.2,23.5,6.01,184,7
South,2020,Barley,177.77,2.89,513.76,166.8,17,5.83,200,0
West,2020,Barley,945,2.05,1937.25,163.2,32.7,5.94,60.3,6
West,2021,Corn,380.11,1.41,535.96,196,22.6,6.64,159.8,3
North,2021,Wheat,561.4,4.37,2453.32,140.4,24.9,6.68,105.2,10
West,2023,Corn,197.96,3.91,774.02,342.8,20.8,5.94,70.9,12
South,2023,Rice,163.84,2.46,403.05,166.2,18,6.3,110.8,9
South,2023,Corn,486.59,4.89,2379.43,225,33,6.64,199.7,12
North,2020,Rice,767.53,4.88,3745.55,104.8,15.7,7.02,103.6,2
West,2023,Barley,342.43,3.46,1184.81,131.5,23,6.14,91.6,17
West,2020,Rice,606.11,1.48,897.04,368.9,29.6,6.04,176.9,6
West,2023,Wheat,350.79,5.59,1960.92,351.1,21.2,6.96,180.2,7
East,2020,Wheat,449.75,4.34,1951.92,352.3,23.9,6.53,100.8,19
West,2020,Wheat,915.8,2.24,2051.39,223.4,26.3,7.21,94.8,1
South,2021,Wheat,870.26,4.05,3524.55,142.5,34.9,5.92,147.1,8
South,2022,Soybean,564.42,3.03,1710.19,132.4,30.2,7.04,80.8,2
East,2020,Rice,314.3,4.18,1313.77,281.7,34.3,5.82,122.6,2
East,2023,Wheat,273.87,3.37,922.94,348.5,28.9,6.67,71.2,12
West,2021,Corn,958.68,3.43,3288.27,370,20.4,6.07,95.7,0
North,2023,Corn,282.44,4.68,1321.82,186.6,20.7,5.7,94.6,3
East,2023,Soybean,827.35,4.07,3367.31,196.3,31.4,6.73,154.2,9
East,2020,Rice,432.07,1.4,604.9,130.3,23.6,6.51,92.3,3
West,2020,Rice,987.09,1.33,1312.83,332.3,22.4,6.47,184.8,17
West,2022,Rice,431.34,2.53,1091.29,182.7,33.9,6.69,197.5,12
East,2020,Soybean,416.36,3.15,1311.53,244.3,15.3,6.24,62.2,7
North,2020,Rice,673.72,2.38,1603.45,378.7,25.5,6.84,109.6,0
East,2022,Rice,965.37,4.26,4112.48,325.7,30.5,5.76,95.3,15
West,2023,Wheat,978.59,1.98,1937.61,115.8,29.7,6.93,102.8,5
West,2022,Rice,736.49,4.52,3328.93,102.4,22.4,6.66,89.8,11
East,2022,Wheat,779.15,4.87,3794.46,336.2,25.7,6.47,107.4,15
North,2022,Wheat,607.06,1.62,983.44,265.8,15.1,5.76,71.2,10
East,2021,Rice,780.2,4.25,3315.85,316.1,25.7,6.06,92,10
East,2023,Corn,873.8,5.81,5076.78,147,26.8,6.09,162.2,18
West,2021,Barley,537.49,1.96,1053.48,361.6,32.5,5.97,101.6,11
North,2021,Corn,657.88,5.55,3651.23,332,19.2,7.41,81.2,4
South,2020,Rice,583.59,4.03,2351.87,367.3,31.5,7.33,66.3,9
North,2022,Rice,606.22,3.95,2394.57,202.3,29.4,6.59,102.2,1
East,2022,Corn,901.04,1.26,1135.31,182.7,28.3,5.91,146.5,11
East,2021,Rice,420.06,4.74,1991.08,145.5,22.9,7.32,88,13
East,2020,Wheat,287.37,3.39,974.18,379,22.3,7,113.4,14
North,2020,Soybean,510.65,4.61,2354.1,153,29.1,5.58,192.9,2
West,2020,Rice,287.28,5.05,1450.76,135.8,34.8,6.48,132.9,14
East,2023,Rice,548.56,3.62,1985.79,157.8,23.1,6.71,129.8,16
East,2021,Corn,913.16,2.32,2118.53,331.4,33.4,5.63,111.5,2
North,2023,Wheat,655.69,1.71,1121.23,366.9,26.7,5.6,133.5,8
South,2020,Corn,869.89,1.8,1565.8,343.3,32.4,6.43,197.7,6
South,2020,Corn,249.57,5.33,1330.21,269,19.3,5.5,88.1,19
West,2020,Rice,910.79,1.62,1475.48,398.2,30.2,5.59,191.3,11
West,2022,Wheat,641.61,2.92,1873.5,120.7,31.7,5.83,72.4,6
East,2021,Rice,128.58,2.67,343.31,360.2,31.6,7.32,66.7,17
North,2022,Rice,669.81,5.33,3570.09,228.3,30.7,7.03,148.2,1
East,2023,Rice,956.26,3.39,3241.72,236.5,21.1,6.4,87.7,15
West,2022,Rice,171.25,5.98,1024.08,138.3,25.4,6.46,116.7,10
North,2021,Soybean,624.21,4.69,2927.54,110,21,6.87,159.4,18
North,2022,Barley,923.93,5.25,4850.63,195,21.9,6.45,130.2,5
West,2020,Wheat,108.73,1.49,162.01,152.5,21,5.63,52.1,19
South,2023,Soybean,667.82,2.27,1515.95,245,20.7,6.98,95.9,6
South,2023,Barley,527.41,1.68,886.05,144.2,28.9,5.62,59.7,12
North,2020,Barley,412.29,3.32,1368.8,141.4,28,6.47,188.9,5
East,2020,Barley,664.78,4.59,3051.34,363.1,19.1,7.22,169.2,7
South,2020,Soybean,147.43,1.85,272.75,376.4,28.8,5.73,197.6,4
East,2021,Wheat,777.76,1.65,1283.3,389.3,20.8,6.91,182.8,0
South,2022,Corn,104.03,4.07,423.4,304.2,19,5.59,121.3,19
South,2023,Barley,376.24,2.15,808.92,331.3,29.9,7.49,182.4,1
East,2022,Corn,553.56,3.4,1882.1,350.7,22.3,6.86,150.9,5
West,2020,Corn,439.32,1.26,553.54,297.7,26.4,7.44,128.7,8
South,2020,Rice,376.73,4.4,1657.61,199.1,19,6.84,105.6,8
South,2022,Corn,847.75,3.71,3145.15,146.9,27.3,5.98,152.1,5
East,2023,Rice,941.35,4.24,3991.32,171.2,19.2,7.35,138.5,8
West,2021,Wheat,886.34,2.38,2109.49,352.1,18.3,6.75,142.1,4
South,2022,Wheat,570.19,2.39,1362.75,308.8,22.7,6.65,110,15
South,2020,Rice,895.75,5.01,4487.71,236.7,30.8,6.36,160.9,2
West,2020,Wheat,928.78,4.59,4263.1,108.8,18.5,6.07,62.2,11
South,2021,Barley,468.31,3.9,1826.41,179.9,17.3,6.56,158.9,11
West,2022,Wheat,355.1,4.14,1470.11,318.7,15.6,6.23,159.6,18
West,2021,Rice,188.44,1.47,277.01,253.7,23.3,7.21,127.4,8
East,2021,Barley,531.18,5.28,2804.63,230.7,20.6,5.56,89.5,18
North,2023,Corn,951.67,4.85,4615.6,194.1,20.8,6.56,127.9,18
West,2023,Corn,604.82,3.95,2389.04,282.1,34.6,7.17,68.5,16
East,2020,Corn,700.81,5.59,3917.53,389.9,18.9,5.56,92.8,0
North,2022,Rice,201.6,1.84,370.94,370.3,24.2,6.06,113.2,1
South,2023,Corn,229.17,4.43,1015.22,109.1,34.7,5.6,151,17
North,2020,Wheat,518.03,5.81,3009.75,244.3,15.6,6.69,78.1,1
West,2022,Corn,956.14,2.55,2438.16,198.8,28.9,6.13,73.7,5
West,2020,Soybean,424.71,1.08,458.69,253.2,22.4,7.42,141.2,19
West,2023,Soybean,889.74,4.67,4155.09,281.9,33.1,6.73,151.9,18
West,2020,Corn,208.26,1.03,214.51,160,33.2,6.62,62.5,1
West,2022,Corn,655.32,5.36,3512.52,334.5,22.7,7.33,55,17
East,2022,Soybean,640.55,1.28,819.9,242.5,19.4,5.95,72.1,15
West,2020,Corn,873.89,4.26,3722.77,397.6,23.6,6.62,185.2,12
East,2022,Barley,102.99,2.89,297.64,107.5,34.3,6.59,150.9,14
South,2020,Soybean,270.94,2.02,547.3,156.9,20.6,5.66,188.2,1
West,2022,Rice,297.72,5.49,1634.48,306.9,34.6,7.36,149.7,12
West,2020,Soybean,954.97,4.73,4517.01,308.6,31.4,6.9,194.8,5
North,2020,Wheat,238.32,2.7,643.46,274.7,20.3,7.28,115.8,6
South,2020,Barley,133.27,2.42,322.51,391.6,30.8,7.47,139.9,18
West,2021,Rice,581.02,4.68,2719.17,224.6,16,6.46,140.2,1
West,2022,Corn,575.7,5.18,2982.13,225.1,26,7.11,50.5,4
South,2023,Wheat,859.64,4.58,3937.15,373.1,22.1,6.66,54.1,13
East,2020,Wheat,953.97,4.2,4006.67,261.5,23.5,7.45,71.8,14
West,2021,Barley,584.69,2.14,1251.24,206.1,24.5,5.99,126.7,1
North,2023,Rice,936.99,5.26,4928.57,315.7,25.1,5.53,114.6,5
West,2020,Wheat,752.64,4.75,3575.04,285.9,28.1,5.87,131,11
North,2023,Rice,338.1,3.59,1213.78,191.9,28.9,5.76,170.1,7
North,2021,Rice,935.58,3.56,3330.66,189.4,34.5,6.37,173.3,10
West,2023,Wheat,700.7,3.85,2697.7,218.7,30.3,5.65,196.6,4
West,2020,Rice,472.69,5.14,2429.63,121.5,28.8,5.94,133.6,4
North,2023,Barley,712.22,4.71,3354.56,382.8,22.8,5.69,102.1,19
South,2023,Wheat,461.18,5.28,2435.03,154.9,17.4,6.47,96.2,11
South,2020,Barley,202.77,3.54,717.81,158.1,16.2,6.03,101.1,15
West,2021,Barley,747.08,4.12,3077.97,294.1,24.6,6.44,98.6,4
East,2021,Rice,841.68,5.27,4435.65,317.3,28.4,5.68,108.9,17
South,2023,Rice,755.93,2.16,1632.81,321.1,28,6.53,61.2,1
West,2022,Wheat,306.2,3.22,985.96,212.5,34.1,5.76,145,7
South,2023,Corn,960.97,4.1,3939.98,362,22.6,5.7,135.2,13
East,2022,Wheat,122.73,5.58,684.83,263.2,27.6,6.12,119.3,2
West,2023,Barley,399.42,1.08,431.37,231.6,32.8,7.25,62.2,14
East,2021,Rice,334.08,2.06,688.2,343.1,23.1,7.08,64,16
West,2023,Barley,143.31,2.17,310.98,173.1,24.6,7.42,131.8,12
East,2023,Soybean,465.16,2.63,1223.37,358.1,33.5,6.42,55.5,14
South,2022,Soybean,660.8,2.41,1592.53,261.6,26,6.12,158.7,1
South,2021,Barley,894.3,3.95,3532.48,370,31,7.44,199.1,16
East,2022,Corn,990.72,5.43,5379.61,160.5,33.7,6.26,139.6,0
East,2023,Corn,827.28,4.18,3458.03,380.8,26.4,5.52,158.5,0
East,2020,Wheat,521.81,2.21,1153.2,306.4,17.2,7.14,115.8,14
West,2023,Wheat,751.33,5.32,3997.08,285.5,31.4,5.84,150.1,6
South,2023,Wheat,859.26,4.16,3574.52,226.6,31.4,6.94,147.8,14
West,2022,Rice,518.78,2.09,1084.25,386.9,17.3,5.53,173.6,19
South,2020,Corn,806.55,2.81,2266.41,233.2,26,5.72,156.7,19
North,2020,Barley,534.39,4.95,2645.23,249.6,24.7,6.47,162.4,6
West,2022,Soybean,447.85,4.69,2100.42,334.4,31.9,5.64,133.5,3
South,2021,Corn,573.48,3.88,2225.1,185.5,20.5,7.28,122.7,10
South,2020,Corn,708.27,1.72,1218.22,187.4,23.5,7,118.8,11
West,2020,Corn,754.19,5.02,3786.03,332.6,27.1,6.16,108.8,12
West,2022,Wheat,421.06,2.54,1069.49,138.6,25.3,6.7,89.9,4
South,2021,Rice,614.19,4.86,2984.96,346.9,34.1,6.93,55,10
West,2021,Barley,918.88,4.24,3896.05,287.6,34.2,7.01,150.7,5
East,2023,Wheat,978.68,2.32,2270.54,261.7,16.6,6.29,185.1,4
West,2023,Rice,304.52,2.06,627.31,168.7,21,7.3,189.6,12
West,2022,Corn,273.55,1.65,451.36,335.9,15.2,7.38,137.1,6
West,2021,Rice,709.02,2.21,1566.93,341.5,23.4,5.89,64.1,10
South,2022,Wheat,473.22,1.79,847.06,244.9,28.2,7.32,181.8,14
East,2023,Corn,121.8,4.09,498.16,216.8,24.4,6.93,162.2,5
North,2022,Wheat,412.18,3.99,1644.6,173.8,16.3,7.28,87.7,5
North,2022,Barley,826.07,3.93,3246.46,326.3,18.9,6.35,170.5,10
East,2020,Corn,817.68,4.21,3442.43,291.8,18.5,6.82,120.8,15
East,2020,Rice,545.22,5.07,2764.27,162,25.2,5.97,183.1,12
East,2020,Wheat,525.32,5.57,2926.03,338.3,28.6,7,87.1,2
South,2023,Soybean,621.56,2.15,1336.35,364.7,21.3,6.66,170.1,17
North,2022,Rice,297.46,3.94,1171.99,117.8,17.6,6.46,156.8,18
East,2020,Rice,573.44,1.39,797.08,331.7,31,6.89,52.2,15
South,2020,Corn,109.94,1.6,175.9,355.8,32.2,6.6,134.5,2
North,2020,Rice,528,4.27,2254.56,397.5,20.5,7.03,157.3,18
West,2023,Wheat,402.45,3.43,1380.4,171.3,23.4,7.22,73.5,13
South,2023,Soybean,707.38,4.79,3388.35,211.3,16.6,7.1,129.8,17
North,2022,Barley,674.52,3.13,2111.25,389.9,19.6,6.12,95.6,12
South,2022,Soybean,442.75,1.64,726.11,128.2,30.3,7.45,154.4,11
North,2022,Wheat,106.55,5.36,571.11,257.1,22.3,6.8,131,2
North,2020,Corn,327.05,1.41,461.14,252,27.1,6.15,143.2,4
West,2021,Wheat,670.01,1.94,1299.82,282,33.9,5.59,60.9,0
South,2023,Rice,165.14,2.38,393.03,199.2,29.5,7.48,70.7,12
East,2020,Corn,196.88,5.98,1177.34,377.8,24.1,6.7,132.8,14
West,2020,Barley,682.33,3.08,2101.58,181,22.3,5.96,77.2,5
West,2022,Barley,780.19,3.51,2738.47,294.9,18.8,6.48,124.8,9
North,2022,Wheat,389.39,4.85,1888.54,248.8,30.1,6.3,153.5,13
East,2020,Rice,540.71,4.18,2260.17,180,17.2,7.4,171.5,15
South,2023,Barley,951.14,5.21,4955.44,156.7,16.2,6.49,71.5,14
East,2023,Soybean,950.99,3.43,3261.9,387,17.1,6.47,161.3,3
East,2020,Corn,376.75,5.86,2207.76,268.4,19.9,7.09,104.5,0
East,2021,Soybean,828.99,4.98,4128.37,281.3,27.5,6.28,151.8,4
East,2021,Barley,634.55,3.01,1910,334.9,32.2,5.89,71.8,16
East,2023,Barley,977.94,2.91,2845.81,124.4,34.9,7.04,127.3,2
North,2022,Wheat,529.85,5.65,2993.65,314.1,29.6,7.32,175.6,9
North,2021,Wheat,797.24,4.42,3523.8,149.5,17.9,5.59,66,13
West,2021,Corn,791.32,4.11,3252.33,322.1,20.6,7.22,174.2,8
North,2022,Wheat,547.69,4.79,2623.44,142.4,17.6,6.38,117.9,15
West,2021,Rice,816.07,3.8,3101.07,349.7,17.3,6.08,173.5,17
West,2020,Corn,334.94,1.8,602.89,304.3,26.4,5.58,193.8,10
South,2021,Rice,210.03,2.6,546.08,215.8,33.1,5.91,73.9,4
East,2022,Wheat,482.65,3.79,1829.24,207.7,28.7,6.17,151.2,12
North,2020,Corn,949.27,1.09,1034.7,144.7,31,5.64,85.3,11
South,2021,Barley,550.67,3.19,1756.64,371.2,25.2,5.88,70.3,9
North,2023,Soybean,671.73,4.78,3210.87,135.6,24.5,6.97,144.2,10
West,2020,Barley,661.75,1.82,1204.38,241.6,33.7,6.87,66.2,15
North,2020,Rice,219.32,1.32,289.5,171,29.4,7.04,119.8,5
East,2023,Barley,451.27,5.18,2337.58,398.9,24.2,5.83,145.4,2
West,2023,Barley,736.25,4.09,3011.26,275.8,21.7,5.59,124.9,2
West,2021,Soybean,974.79,1.88,1832.61,144.9,16.9,6.44,154.6,19
South,2021,Soybean,251.22,5.03,1263.64,300.3,31.4,6.19,170.2,17
East,2022,Barley,469.4,4.29,2013.73,397.5,18.4,7.05,180.8,10
West,2022,Soybean,185.58,2.67,495.5,281.5,25.3,6.58,134,1
East,2020,Barley,318.14,2.88,916.24,237.2,27.7,7.36,91.5,2
North,2023,Corn,439.08,1.78,781.56,188,29.9,5.62,126.4,12
East,2023,Barley,586.58,5.18,3038.48,127.6,16.7,6.23,108.2,12
West,2022,Wheat,307.51,3.55,1091.66,168.5,15.2,6.31,83.9,7
South,2020,Soybean,304.81,3.79,1155.23,266.1,29.1,5.75,129.4,4
West,2020,Soybean,800.05,5.42,4336.27,326.1,24.1,6.67,53.4,4
East,2022,Rice,966.38,1.08,1043.69,363.4,18.6,5.58,140.8,17
East,2022,Rice,391.25,1.33,520.36,338.1,34.6,6.93,173.2,10
West,2022,Wheat,719.19,1.81,1301.73,137.6,30.8,5.57,199.9,15
East,2021,Soybean,332.27,1.15,382.11,332,26.6,7.25,188.3,16
North,2020,Soybean,935.16,4.29,4011.84,274.5,29,5.63,63.5,3
West,2020,Rice,705.61,4.17,2942.39,240.7,18.1,6.41,74.4,7
South,2020,Rice,822.41,2.05,1685.94,271.8,34.2,5.81,70.8,8
West,2022,Barley,144.42,1.75,252.74,102.4,34.9,5.77,133.8,14
North,2022,Soybean,638.66,1.73,1104.88,120.3,28,6.94,56.9,5
North,2022,Soybean,574.85,5.77,3316.88,257.8,28.4,7.05,190.5,3
North,2022,Barley,363.7,4.47,1625.74,152.1,29.1,6.98,59.3,14
North,2023,Soybean,336.19,3.93,1321.23,263.7,28.3,6.31,108.7,6
North,2022,Wheat,622.02,2.61,1623.47,206.3,23.8,7.48,184.1,10
South,2021,Rice,735.84,3.17,2332.61,372.2,25.8,6.18,192.3,0
East,2023,Rice,129.86,1.45,188.3,384.9,20.7,5.99,119.8,16
North,2023,Rice,610.66,5.99,3657.85,393.9,23.9,7.49,123.3,16
North,2022,Corn,253.41,4.78,1211.3,369.7,23.7,7.45,145.4,17
West,2020,Wheat,226.33,4.11,930.22,395.8,20.8,6.68,111.1,3
South,2022,Wheat,660.81,3.94,2603.59,311.8,30.7,5.92,98.7,13
South,2020,Barley,379.78,3.52,1336.83,388.2,23.2,5.98,160.9,10
East,2022,Corn,496.79,2.29,1137.65,292.5,26,6.54,139.3,16
South,2022,Soybean,424,2.13,903.12,342.8,18.1,7.05,122.3,9
West,2020,Wheat,683.5,3.75,2563.12,139.6,24.5,5.65,65.1,18
West,2020,Corn,523.11,1.35,706.2,304.8,30.2,6.88,60.3,15
East,2020,Corn,967.11,1.37,1324.94,379.3,23.9,5.71,126.6,18
West,2020,Wheat,417.14,3.8,1585.13,262,26.2,7.19,142.9,19
North,2021,Barley,766.26,5.6,4291.06,156,29,6.56,148.6,13
North,2020,Corn,331.56,5.57,1846.79,258.1,22.8,7.48,184.2,14
West,2022,Rice,557.88,1.05,585.77,312.1,22.1,7.01,172.4,10
East,2022,Corn,597.31,1.54,919.86,330.9,16.7,6.49,71.1,18
South,2021,Soybean,396.2,3.92,1553.1,257.1,26.6,5.78,169.2,7
East,2020,Wheat,524.6,5.24,2748.9,165.2,29.1,6.58,151.4,4
South,2022,Soybean,351.35,5.77,2027.29,378,26.6,5.73,174.2,11
West,2021,Barley,105.4,5.3,558.62,332.1,20.7,7.31,176.5,13
West,2022,Rice,294.08,4.39,1291.01,181.2,20.2,5.96,101.8,15
North,2021,Wheat,730.06,2,1460.12,343.5,18.2,7.23,89.5,7
South,2021,Corn,793.87,1.36,1079.66,204.4,15.9,6.11,132.9,11
East,2023,Rice,352.18,1.24,436.7,193.7,23.5,5.94,94.8,15
West,2023,Corn,467.24,4.06,1896.99,358.9,18.2,6.11,102.5,6
East,2020,Barley,133.63,1.18,157.68,362,28.8,6.92,60.4,7
North,2023,Wheat,313.36,4.7,1472.79,219.5,34.2,6.55,198.7,17
South,2021,Barley,801.3,4.56,3653.93,102.7,16.5,5.71,96.4,5
South,2022,Barley,645.39,1.4,903.55,156,32.9,5.77,167,5
West,2022,Barley,285.19,5.53,1577.1,372.8,28.2,6.26,199,13
South,2020,Barley,331.7,3.61,1197.44,369.6,32.2,6.18,195.4,13
West,2023,Corn,835.12,5.52,4609.86,236,18.1,7.2,145.1,6
North,2020,Soybean,288.18,5.51,1587.87,191.2,33.1,6.64,130.8,3
South,2021,Corn,400.74,1.99,797.47,190.8,34.2,5.87,96.4,18
West,2023,Rice,697.92,2.9,2023.97,369.2,33.1,5.56,179.2,18
East,2020,Barley,605,1.67,1010.35,197.4,30.7,5.7,100.7,10
West,2022,Rice,514.78,4.87,2506.98,253.5,16.8,6.9,66,14
South,2022,Corn,909.77,3.52,3202.39,319.3,19.4,7.19,94.1,15
North,2020,Barley,297.74,5.64,1679.25,162.8,33.3,7.07,97.3,2
South,2020,Corn,767.28,2.04,1565.25,176.2,19.6,7.08,157.8,0
South,2020,Barley,243.16,4.44,1079.63,207.4,22,6.02,75.4,6
West,2021,Corn,654.16,5.95,3892.25,296.3,16,7.48,97.5,7
East,2021,Wheat,883.56,4.33,3825.81,345.2,27.6,5.67,61.5,10
South,2022,Soybean,512.11,1.34,686.23,264,26.3,7.14,177.3,4
East,2021,Soybean,751.87,3.94,2962.37,139.9,34.2,5.69,158.7,9
West,2021,Barley,838.35,1.9,1592.86,233.9,32.8,6.04,115.6,19
East,2023,Wheat,222.42,1.15,255.78,138.3,25.1,6.49,114.5,15
West,2021,Rice,735.24,2.67,1963.09,126.5,27.2,5.61,75,0
North,2023,Wheat,927.86,2.33,2161.91,276.9,23.3,6.29,107.7,9
East,2021,Barley,618.73,4.94,3056.53,386.9,17.6,6.2,186,19
East,2022,Wheat,267.51,2.87,767.75,351.3,32.4,6.79,70.8,3
North,2020,Rice,214.25,4.66,998.41,332.3,26,6.94,164.8,19
East,2022,Barley,333.76,1.08,360.46,318.1,23.5,5.68,57.1,14
North,2021,Soybean,193.16,1.07,206.68,369.1,16.4,5.58,96.8,5
South,2020,Wheat,562.05,1.15,646.36,325.9,28.3,7.05,177,14
West,2020,Soybean,162.73,2.1,341.73,288.1,23,6.56,116.7,14
North,2020,Soybean,301.06,2.87,864.04,209.4,20.1,6.57,155.4,16
East,2023,Corn,495.92,4.04,2003.52,130.3,32.5,7.46,65.5,19
North,2022,Rice,526.52,5.93,3122.26,238.3,18.7,6.38,152.5,16
East,2023,Wheat,608.86,2.77,1686.54,377.4,25.3,5.89,172.9,16
South,2020,Soybean,735.05,1.28,940.86,274.9,30.9,6.86,170.8,11
North,2022,Soybean,142.51,1.97,280.74,155.4,32,7.13,115.8,10
South,2022,Rice,172.56,5.49,947.35,294.7,31.4,6.5,185.6,15
West,2021,Soybean,154.77,4.5,696.46,239.6,32.9,6.88,136.2,12
East,2023,Soybean,480.84,4.95,2380.16,379.4,17.8,6.53,172.7,16
East,2023,Soybean,137.66,1.62,223.01,148.3,33.8,6.31,82,8
South,2021,Soybean,771.47,1.67,1288.35,313.6,15.2,5.57,81.5,0
West,2023,Corn,300.7,1.56,469.09,304.5,20.1,5.85,163.2,17
North,2020,Corn,945.29,5.29,5000.58,395.1,16.7,6.46,147,2
North,2020,Barley,537.76,2.05,1102.41,269.5,33.9,6.29,151.4,10
East,2023,Wheat,501.69,4.22,2117.13,361.5,23.5,7.19,85.5,10
South,2021,Rice,802.48,3.58,2872.88,107.4,21.3,5.72,109.9,14
South,2022,Barley,741.84,3.72,2759.64,136.9,18.3,5.6,88.8,2
North,2023,Corn,646.58,1.98,1280.23,203.8,18.1,5.67,60.2,6
West,2022,Corn,941.63,4.18,3936.01,285.8,27.3,6.86,80.6,0
West,2021,Corn,480.03,1.22,585.64,234.7,15.9,6.69,199.3,15
North,2022,Barley,827.68,5.97,4941.25,160.8,26.9,6.76,85.1,9
North,2021,Corn,442.08,1.13,499.55,276.8,30.5,5.81,73.9,14
South,2021,Barley,854.51,1.25,1068.14,270,27,6.53,154.5,4
West,2020,Corn,333.53,2.62,873.85,257.3,31.5,7.04,140.3,1
North,2020,Soybean,360.34,5.16,1859.35,127.2,20.3,6.87,161.9,4
North,2021,Soybean,710.08,2.29,1626.08,378.1,16.5,6.38,148.1,10
East,2023,Wheat,291.44,3.36,979.24,277.7,29.4,5.71,83.4,4
North,2020,Corn,306.24,1.09,333.8,179.2,31.6,7.24,125.1,0
North,2021,Wheat,374.74,1.39,520.89,306.2,25,6.55,76.5,9
West,2022,Barley,711.04,4.04,2872.6,195.4,31.4,7.28,88,1
South,2022,Wheat,900.45,1.97,1773.89,251.8,24.2,6.38,198,18
West,2023,Corn,707.11,4.47,3160.78,202.3,19,5.97,159.3,10
South,2022,Barley,845.03,4.93,4166,364.1,24.5,6.11,167.4,17
East,2022,Barley,589.2,5.25,3093.3,398.2,19.3,6.34,54.5,2
North,2021,Soybean,162.03,1.67,270.59,148.4,24.4,6.73,107.3,9
East,2022,Barley,190.42,3.28,624.58,107.1,18,7.04,133.3,6
South,2022,Barley,598.95,5.74,3437.97,165.8,18.7,5.99,72.5,0
West,2022,Wheat,395.02,4.86,1919.8,277,32.7,5.88,177.3,9
West,2022,Barley,298.51,1.58,471.65,152.2,17.3,5.91,70.9,4
East,2021,Rice,519.63,3.51,1823.9,343.4,19.5,7.37,145.5,0
South,2022,Soybean,699.85,5.61,3926.16,222.6,34.9,5.83,133,16
East,2023,Soybean,446.49,3.2,1428.77,283.2,26.5,6.19,177.4,13
East,2020,Barley,822.29,5.19,4267.69,236.7,26.7,6.47,96.8,3
North,2023,Wheat,764.67,3.48,2661.05,371,31.9,6.61,92.6,15
East,2020,Soybean,761.42,1.53,1164.97,110.5,25.5,7.22,177,6
North,2023,Soybean,986.67,1.74,1716.81,318.8,19.4,5.73,83.2,0
North,2020,Rice,365.71,1.23,449.82,295.7,23.4,5.72,161.9,5
West,2020,Barley,680.25,1.98,1346.9,294.9,30.1,6.13,78.7,13
North,2020,Soybean,869.93,5.47,4758.52,224.2,32.4,6.33,181.4,3
North,2020,Soybean,621.57,4.25,2641.67,104.7,20.5,6.25,175.9,14
West,2021,Soybean,810.55,4.69,3801.48,306.8,20.2,6.28,168.1,10
East,2023,Soybean,473.01,4.11,1944.07,348.8,21.6,7.2,123.7,17
South,2020,Wheat,631.44,2.93,1850.12,125.6,26.9,7.17,55.1,1
South,2023,Corn,150.1,2.08,312.21,232.5,20.6,7.11,69.9,5
South,2022,Rice,987.19,5.63,5557.88,148.8,32.9,7.01,118.5,15
East,2020,Wheat,820.02,3.57,2927.47,283.3,34.6,5.58,56.5,13
North,2023,Rice,881.93,3.41,3007.38,335.7,28.6,5.8,59.5,12
South,2021,Soybean,724.86,5.98,4334.66,300,34.4,6.96,68.8,11
East,2023,Rice,267.45,2.92,780.95,195.4,20.8,6.69,89.1,18
North,2020,Barley,127.93,5.27,674.19,141.9,31.3,6.85,162.4,11
West,2022,Barley,878.19,5.31,4663.19,338.3,28.6,6.93,57.2,1
South,2023,Corn,456.7,2.16,986.47,197.2,20.3,7.32,197.5,8
North,2022,Corn,337.48,1.47,496.1,106.6,21.4,6.77,91.1,8
South,2021,Rice,605.51,5.88,3560.4,271.4,24.8,6.05,98,15
South,2023,Wheat,478.81,3.13,1498.68,174,30.8,5.67,87.2,7
South,2023,Wheat,686.5,1.01,693.36,352.4,32.4,6.36,140.4,4
North,2021,Soybean,535.41,3.5,1873.94,143,27.7,6.92,52.9,9
East,2021,Wheat,727.51,4.1,2982.79,230.4,29.4,6.06,64,5
North,2021,Corn,868.08,4.88,4236.23,175.9,20.3,5.74,64.8,3
South,2020,Wheat,276,5.71,1575.96,306.9,29.8,7.5,149.7,0
North,2020,Soybean,396.49,5.58,2212.41,264.6,27.1,6.34,99.4,8
West,2023,Barley,493.13,5.7,2810.84,337.3,19.5,5.93,115.6,7
East,2023,Wheat,965.85,1.16,1120.39,237.6,34,5.83,192.5,2
North,2023,Wheat,428.8,4.56,1955.33,101.4,25.3,7.23,80,0
West,2022,Corn,442.99,2.13,943.57,164.6,30.9,7.14,60.5,12
East,2021,Rice,688.13,1.94,1334.97,399.7,25.5,6.73,116.2,17
West,2023,Barley,477.28,5,2386.4,221.6,33.7,6.59,74.6,11
East,2021,Rice,956.1,3.09,2954.35,286.1,17.8,7.4,71.7,10
North,2020,Soybean,905.02,5.58,5050.01,371.5,25.9,5.96,111.5,14
West,2021,Soybean,562.07,1.21,680.1,106.2,15.5,6.33,150.4,17
South,2022,Rice,680.3,5.01,3408.3,297.9,18.9,5.55,86.4,11
West,2022,Corn,152.23,1.68,255.75,186.5,20.6,6.34,181.4,4
East,2021,Corn,726.16,1.88,1365.18,183.8,24.5,6.27,104.4,4
North,2022,Corn,736.48,3.39,2496.67,167.5,31.4,7.4,190.1,15
East,2022,Barley,423.28,2.98,1261.37,346.8,24.3,6.22,123.9,16
West,2020,Soybean,297.71,3.43,1021.15,211.9,26.2,7.17,159,18
West,2023,Soybean,923.57,5.7,5264.35,120.1,33.5,7.03,177.4,6
South,2022,Soybean,484.03,4.29,2076.49,129.1,30.1,5.79,129.5,6
North,2023,Barley,688.34,2.45,1686.43,144.6,16,7.43,177.5,17
North,2021,Soybean,130,1.86,241.8,369.7,18.5,6.76,106.7,2
West,2021,Rice,472.66,3.1,1465.25,228.2,15.8,6.69,104.5,9
North,2022,Wheat,835.53,3.26,2723.83,374.8,16.4,5.52,169.1,17
South,2021,Barley,448.82,4.01,1799.77,345.2,21.8,6.9,86.2,11
East,2020,Wheat,642.85,2.33,1497.84,351.4,29.6,5.61,157.6,4
North,2022,Rice,288.87,4.84,1398.13,186,19.9,5.87,61.6,5
West,2022,Corn,474.87,1.49,707.56,181.4,22.8,5.7,145.3,12
East,2022,Corn,934.87,3.8,3552.51,268,22.9,6.26,191.3,2
East,2021,Corn,609.81,4.12,2512.42,225.4,26.8,7.09,118.5,5
South,2021,Barley,911.74,2.03,1850.83,252.7,32.9,6.91,112.4,8
West,2022,Corn,911.82,5.13,4677.64,116,34.7,5.71,131.1,2
North,2023,Barley,949.73,4.08,3874.9,391.5,27.1,7.1,157.9,1
West,2021,Barley,905.85,4.23,3831.75,117.5,25.1,6.42,103.8,16
East,2021,Wheat,102.95,3.49,359.3,153.6,28.6,5.57,50,16
West,2022,Corn,940.61,5.55,5220.39,303.5,28.4,5.95,125.3,10
North,2023,Soybean,223.71,4.47,999.98,146.7,25.5,7.07,112.9,7
North,2022,Corn,135.93,2.91,395.56,132.1,29.7,6.97,129.9,1
South,2021,Corn,149.85,2.19,328.17,146.1,24.8,5.88,157.3,16
North,2022,Corn,414.02,1.36,563.07,118.6,34.9,5.58,92.5,8
North,2022,Soybean,658.72,1.83,1205.46,175.4,16,6.09,125.8,19
West,2022,Soybean,462.08,5.96,2754,181.3,23.9,7.09,88,12
West,2023,Barley,123,3.03,372.69,249.6,22.9,7.38,118.9,3
East,2022,Soybean,528.83,5.49,2903.28,231.6,30.4,6.65,101.7,3
South,2021,Barley,497.92,1.85,921.15,242.1,18.8,5.68,105.4,7
West,2022,Wheat,781.16,3.13,2445.03,284.8,23.7,6.5,136.9,8
North,2023,Barley,351.65,5.8,2039.57,169.3,29,7.5,153.4,2
East,2020,Corn,295.78,1.46,431.84,140.4,27.1,7.38,51.9,6
West,2023,Rice,330.35,3.97,1311.49,363.7,25.9,7.49,181.5,17
South,2022,Rice,373.37,5.6,2090.87,290.2,23.7,6.9,104.7,12
South,2020,Corn,639.25,5.75,3675.69,118.2,30,6.35,146.5,1
East,2022,Barley,524.37,5.23,2742.46,388.3,27.9,7.29,68.4,13
East,2023,Corn,403.21,5.28,2128.95,307.9,32.5,7.29,135.7,13
East,2020,Soybean,436.88,4.26,1861.11,145.5,29.7,5.79,151.8,16
East,2020,Barley,433.83,2.1,911.04,390.7,17.8,7.05,73.6,1
East,2022,Corn,975.17,4.65,4534.54,209.6,27.4,7.34,186.8,18
North,2022,Soybean,309.7,5.89,1824.13,395.4,15.9,7.3,163.6,9
North,2023,Soybean,836.26,3.63,3035.62,131,22.7,6.91,130.1,18
West,2022,Barley,737.39,2.3,1696,148,23.2,6.57,74.9,18
South,2020,Wheat,105.01,3.87,406.39,297.2,32.1,7.05,179.8,12
North,2021,Wheat,993.86,4.45,4422.68,106.6,18.6,6.53,60.3,15
North,2021,Soybean,780.8,2.04,1592.83,105.6,27.9,6.14,67.3,19
North,2023,Wheat,714.2,4.6,3285.32,337.6,18.8,6.02,154.7,11
West,2022,Soybean,464.79,3.94,1831.27,150.3,34,6.58,88.1,3
East,2023,Wheat,599.68,4.06,2434.7,375.6,25.6,6.41,118.9,11
West,2021,Soybean,327.94,2.53,829.69,227.8,29.2,6.55,130.8,12
South,2021,Soybean,131.94,1.78,234.85,362.1,27.9,6.02,118.7,1
South,2022,Soybean,852.42,4.12,3511.97,225.3,21.1,6.68,62.6,1
South,2020,Soybean,906.84,3.93,3563.88,259.1,33,6.82,160.6,8
South,2022,Rice,246.22,2.69,662.33,195,27.5,7.11,86,17
North,2021,Wheat,808.35,2.48,2004.71,297.4,25.2,6.68,160.8,15
North,2020,Soybean,767.04,2.74,2101.69,195.5,25.6,7.01,179.8,13
West,2023,Corn,260.54,3.45,898.86,167,32.8,5.84,130.5,0
East,2021,Barley,479.65,5.87,2815.55,124.3,16.2,5.74,156,13
South,2023,Corn,480.48,4.82,2315.91,117.3,22.8,5.86,55.5,6
West,2020,Corn,783.97,5.26,4123.68,191.8,31.8,7.19,55.5,5
North,2023,Rice,853.89,3.53,3014.23,320.9,15.8,6.61,79.6,19
North,2021,Wheat,185.3,3.63,672.64,161.7,27.8,6.41,103.8,3
East,2022,Rice,606.67,2.02,1225.47,189.8,23.1,7.02,77.4,10
East,2023,Wheat,785.57,4.61,3621.48,371.6,19.1,5.75,145.2,5
East,2021,Soybean,807.57,3.11,2511.54,291.7,27.2,5.51,91.5,6
West,2021,Rice,233.19,4.71,1098.32,375.9,31.6,6.12,176.9,17
North,2020,Barley,572.95,3.05,1747.5,373.4,24.3,6,134.1,6
North,2021,Wheat,871.8,1.54,1342.57,119,17.9,6.11,106.7,12
East,2022,Rice,386.67,1.87,723.07,386.5,21.1,7.45,184,9
South,2022,Barley,482.61,5.06,2442.01,115.4,34.6,6.64,174.3,5
East,2023,Corn,823.92,2.29,1886.78,377.7,17.2,6.68,173,2
West,2023,Soybean,180.39,2.32,418.5,264,18.2,6.81,159.3,0
East,2023,Soybean,873.54,5.65,4935.5,260,34.8,6.3,142.1,15
East,2023,Corn,380.04,4.29,1630.37,314,32.6,7.46,105,1
West,2022,Rice,101.31,1.57,159.06,363.8,29.1,7.45,113.4,16
East,2020,Corn,310.74,1.72,534.47,285.1,18,7.04,147.1,19
North,2023,Barley,180.55,2.36,426.1,227.6,19.8,5.92,75.9,13
South,2020,Wheat,183.15,3.97,727.11,133.6,18.6,7.26,174.2,9
East,2021,Rice,723.55,4.76,3444.1,336.8,27.6,5.7,190.8,8
West,2021,Wheat,292.58,2.37,693.41,138.5,23,6.76,64.7,11
South,2023,Corn,941.27,5.35,5035.79,317.9,16,6.41,53.4,10
West,2021,Soybean,564.8,1.55,875.44,258.4,20.8,5.58,71.4,15
South,2020,Wheat,514.09,2.04,1048.74,215.8,32.2,7.31,164,3
South,2020,Wheat,490.86,5.85,2871.53,283.9,30.9,7.42,66.2,10
East,2021,Soybean,723.33,1.67,1207.96,331.7,27.9,7.31,105.8,12
North,2023,Wheat,507.04,5.44,2758.3,382.3,16.7,5.88,59.5,7
East,2020,Wheat,215.74,4.52,975.14,179.4,32.7,6.17,114.9,16
West,2020,Soybean,892.15,1.37,1222.25,384.1,25.7,7.41,140.6,10
West,2022,Soybean,485.56,3.42,1660.62,388.3,24.9,5.71,144.3,3
South,2023,Corn,166.6,3.59,598.09,344.1,33.7,6.67,127.8,19
South,2022,Corn,576.43,5.66,3262.59,364.4,15.2,6.47,190.7,11
North,2021,Wheat,682.61,3.11,2122.92,307.7,26.1,5.8,129.7,11
East,2021,Rice,348.02,3.23,1124.1,111.7,30.8,7.27,178.9,18
West,2022,Corn,820.31,1.56,1279.68,272.5,16.3,5.77,199,19
South,2023,Corn,702.8,4.2,2951.76,324.2,22.1,6.69,84.5,17
North,2020,Rice,685.31,2.05,1404.89,382.5,34.5,6.14,89.8,9
West,2021,Rice,478.74,1.39,665.45,271.1,19.2,6.34,128.3,6
South,2023,Soybean,965.72,5.98,5775.01,338.3,25.6,5.92,77.4,18
West,2023,Corn,346.77,2.35,814.91,311.5,29.9,6.75,134.6,5
North,2021,Barley,619.93,1.71,1060.08,184.2,22.8,7.48,152.7,18
North,2021,Barley,378.15,4.5,1701.68,146.4,23.2,7.17,59.1,19
West,2023,Wheat,770.32,5.11,3936.34,325.3,16.3,6.87,152.2,17
East,2020,Corn,143.01,1.32,188.77,170.1,18.8,7.01,73.9,11
West,2022,Barley,141.3,1.53,216.19,173.4,32.6,7.18,94.9,10
South,2021,Corn,829.77,1.45,1203.17,293.2,31.4,6.45,160.8,14
East,2022,Corn,490.84,1.23,603.73,336.7,21.1,6.63,74.5,4
South,2023,Barley,407.06,4.3,1750.36,274.7,22.6,7.29,129.8,9
West,2022,Corn,646.77,3.94,2548.27,365.5,23.8,6.89,138.4,17
East,2020,Rice,731.71,4.31,3153.67,163.4,21.9,5.77,74.7,14
South,2023,Wheat,281.08,3.53,992.21,175.7,28.1,7.06,91.2,12
West,2020,Soybean,266.89,5.09,1358.47,291.1,15.3,5.55,141,1
West,2023,Barley,962.34,3.73,3589.53,348.8,32.6,7.2,119.2,1
East,2020,Soybean,630.7,5.59,3525.61,261.8,21,7.08,149,17
West,2023,Wheat,451.1,3.43,1547.27,103.1,32.4,7.16,178.2,2
North,2020,Rice,821.3,4.95,4065.44,303.1,24.1,5.55,70.3,15
South,2023,Rice,572.64,3.04,1740.83,344.1,30.5,7.44,60.6,1
South,2020,Rice,317.5,3.18,1009.65,183,31.5,6.73,150,8
West,2023,Rice,286.06,5.24,1498.95,116.3,21,7.1,165.6,9
West,2020,Barley,457.17,1.54,704.04,255.4,27.8,6.63,117.4,4
North,2021,Barley,873.91,3.82,3338.34,112.6,27.1,6.18,109.1,12
East,2022,Corn,155.3,4.63,719.04,224.8,24.5,6.09,139.5,6
West,2023,Corn,296.67,4.75,1409.18,105.3,24.4,5.64,132.7,1
West,2020,Wheat,903.84,3.96,3579.21,167.5,21.1,6.59,123.5,9
West,2021,Corn,209.56,3.24,678.97,216.6,21.2,5.79,172.8,6
West,2023,Wheat,666.66,2.3,1533.32,133.5,26,6.64,76,4
South,2023,Wheat,292.16,5.55,1621.49,134.2,15.6,6.75,152.2,5
West,2023,Wheat,645.28,2.85,1839.05,348.1,33.7,6.38,161.2,8
South,2022,Rice,444.79,4.99,2219.5,112.4,28,5.81,185.2,7
West,2020,Soybean,191.51,1.16,222.15,306.7,23.9,6.37,191.8,17
East,2020,Soybean,624.23,2.16,1348.34,344.3,16.2,7.26,126.2,0
North,2023,Barley,714.74,2.73,1951.24,139.2,27.6,6.42,115,14
East,2023,Wheat,712.25,4.36,3105.41,158.6,15.4,6.19,125.6,16
West,2023,Rice,673.33,2.6,1750.66,292.4,28.6,6.76,159.9,17
West,2021,Corn,550.2,1.21,665.74,194.7,16.5,6.74,52.6,19
West,2023,Corn,567.53,1.87,1061.28,242.9,28.1,5.68,76.1,17
East,2022,Barley,672.08,2.3,1545.78,350.8,23.1,5.97,186.1,4
West,2020,Barley,721.23,1.88,1355.91,141.4,28.3,6.49,79.3,6
East,2022,Wheat,689.39,2.02,1392.57,285.9,17.8,6.23,84.3,4
South,2023,Wheat,628.25,4.84,3040.73,382.7,17.3,6.14,190.9,13
North,2021,Corn,240.26,3.06,735.2,117.2,19.9,6.39,94.1,2
North,2023,Corn,289.55,3.03,877.34,118,23.2,6.08,93.6,12
East,2023,Corn,334.2,5.83,1948.39,266.4,20.1,6.19,188.6,3
South,2023,Corn,927.7,3.23,2996.47,388,16.6,7.05,106.3,16
East,2023,Soybean,783.46,5.64,4418.71,166.1,21.5,6.52,124.1,0
South,2023,Wheat,597.58,2.5,1493.95,199.2,29.1,7.25,134.1,12
West,2020,Wheat,326.85,3,980.55,129.6,26.7,7.4,180.2,7
South,2022,Corn,199.8,2.98,595.4,208.7,34.3,7.34,61.6,5
South,2021,Rice,908.88,3.73,3390.12,113.3,23.7,6.01,89.1,13
South,2023,Corn,903.4,3.92,3541.33,216.7,21.7,6.45,138.1,8
North,2021,Barley,199.63,2.24,447.17,266.6,28.9,6.57,115.2,11
South,2020,Rice,817.49,4.97,4062.93,392.5,23.2,7.2,91.7,0
West,2022,Barley,501.98,3.48,1746.89,345.5,27.4,6.62,111.4,14
West,2023,Rice,391.57,1.04,407.23,346.6,33.9,6.01,194.9,6
West,2020,Barley,765.19,3.96,3030.15,168.4,25,6.6,53.2,16
South,2020,Corn,652.9,4.99,3257.97,126.2,25,5.59,72,11
East,2022,Corn,802.03,2.25,1804.57,280.9,30.5,7.17,52.8,13
East,2023,Rice,166.9,1.19,198.61,256.3,30.1,6.63,139,12
West,2022,Barley,386.73,5.04,1949.12,255,25.3,6.8,51.9,9
North,2022,Soybean,387.39,5.88,2277.85,132.7,16.3,5.9,118.1,12
East,2021,Rice,396.78,1.38,547.56,248.2,34.6,6.62,178.9,6
South,2021,Rice,552.23,5.69,3142.19,145.1,22.5,6.56,64.6,12
East,2022,Wheat,354.71,2.8,993.19,226.6,21.3,6.74,104.8,6
West,2021,Rice,499.95,5.71,2854.71,118.6,34.6,7.19,106.7,2
North,2020,Soybean,431,4.24,1827.44,357.1,32.4,7.03,104.3,5
East,2022,Corn,761.77,5.45,4151.65,104,21.6,6.59,159.1,13
East,2023,Barley,643.15,4.93,3170.73,381.8,21.2,7.29,50.7,17
West,2023,Wheat,688.27,1.14,784.63,358.9,29.4,6.22,167,15
North,2020,Barley,289.53,1.33,385.07,325.8,21.7,6.49,175.9,6
North,2023,Corn,392.95,3.63,1426.41,394.8,20,6.8,114.7,4
West,2023,Rice,119.05,1.65,196.43,116.1,34.6,6.38,183.1,17
South,2022,Soybean,197.54,3.31,653.86,292.5,26.3,6.22,107.2,12
East,2020,Wheat,338.55,5.77,1953.43,354.8,30.2,5.72,154.2,3
South,2022,Soybean,158.92,2.47,392.53,138,29.3,6.77,108.3,10
East,2020,Soybean,642.37,3.44,2209.75,275.4,30.1,5.89,55.7,16
East,2022,Soybean,998.32,2.92,2915.09,218.2,33.1,5.78,62.5,11
South,2022,Soybean,190.73,4.15,791.53,230.7,25,5.86,116.3,4
West,2021,Corn,839.11,1.97,1653.05,373.8,30.1,6.88,198.5,16
West,2023,Soybean,206.93,2.3,475.94,261.6,30.9,5.78,76.6,4
East,2020,Soybean,702.92,5.29,3718.45,128,33.9,7.45,184.3,2
West,2023,Corn,678.84,5.06,3434.93,381.2,29.3,7.02,187.9,12
East,2021,Barley,912.45,4.95,4516.63,155.6,32.9,6.29,111.4,18
West,2020,Corn,202.55,4.85,982.37,367.8,16.9,6.69,119.3,12
East,2021,Rice,383.9,3.3,1266.87,391.3,17.5,5.52,125.4,8
West,2023,Corn,181.7,4.64,843.09,363.4,18.2,7.19,165.6,15
North,2022,Barley,466.64,2.94,1371.92,303.1,17.9,6.04,68.6,19
South,2021,Rice,920.43,1.5,1380.64,323.1,16.8,5.64,99.3,14
North,2021,Rice,803.37,2.97,2386.01,310,17.5,7.02,75.6,7
South,2022,Wheat,750.61,1.79,1343.59,238.2,34.9,6.16,181.8,15
South,2023,Soybean,579.72,2.95,1710.17,182.3,20.4,6.64,60.6,16
East,2021,Rice,895.14,2.49,2228.9,185.5,24.6,7.19,162.2,17
South,2023,Rice,504.5,4,2018,319.4,31.4,7.05,116,18
North,2022,Barley,234.72,2.81,659.56,287.8,17.4,6.17,157.2,10
North,2020,Rice,853.83,4.53,3867.85,275.5,21.3,7.24,183.5,4
West,2021,Barley,351.67,3.56,1251.95,295.8,18.2,6.28,100.9,12
North,2023,Soybean,148.27,5.6,830.31,332.4,16.3,6.5,84.1,14
West,2022,Wheat,213.43,1.46,311.61,324.5,34.2,6.72,147.5,4
South,2022,Wheat,648.15,4.44,2877.79,131.6,32.2,5.64,199.6,14
North,2021,Soybean,646.37,4.36,2818.17,208.9,32.6,6.69,159.4,5
South,2020,Soybean,334.16,5.75,1921.42,179.2,32.4,6.65,169.3,8
North,2021,Corn,754.46,2.86,2157.76,261.5,18.1,7.25,144.5,14
North,2023,Rice,796.28,2.53,2014.59,118.4,30.7,6.21,105.2,11
West,2022,Rice,928.45,1.86,1726.92,328.7,29.6,5.98,148.2,12
South,2020,Rice,626.44,2.33,1459.61,132,33.5,6.45,69.3,5
North,2023,Barley,801.48,3.51,2813.19,181.4,19.4,6.87,123.3,6
East,2021,Corn,777.79,5.19,4036.73,334.8,23.3,6.62,136,15
South,2022,Rice,332.03,2.42,803.51,115.5,20.9,5.78,186,18
South,2021,Barley,379.2,1.79,678.77,298.1,20.2,6.2,188,0
South,2020,Barley,530.63,2.36,1252.29,377.3,28,5.63,59,17
West,2020,Wheat,117.14,1.5,175.71,285.3,18.3,6.98,144.8,3
East,2020,Barley,367.66,5.63,2069.93,313.8,24.3,7.27,169.5,8
South,2020,Soybean,526.49,5.36,2821.99,337.7,27.9,5.59,130.5,0
North,2020,Barley,197.26,2.54,501.04,166.7,17.6,6.55,64.4,12
North,2021,Soybean,213.65,2.23,476.44,274.3,20.1,6.63,84.9,5
West,2020,Soybean,516.91,5.53,2858.51,192.7,34.3,6.38,97,19
North,2020,Wheat,757.87,1.01,765.45,174.8,30.9,6.51,149.4,5
South,2022,Wheat,850.37,4,3401.48,157.7,28.5,6.92,59.8,1
North,2020,Barley,591.68,5.58,3301.57,275.6,32.1,6.47,132.4,17
South,2022,Wheat,527.27,3.54,1866.54,338.4,15.3,7.34,66.3,6
North,2022,Wheat,445.85,1.01,450.31,362.8,15.1,6.58,109.3,4
East,2022,Rice,273.65,2.09,571.93,228.6,18.1,5.64,113.8,15
West,2021,Barley,231.91,5.61,1301.02,211.9,24.9,7.41,117.8,13
West,2021,Barley,812.71,1.09,885.85,306.2,26.4,5.79,156.6,13
East,2023,Barley,518.51,2.97,1539.97,334.1,17.3,7.07,62.2,3
East,2023,Wheat,811.29,4.95,4015.89,176,16.4,6.55,90.2,13
West,2022,Wheat,733.67,5.19,3807.75,189.2,31.6,6.98,146.2,0
East,2021,Soybean,274.51,3.39,930.59,260,24.3,6.53,191.5,0
South,2020,Corn,559.28,2.16,1208.04,233.3,34.8,5.62,143.1,7
North,2023,Corn,499.61,4,1998.44,311.7,19.6,6.25,182.5,0
West,2021,Corn,481.49,2.32,1117.06,251.3,27.9,6.74,195.3,19
East,2020,Rice,588.31,2.28,1341.35,133.5,31.1,6.76,182.6,5
South,2020,Wheat,983.87,5.04,4958.7,149.8,32.5,7.45,195.8,0
West,2021,Soybean,831.61,1.77,1471.95,370.6,21.1,6.71,166.6,8
East,2023,Soybean,913.34,1.03,940.74,168.2,18.9,6.07,183.1,0
West,2021,Corn,126.68,2.68,339.5,115,19.5,5.59,123.7,17
East,2023,Rice,226.3,3.45,780.74,319.4,28.3,7.08,101.8,4
West,2022,Rice,176.29,4.53,798.59,305.2,25.4,7.28,200,18
South,2021,Corn,336.91,4.91,1654.23,280,27,6.73,64.7,0
South,2021,Corn,497.7,4.32,2150.06,250.7,15.4,6.46,193.7,4
North,2023,Wheat,677.85,4.13,2799.52,390.9,22.8,7.22,114.6,11
West,2023,Rice,550.75,4.33,2384.75,135.9,21.2,5.98,53.4,0
North,2021,Soybean,912.87,2.36,2154.37,253,32.3,6.3,170.5,5
West,2020,Corn,945.87,2.91,2752.48,269.2,30.5,6.52,116.6,16
East,2020,Wheat,247.17,4.08,1008.45,106.7,23.6,5.6,169.8,7
East,2020,Soybean,867.62,1.33,1153.93,223.6,27.6,6.88,56.7,4
North,2022,Rice,533.55,2.48,1323.2,334.8,16,5.88,196.1,2
West,2022,Corn,508,3.03,1539.24,241.3,27.7,6.17,150.7,14
North,2023,Corn,806.45,3.67,2959.67,362.6,16.9,6.33,57.2,7
South,2022,Wheat,183.83,3.43,630.54,293.4,29.3,6.78,50.7,2
North,2020,Wheat,894.24,4.59,4104.56,329.8,26.5,5.63,139.1,15
North,2021,Rice,703.78,3.37,2371.74,341.3,21,6.18,196.5,6
East,2022,Corn,887.74,5.52,4900.32,306.9,22.4,6.05,128.6,16
North,2022,Wheat,995.03,2.9,2885.59,324.8,16.8,5.5,103.1,18
West,2020,Corn,566.2,3.63,2055.31,308.6,21.5,6.88,190.8,2
East,2022,Rice,183.94,1.02,187.62,265.1,34.3,5.97,197.6,6
North,2023,Corn,249.87,2.55,637.17,270,24.7,5.83,167.7,18
South,2021,Soybean,391.26,5.33,2085.42,157,24.5,7.1,157.7,2
North,2020,Corn,193.2,2.67,515.84,348.2,27.6,5.58,50.3,17
North,2023,Barley,833.81,2.27,1892.75,193.6,24.7,7.3,97.1,16
North,2020,Barley,367.18,3.72,1365.91,260.7,22.1,6.87,188.8,10
East,2023,Rice,978.3,1.39,1359.84,174.9,17.8,5.84,105.2,11
West,2021,Rice,732.33,3.66,2680.33,308.8,27.6,6.2,100.2,13
South,2021,Rice,256.09,2.52,645.35,392.6,30,7.4,130.6,3
North,2023,Soybean,528.44,2.92,1543.04,340.6,33.5,6.74,117.2,11
West,2023,Soybean,520.2,4.96,2580.19,285.7,15.1,6.72,178.8,11
West,2023,Corn,543.26,4.31,2341.45,270.3,16.3,6.81,62.3,19
East,2023,Wheat,582.12,3.23,1880.25,246.9,33,6.43,148.8,9
South,2023,Barley,128.06,3.89,498.15,161.5,27.6,5.83,154.6,2
East,2023,Barley,717.67,4.83,3466.35,204.4,34.2,5.8,182,4
West,2021,Barley,538.47,4.73,2546.96,221.9,23.6,6.87,112.4,19
West,2023,Corn,811.87,1.93,1566.91,383.4,23.3,7.27,94.3,7
West,2022,Corn,833.81,2.5,2084.52,227.7,21.9,6.1,144,10
East,2021,Rice,307.48,2.74,842.5,275.9,17.9,6.51,158.7,14
South,2020,Wheat,143.58,1.94,278.55,376.7,22.6,7.48,75.6,9
North,2021,Rice,732.91,1.06,776.88,255.5,15.3,6.01,73.7,0
East,2020,Corn,979.99,1.87,1832.58,175.4,25.2,6.28,89.5,10
West,2020,Soybean,501.99,5.04,2530.03,214.3,31.9,6.23,87.2,12
East,2022,Rice,333.65,3.73,1244.51,212.7,21.4,5.57,162.6,8
West,2023,Corn,241,2.71,653.11,314.4,16.9,6.52,129.6,3
North,2023,Corn,358.7,4.04,1449.15,188.8,34.5,5.92,132.2,14
North,2021,Soybean,395.13,4.7,1857.11,319.1,17.6,5.76,52.2,1
South,2023,Soybean,481.49,2.77,1333.73,366.8,25.6,6.92,199.1,8
West,2022,Soybean,689.87,3.33,2297.27,200.8,31.2,7.03,174.5,8
South,2021,Wheat,345.85,1.32,456.52,140.6,20,7.28,116.5,10
South,2021,Corn,145.88,3.99,582.06,291.6,31.8,7.37,60,19
North,2021,Soybean,435.95,2.78,1211.94,208.3,26.1,7.24,154.1,10
East,2023,Wheat,870.07,3.17,2758.12,260.2,21.6,5.74,130.3,6
East,2023,Barley,548.52,3.11,1705.9,290.2,32.3,5.95,151.6,14
South,2023,Barley,968.31,4.16,4028.17,222.3,27.4,5.74,151.6,2
North,2021,Barley,553.26,3.86,2135.58,377.4,27.3,6.21,73.2,16
West,2021,Corn,348.31,3.11,1083.24,219.9,25.1,5.75,99.3,3
East,2020,Wheat,273.98,1.08,295.9,192.2,20.5,6.81,52.7,19
South,2020,Wheat,725.07,4.1,2972.79,365.7,21.1,6.93,197.3,4
East,2023,Barley,582.74,5.4,3146.8,140.9,16.8,5.82,171,19
East,2021,Rice,643.6,4.85,3121.46,137.3,19.9,6.74,189.3,8
West,2023,Barley,779.61,5.91,4607.5,380.7,20.6,5.55,56.6,4
North,2023,Corn,753.31,1.7,1280.63,162.7,16.2,6.37,125.1,13
West,2020,Barley,139.03,2.11,293.35,144.5,17.2,6.07,162.1,11
North,2022,Barley,822.31,3.7,3042.55,260.6,20.4,7.5,65.6,17
East,2023,Wheat,579.43,2.18,1263.16,114,28.5,7.35,166.6,16
South,2022,Barley,452.54,1.17,529.47,286,18.7,5.8,147.1,16
West,2022,Soybean,583.77,3.01,1757.15,235.9,25.4,7.33,197.7,16
North,2021,Soybean,651.21,2.44,1588.95,292.1,25.2,6.34,71.1,5
East,2021,Rice,234.56,2.32,544.18,185.2,31.7,6.65,144.4,13
North,2023,Corn,475.67,5.77,2744.62,371.6,27.2,6.57,192.1,9
North,2020,Corn,402.03,2.19,880.45,181.2,33.3,6.95,161.6,9
North,2020,Wheat,415.37,1.65,685.36,291.3,27.6,6.17,100.4,11
East,2023,Corn,182.2,1.63,296.99,383.5,15.5,5.64,67.9,4
South,2023,Rice,243.86,5.03,1226.62,220.2,22.6,6.34,194.6,12
South,2020,Soybean,245.65,4.57,1122.62,148.4,29,6.59,60.8,0
South,2022,Wheat,435.9,1.65,719.23,120.5,24.5,6.61,196.3,8
North,2023,Soybean,905.04,2.1,1900.58,388.9,23.4,7.09,95.5,3
East,2022,Rice,285.42,4.74,1352.89,329.1,28.4,5.59,179,4
North,2023,Wheat,474.57,2.37,1124.73,375.7,20.7,7.48,133.1,12
South,2023,Barley,380.45,5.91,2248.46,309.6,33.2,7.48,186.9,19
South,2022,Corn,808.64,3.7,2991.97,202.7,23.3,5.7,114,15
East,2022,Rice,145.11,1.96,284.42,136.9,27.6,6.19,177.5,5
North,2020,Wheat,276.89,5.29,1464.75,378.8,34.6,6.68,85.8,0
West,2023,Soybean,289.58,2.6,752.91,246.9,30.7,6.25,120,3
West,2021,Wheat,993.67,2.44,2424.55,219,25.6,6.48,176.9,9
South,2021,Barley,613.7,2.64,1620.17,273.3,32.2,6.15,67.8,2
East,2023,Rice,225.06,4.84,1089.29,132,26.2,6.92,159.3,2
North,2023,Wheat,344.98,1.87,645.11,192.8,23.8,6.23,115.5,11
North,2023,Rice,251.04,2.91,730.53,291.4,32.5,6.36,127,7
South,2022,Rice,212.14,1.15,243.96,130,15.5,6.65,136.9,4
South,2021,Soybean,817.46,5.13,4193.57,140.6,23.1,7.44,91.3,1
North,2021,Corn,546.18,2.7,1474.69,253.2,21.9,6.78,64.5,19
North,2021,Barley,668.09,2.24,1496.52,287,29.3,5.69,52.8,13
South,2023,Wheat,398.13,3.9,1552.71,156.1,15.3,6.14,114.6,5
North,2022,Corn,598.33,4.52,2704.45,109.9,28.2,6.34,90.3,0
West,2023,Soybean,331.81,5.06,1678.96,387.5,21.9,6.98,144.9,16
South,2020,Corn,377.23,2.74,1033.61,108.2,17,6.39,157.4,0
North,2020,Rice,687.01,5.06,3476.27,100.6,34.6,6.82,125.6,11
South,2021,Rice,235.32,3.32,781.26,197,19.2,7.18,142.8,11
East,2023,Barley,655.5,1.51,989.8,166.7,22,5.71,134.1,14
South,2020,Wheat,867.01,5.23,4534.46,272.1,19.1,7.03,50.7,2
South,2020,Wheat,208.38,3.74,779.34,368.3,28.2,6.99,176.3,13
East,2023,Soybean,907.72,4.01,3639.96,244.3,30.7,7.14,58.9,0
West,2022,Barley,171.5,5.69,975.84,332,32.2,7.41,111.6,13
North,2023,Wheat,414.02,3.8,1573.28,372.8,21.2,6.12,66.7,13
East,2023,Rice,649.46,1.03,668.94,156.8,25.5,6.36,149.3,5
South,2022,Barley,603.47,5.35,3228.56,246.5,28.3,6.03,98.8,12
North,2021,Corn,186.75,2.42,451.94,292.6,27.6,6.15,60.7,4
East,2021,Barley,819.02,3.51,2874.76,199.6,29.3,6.16,56.8,11
North,2021,Barley,975.84,2.02,1971.2,321.9,30.4,7.24,85.6,2
North,2022,Wheat,263.11,2.48,652.51,311.6,16.9,5.63,150.1,1
East,2020,Soybean,905.62,4.43,4011.9,226.3,18.4,5.91,157.7,0
North,2022,Soybean,601.13,3.15,1893.56,126.4,29.7,6.72,69.3,17
West,2023,Wheat,942.34,4.14,3901.29,103.5,24.5,7.03,70.9,14
East,2022,Wheat,258.48,5.12,1323.42,210.8,23.5,6.89,139,15
West,2020,Wheat,812.82,2.7,2194.61,124.6,24.1,5.59,193.6,4
South,2020,Soybean,153.8,3.84,590.59,334.5,22.4,6.41,132.9,15
North,2023,Wheat,894.88,4.89,4375.96,200.3,26.8,5.87,156.8,11
South,2021,Corn,706.74,4.58,3236.87,299.8,21.5,7.48,136.3,15
South,2020,Corn,433.23,3.7,1602.95,203.9,27.7,7.5,65.7,10
North,2020,Rice,271.42,2.92,792.55,338.8,19.1,5.6,192,7
East,2020,Corn,834.88,3.04,2538.04,366.5,30.2,6.84,60.8,2
North,2023,Barley,642.92,3.17,2038.06,351.3,30.6,7.13,164,15
South,2020,Rice,424.37,2.74,1162.77,245.3,26.6,6.15,196.9,6
South,2021,Corn,499.45,4.5,2247.52,125.2,22.4,6.89,97.8,1
East,2023,Barley,843.89,1.63,1375.54,211.5,15.3,5.88,75.7,18
North,2021,Corn,405.03,5.84,2365.38,227.3,17.4,5.76,134.9,2
South,2020,Barley,180.67,4.89,883.48,388.1,16.6,7.35,169.3,10
West,2020,Wheat,920.15,2.49,2291.17,269.6,15.2,6.79,192.4,8
South,2021,Barley,448.61,1.21,542.82,292.3,29.4,7.13,154.1,10
South,2023,Wheat,413.55,4.56,1885.79,334.6,34.1,6.57,100.4,0
East,2023,Barley,283.96,4.67,1326.09,270.5,15.2,5.81,124.2,0
West,2021,Barley,907.68,5.82,5282.7,279.5,17.3,6.25,164.2,11
South,2020,Corn,295.75,2.27,671.35,173.6,32.2,7.26,168.2,9
South,2022,Barley,673.01,1.41,948.94,117.7,28.8,5.53,61.2,11
West,2021,Corn,892.69,5.58,4981.21,316.4,23.1,5.91,142.1,13
North,2021,Barley,131.42,2.29,300.95,354.6,34.9,6.01,195.1,10
North,2021,Soybean,845.91,4.61,3899.65,223.6,26.5,6.03,167.8,3
South,2020,Rice,469.54,1.3,610.4,264.7,28.4,5.7,51.1,9
South,2023,Corn,692.18,4.8,3322.46,192.2,28.1,7.2,83.7,16
North,2020,Corn,435.16,1.64,713.66,235.1,19.5,5.82,116.8,0
East,2021,Wheat,725.96,4.48,3252.3,162.7,24.8,7.16,155.9,5
West,2020,Soybean,328.87,3.66,1203.66,328,19.3,6.21,133.3,4
West,2020,Wheat,119.74,5.78,692.1,247.6,25.2,6.41,61.6,17
East,2021,Soybean,953.01,1.18,1124.55,264.1,15.6,6.43,160.7,17
East,2020,Soybean,114.73,2.46,282.24,111.1,22.6,6.93,175.8,3
East,2022,Barley,841.69,1.35,1136.28,286.7,22.4,6.96,80.9,17
East,2020,Wheat,252.22,5.4,1361.99,160.8,20.8,6.78,60.1,19
East,2020,Rice,453,3.97,1798.41,215,16.6,7.05,168.6,19
East,2023,Soybean,840.24,3.67,3083.68,223.8,30.4,5.52,146.1,15
West,2023,Soybean,285.34,1.66,473.66,234.6,23.4,6.51,170.5,14
East,2021,Corn,879.14,3.45,3033.03,168.2,31.3,6.55,135,12
North,2021,Barley,547.98,2.99,1638.46,355,31.7,5.98,114.3,2
East,2023,Rice,429.54,2.58,1108.21,228.4,19.3,6.61,194.5,17
East,2022,Soybean,696.19,4.86,3383.48,283.6,23.4,6.43,167,0
West,2020,Corn,407.25,1.31,533.5,284.2,29.4,6.44,111.8,4
West,2022,Wheat,412.56,4.23,1745.13,282.1,25,5.74,186.1,3
East,2022,Soybean,760.17,5.11,3884.47,267.8,32.1,6.37,199,8
West,2023,Corn,378.85,5.54,2098.83,346.8,26.4,7.03,96.2,0
South,2021,Wheat,280.7,4.73,1327.71,343.8,27.6,6.32,183.9,9
West,2020,Barley,826.88,2.41,1992.78,225.1,30.7,6.47,56.8,11
West,2021,Wheat,824.83,4,3299.32,290.8,17.4,7.44,82.2,11
West,2022,Soybean,547.83,1.71,936.79,130.8,26.7,7.24,74.1,14
West,2022,Rice,573.99,1.59,912.64,127.2,16.7,7.36,103.5,19
North,2021,Wheat,726.47,4.19,3043.91,244,20.2,5.66,134.4,1
North,2021,Rice,558.35,5.26,2936.92,370.1,19.3,6.74,158,14
North,2023,Rice,475.34,1.34,636.96,295,26.3,5.95,185.4,2
East,2021,Wheat,995.4,1.53,1522.96,300.8,31.9,6.31,73.8,9
East,2021,Barley,232.88,3.83,891.93,147.3,17.7,6.86,136.7,1
South,2023,Wheat,633.46,2.09,1323.93,236,30.4,6.66,133.2,7
North,2021,Corn,897.28,4.06,3642.96,220.2,17.9,6.51,118.8,0
East,2022,Rice,718.49,2.07,1487.27,334.9,18.8,7.13,154.2,14
West,2021,Soybean,892.83,1.58,1410.67,141.3,33.3,6.87,127,3
West,2020,Rice,402.7,3.73,1502.07,261.8,15.2,7.14,132.5,2
North,2022,Soybean,344.79,5.31,1830.83,373.4,18.9,7.36,185.5,12
South,2023,Corn,866.15,4.43,3837.04,367.7,19.3,6.92,179,9
South,2022,Corn,454.7,5.09,2314.42,355.7,20.6,6.29,136.6,1
West,2023,Corn,738.71,2.33,1721.19,212.5,22.3,5.93,73.4,18
South,2020,Wheat,232.97,5.43,1265.03,382.3,17.1,6.04,193.8,18
North,2020,Rice,780.25,2.89,2254.92,341.6,24.4,6.29,143.4,13
West,2022,Soybean,594.08,5.26,3124.86,355.3,23,6.98,171.1,8
East,2021,Corn,341.75,3.36,1148.28,379.7,27.5,5.58,58.3,18
East,2022,Corn,545.05,2.34,1275.42,381.1,32.4,7.13,184.5,19
South,2022,Soybean,727.25,2.3,1672.68,172,21,7.02,154,16
West,2020,Rice,110.7,3.84,425.09,138.3,25.9,6.5,152.8,4
West,2023,Rice,673.72,1.4,943.21,307.3,22.4,6.3,66.5,1
East,2022,Soybean,587.43,5.65,3318.98,269,15.8,5.73,156.9,6
West,2021,Barley,298.26,2.36,703.89,198.2,31.4,6.08,61.5,1
West,2020,Rice,777.68,2.68,2084.18,305.3,27.7,5.72,58.4,11
West,2022,Soybean,373.11,2.17,809.65,118.6,15,7.14,98.8,13
South,2022,Soybean,349.17,1.02,356.15,114.2,20,6.52,53.5,6
West,2021,Corn,524.1,4.46,2337.49,206.3,21.2,5.99,73.9,13
North,2022,Soybean,708.53,3.95,2798.69,158.2,31.2,5.54,158.9,11
South,2022,Wheat,935.96,5.05,4726.6,315.6,30.2,6.55,175.2,15
West,2022,Corn,227.22,1.21,274.94,384.4,22.9,7,76.9,13
West,2022,Corn,456.82,5.64,2576.46,298.5,18.1,7.03,173.5,3
North,2021,Rice,160.29,2.65,424.77,296.4,22.7,5.93,122.1,13
South,2022,Barley,782.7,5.57,4359.64,102,31.2,7.49,193.7,0
East,2022,Rice,502.96,1.54,774.56,253.7,24,6.64,70.9,9
East,2022,Wheat,736.24,4.72,3475.05,345.1,17.3,6.16,58,2
South,2020,Corn,389.97,3.9,1520.88,296.2,15.8,6.29,176.8,14
West,2021,Corn,859.89,2.79,2399.09,168.3,21.7,5.75,104.3,12
West,2020,Soybean,581.35,1.4,813.89,354.5,18,6.49,118.6,7
East,2020,Barley,949.25,4.02,3815.98,389.3,29.9,7.01,126.8,1
East,2021,Barley,170.93,1.13,193.15,183.7,20.6,6.32,173.8,19
East,2020,Soybean,562.85,3.51,1975.6,162.1,32.5,7.23,61.4,8
North,2020,Wheat,789.81,4.02,3175.04,201.6,27.3,6.45,132.7,10
East,2020,Barley,640.14,4.66,2983.05,118.9,22.9,7.3,114.6,1
North,2021,Corn,120.87,5.96,720.39,362,27.2,6.91,101,7
South,2022,Wheat,975.1,2.3,2242.73,378.8,20.9,5.61,102.2,8
West,2023,Rice,368.44,2.61,961.63,290,17.8,5.63,189.6,11
East,2023,Rice,324.35,2.71,878.99,329.3,34.3,7.1,90.2,18
West,2021,Wheat,537.09,4.66,2502.84,300.6,26.3,6.21,118.2,14
West,2023,Corn,587.94,5.66,3327.74,213.2,15.1,5.88,123.9,3
East,2021,Rice,789.66,5.87,4635.3,289.6,21.2,7.23,158,9
East,2021,Corn,453.95,5.73,2601.13,350.9,18.2,7.47,127.8,12
South,2023,Soybean,495.96,5.4,2678.18,343,20.2,7.12,143.2,7
North,2020,Barley,581.46,5.95,3459.69,124.3,16.1,6.95,109.8,10
North,2022,Wheat,454.95,2.88,1310.26,238.8,19.9,5.5,157.8,4
West,2023,Barley,923.09,5.74,5298.54,219.2,28.7,5.71,119.9,14
East,2023,Soybean,866.13,4.81,4166.09,325.6,31.4,6.84,83.4,0
South,2023,Rice,509.48,1.84,937.44,250.4,21.9,6.32,172.5,16
South,2023,Corn,100.18,1.23,123.22,204.9,25.4,5.54,164.8,11
South,2021,Corn,910.84,2.07,1885.44,311.9,15.8,6.98,144.1,3
South,2021,Soybean,211.9,4.89,1036.19,242.1,16.8,6.34,128.3,6
South,2022,Wheat,320.06,4.16,1331.45,177,26,6.82,81.3,10
North,2022,Barley,237.13,2.12,502.72,367.1,31.8,6.44,180.3,11
North,2023,Rice,261.83,4.71,1233.22,133.9,16.8,5.55,64.6,15
North,2023,Wheat,822.59,1.71,1406.63,105.4,23.4,6.77,107.5,17
East,2023,Soybean,621.55,5.11,3176.12,143.2,34.4,7.08,177.9,13
West,2022,Soybean,960.49,4.97,4773.64,149.1,29.8,5.81,139.3,14
South,2023,Corn,308.31,5.86,1806.7,261.4,19,7.28,115.8,16
East,2020,Rice,537.07,1.75,939.87,287.5,20.7,5.86,168.7,1
South,2022,Wheat,979.69,5.53,5417.69,234.6,34,6.35,198.4,2
North,2020,Corn,843.8,2.71,2286.7,161.3,19.4,6.55,78.3,4
East,2023,Rice,755.75,3.08,2327.71,139.7,23.8,6.13,57.6,0
North,2021,Barley,270.08,3.34,902.07,247.6,22.1,6.5,119.4,9
South,2020,Barley,792.46,4.13,3272.86,269.6,24.8,6.94,93.1,14
South,2022,Corn,412.81,5.97,2464.48,191.2,19.7,6.93,150,9
West,2020,Wheat,577.48,4,2309.92,166.1,28.4,7.34,124.1,3
South,2022,Rice,648.25,5.63,3649.65,124.2,19.7,7.22,124.9,12
North,2023,Barley,648.43,2.28,1478.42,107.9,27,7.47,103.2,15
South,2020,Barley,753.87,2.99,2254.07,131.7,22.2,6.69,81.6,9
West,2021,Wheat,695.53,3.52,2448.27,322.6,20,6.3,82,1
West,2020,Corn,161.53,2.61,421.59,203.2,28.9,5.98,108,7
North,2021,Soybean,511.61,5.88,3008.27,108.2,34.3,5.99,152.3,13
East,2022,Rice,697.62,4.63,3229.98,252.4,32.4,5.8,100.6,4
South,2023,Barley,366.39,3.39,1242.06,260.8,16.7,6.95,98.9,17
West,2023,Soybean,381.75,4.76,1817.13,228.6,24.1,6.81,113.8,7
South,2021,Wheat,212.11,3.34,708.45,133.2,28.9,6.08,198.6,11
South,2022,Corn,476.75,1.09,519.66,326.5,26.3,7.28,63.7,17
East,2023,Rice,988.15,3.72,3675.92,306.7,29.5,6.6,94.2,12
West,2022,Wheat,356.79,4.13,1473.54,218.4,34.5,5.64,93.8,4
South,2021,Corn,578.29,5.91,3417.69,214.2,21.8,5.62,196.2,10
West,2021,Wheat,768.91,1.2,922.69,146.8,30.4,5.79,111.1,2
North,2020,Barley,112.15,3.56,399.25,326.1,16.9,5.92,135,15
North,2023,Barley,910.4,1.49,1356.5,279.9,32.4,7.27,79.7,7
South,2023,Soybean,447.9,1.74,779.35,125.7,30.6,7.06,51.9,16
West,2020,Wheat,882.2,4.05,3572.91,213.4,25.4,5.9,100.9,5
South,2021,Barley,135.05,2.16,291.71,371.1,31.4,6,145.9,12
West,2021,Corn,231.1,4.75,1097.72,235.7,28.3,6.77,153.7,16
West,2021,Soybean,390.28,3.57,1393.3,197.5,26,7.24,163.1,2
East,2021,Rice,410.92,2.09,858.82,293.1,33.9,6.13,179.1,12
East,2022,Wheat,863.01,3.47,2994.64,160.9,17.6,6.55,67.3,7
East,2023,Barley,110.08,1,110.08,257.1,34.9,7.28,62.4,7
South,2023,Corn,677,5.31,3594.87,300.9,18.1,7.04,168.2,18
East,2021,Wheat,218.18,1.06,231.27,356.5,24.6,7.28,115.4,9
East,2021,Corn,840.89,1.04,874.53,307.8,19.6,6.06,192.1,14
North,2021,Soybean,800.72,4.06,3250.92,215.3,20.4,6.88,191.5,6
West,2023,Barley,549.93,5.87,3228.09,330.3,27.6,5.73,71.2,17
West,2023,Barley,291.42,5.28,1538.7,369.5,15.7,6.73,153.7,0
East,2021,Soybean,671.05,2.26,1516.57,243.3,33.8,6.11,60.1,12
West,2022,Corn,240.63,1.98,476.45,101.4,20.6,6.9,110.5,16
North,2020,Wheat,271.02,4.13,1119.31,364.3,20.5,5.78,176.3,18
North,2020,Corn,664.02,5.11,3393.14,149.6,32.3,6.83,119.1,1
East,2020,Wheat,992.11,2.81,2787.83,137.9,30.3,6.92,55,7
North,2023,Soybean,901.95,3.16,2850.16,192.3,28.4,7.21,86,10
West,2023,Rice,633.8,1.58,1001.4,214,17.9,6.87,63,11
South,2020,Wheat,584.68,1.76,1029.04,339.8,30.4,6.55,111.2,2
West,2020,Barley,998.55,3.84,3834.43,216.8,22.2,7.07,154.5,4
South,2022,Barley,592.66,1.51,894.92,114.6,34.9,6.07,149.1,11
East,2023,Barley,478.1,2.01,960.98,290.8,28.4,6.85,157.8,0
South,2023,Corn,918.6,2.17,1993.36,301.4,31.7,6.95,107.6,10
North,2020,Corn,310.77,3.22,1000.68,344.3,29.7,6.29,89.8,2
West,2022,Corn,187.77,1.23,230.96,219.7,26.9,7.48,58.5,19
South,2022,Barley,670.68,3.5,2347.38,125.8,29.3,6.21,191.2,9
West,2020,Wheat,186.26,5.64,1050.51,265.9,26.9,5.67,67.7,12
East,2020,Barley,435.83,1.12,488.13,136.3,16,6.11,76.7,18
East,2023,Wheat,481.22,4.15,1997.06,105.1,21.9,5.7,53.8,12
North,2020,Corn,592.78,5.18,3070.6,333.6,21.3,6.18,97.6,19
East,2021,Rice,992.49,2.56,2540.77,221,29.3,5.76,172.8,13
South,2022,Corn,298.88,1.66,496.14,257.5,26.5,6.38,99.8,9
East,2020,Soybean,438.18,1.22,534.58,298.9,27.2,7.06,149.9,16
North,2021,Wheat,219.02,4.22,924.26,220.3,31.9,5.63,194.8,5
West,2022,Rice,646.85,3.76,2432.16,115.3,25.5,6.63,183.9,4
West,2021,Corn,754.91,2.15,1623.06,175.8,19.4,5.59,77,13
East,2021,Rice,533.87,5.16,2754.77,158.3,15.2,7.27,103.9,13
South,2020,Barley,321.25,4.68,1503.45,393.2,18.2,7.34,162.7,4
North,2022,Wheat,658.8,2.38,1567.94,321.9,15.6,6.48,196.6,19
South,2021,Soybean,585.24,4.77,2791.59,235.5,19.7,7.04,157.4,10
North,2023,Barley,254.07,2.22,564.04,119,27.7,6.69,87.8,4
East,2022,Rice,465.11,4.38,2037.18,134.8,18,6.18,69.9,18
North,2023,Corn,491.68,1.59,781.77,343.9,16.6,5.99,124.3,14
North,2020,Wheat,984.36,4.46,4390.25,383.6,34.4,7.02,78.9,16
East,2023,Soybean,864.36,2.19,1892.95,109.4,34.9,6.36,84.1,16
South,2022,Corn,760.93,3.86,2937.19,373.1,27.7,7.34,145.2,2
East,2021,Soybean,899.9,1.86,1673.81,214.2,17.2,7.45,127.2,18
North,2021,Wheat,761.94,4.63,3527.78,164.1,31.4,5.92,68.1,4
East,2022,Rice,913.06,1.3,1186.98,130.7,25.8,6.62,73.1,7
North,2021,Soybean,149.1,1.83,272.85,331.5,18.6,6.57,52.9,0
East,2023,Wheat,510.46,1.92,980.08,240.7,26.5,7.24,82.9,13
West,2021,Soybean,772.21,1.21,934.37,349.7,15.8,6.88,183.1,9
West,2021,Corn,624.97,4.73,2956.11,167.8,34.4,6.71,169,7
East,2023,Soybean,257.65,5.9,1520.14,303.6,31.5,6.86,112.2,0
South,2023,Corn,406.44,4.89,1987.49,135.4,20.2,6.28,161.3,4
North,2023,Corn,386,5.3,2045.8,126.9,23.4,7.42,111,18
West,2020,Wheat,335.21,1.03,345.27,140,22.9,5.62,168.8,6
South,2023,Barley,408.82,1.59,650.02,342.7,32.2,5.56,77.3,4
North,2023,Soybean,563.37,3.8,2140.81,296.7,22.1,6.33,72.9,1
West,2020,Rice,869.38,5.89,5120.65,149.8,16,5.81,61.7,14
West,2021,Corn,767.83,4.3,3301.67,215.4,19.3,6.59,86.3,0
East,2023,Barley,851.72,2.87,2444.44,329.1,19.3,5.52,71.9,9
North,2022,Corn,895.24,1.73,1548.77,185.7,34,6.42,169.8,5
South,2023,Barley,474.54,1.76,835.19,376.4,33.5,6.09,86,5
South,2023,Barley,411.42,2.81,1156.09,374.4,21,5.9,127.4,13
South,2020,Rice,151.86,4.57,694,265.9,15.1,6.39,163.4,7
North,2022,Barley,937.44,1.16,1087.43,289.6,25.3,7.21,151.6,17
South,2021,Rice,159.24,5.26,837.6,296,30.9,6.81,80.7,4
South,2021,Wheat,767.02,5.71,4379.68,177.5,20.4,5.82,61.6,13
South,2022,Corn,440.3,5.44,2395.23,209.6,23.8,6.5,186.8,9
East,2023,Rice,953.9,5.57,5313.22,140.8,18.5,7.36,143.3,8
East,2020,Corn,477.64,1.08,515.85,377.5,21.5,6.38,156,2
North,2022,Soybean,834.95,5.89,4917.86,317.2,30.2,6.44,107.9,5
North,2022,Wheat,354.39,2.83,1002.92,113.9,23.6,7.38,86.2,6
South,2021,Soybean,369.18,5.35,1975.11,264.8,23.9,5.77,129.6,18
East,2020,Soybean,635.97,1.93,1227.42,202.9,30.8,6.97,61.7,14
West,2022,Barley,998.18,3.23,3224.12,344.6,30.3,6.1,170,1
West,2020,Barley,565.82,1.22,690.3,203.1,18.7,7.23,148.2,13
South,2023,Soybean,942.68,1.2,1131.22,293.2,23.3,5.61,164.2,13
South,2021,Barley,807.62,5.72,4619.59,149.7,32,7.48,135.4,11
East,2023,Corn,816.28,5.05,4122.21,267.6,24.1,7.04,136.7,17
East,2020,Barley,492.36,3.65,1797.11,188.2,28.2,6.07,140.1,5
East,2023,Soybean,447.89,3.63,1625.84,149.5,21.1,7.02,167.6,1
North,2021,Barley,272.73,4.74,1292.74,285.8,16.2,7.35,83.8,0
North,2020,Barley,967.55,2.71,2622.06,291.6,18.3,5.73,152.2,10
South,2022,Rice,963.45,4.81,4634.19,395,23,7.33,132.9,14
North,2023,Rice,772.36,3.43,2649.19,300.7,22.1,6.22,124.3,5
East,2021,Soybean,366.63,4.19,1536.18,254.7,32.9,5.51,131.1,16
East,2022,Corn,320.66,5.82,1866.24,373.8,25.9,5.72,90.8,7
North,2021,Wheat,989.75,3.36,3325.56,348.5,27.5,7.27,55.6,19
West,2020,Wheat,159.89,3.09,494.06,264.6,28.8,7.47,163.9,17
South,2020,Soybean,859.21,5.53,4751.43,253.4,25.6,7.29,187.4,11
West,2023,Corn,419.91,5.51,2313.7,382.6,30.4,6.38,122.1,7
South,2021,Corn,476.98,5.96,2842.8,285.1,30.7,7.42,175.7,19
West,2021,Corn,848.78,3.75,3182.92,314.1,22,6.31,133.3,8
North,2021,Rice,181.54,2.72,493.79,126,16.7,5.73,189.5,10
South,2020,Soybean,418.75,2.2,921.25,315.5,34.7,6.18,126.3,12
South,2023,Wheat,956.82,1.17,1119.48,179.4,27.9,7.5,80.7,3
South,2021,Corn,729.16,4.63,3376.01,134.7,29.2,6.75,180.5,7
East,2021,Soybean,779.45,2.17,1691.41,354.9,30.1,6.18,170,3
East,2022,Wheat,781.75,4.03,3150.45,307.4,27.3,6.75,109.7,13
West,2021,Rice,154.51,5.58,862.17,222.3,24.4,6.36,176.3,16
North,2023,Barley,282.89,5.75,1626.62,229.4,34.7,5.6,51.4,1
East,2022,Wheat,542.14,1.02,552.98,159.1,29.6,5.9,170,11
South,2022,Wheat,431.34,2.59,1117.17,102.9,31.9,5.54,153.2,11
East,2022,Wheat,469.82,5.19,2438.37,204.8,23.8,6.01,107,18
North,2020,Barley,803.3,3.68,2956.14,144.5,33.1,6.98,168.7,17
East,2022,Corn,113.21,5.04,570.58,226.5,29.6,5.89,69,9
South,2021,Barley,694.44,5.27,3659.7,350.1,29.9,6.56,80.5,8
West,2020,Wheat,100.1,3.21,321.32,134.4,16.7,6.9,130,15
South,2020,Rice,156.75,2.79,437.33,127.5,27.3,6.6,182.2,0
North,2020,Wheat,467.46,3.28,1533.27,370.6,21.7,5.53,69.5,15
West,2020,Rice,856.85,4.26,3650.18,323.5,28.4,6.23,134.6,7
East,2020,Soybean,230.5,2.84,654.62,115.9,26.4,6.38,163,18
East,2020,Rice,599.16,4.87,2917.91,123.9,17.2,6.19,161.5,1
East,2020,Wheat,710.65,5.52,3922.79,305.5,25.6,6.59,144.2,17
West,2022,Barley,306.58,2.41,738.86,211.1,24,6.53,191.1,19
South,2023,Wheat,561.1,5.82,3265.6,317.3,30.5,5.87,122.3,19
West,2021,Wheat,920.27,4.11,3782.31,221.3,25.1,7,182,17
West,2021,Soybean,561.01,5.39,3023.84,390.3,24.6,5.82,142.9,13
North,2022,Corn,241.59,1.52,367.22,308.3,29.4,6.42,160.6,6
West,2022,Wheat,665.03,2.26,1502.97,114,28.4,7.01,119.7,6
East,2020,Soybean,632.98,2.61,1652.08,199.2,34.8,6.89,75.1,4
South,2023,Barley,124.26,2.51,311.89,269.1,22,6.36,66.4,19
South,2020,Soybean,181.53,1.86,337.65,142.6,28.8,7.08,152.3,11
South,2022,Soybean,241.1,5.34,1287.47,100.8,18.3,6.93,106.5,12
East,2020,Rice,222.66,3.09,688.02,123.8,31.1,6.27,135.1,16
East,2021,Corn,333.52,5.82,1941.09,257.3,30.7,7.29,161.9,14
East,2021,Corn,508.69,3.92,1994.06,289.7,29.5,5.78,168,15
East,2020,Barley,434.54,1.69,734.37,127.9,17.4,6.22,126.4,12
East,2023,Soybean,901.58,3.73,3362.89,299.5,34.8,6.9,97.2,10
West,2020,Barley,650.9,5.97,3885.87,285.1,33.9,7.25,166.4,2
East,2020,Barley,888.53,3.83,3403.07,382,22.4,6.15,112.3,0
East,2023,Corn,574.34,1.01,580.08,352.2,26.5,6.62,190.5,5
East,2023,Corn,180.88,5.67,1025.59,383,32.8,5.52,173.7,7
East,2023,Corn,516.96,2.17,1121.8,389.8,24.9,6.24,162,4
South,2021,Wheat,839.83,4.44,3728.85,232.2,27,6.16,86.2,6
East,2020,Soybean,274.69,3.58,983.39,246.4,27.1,7.18,104.4,2
West,2022,Barley,182.09,2.63,478.9,184.5,28,5.65,177.3,8
West,2023,Soybean,396.49,2.41,955.54,252.5,26.5,5.62,53.5,13
West,2023,Barley,450.01,5.64,2538.06,145.2,23.1,6.39,167.2,1
North,2020,Barley,375.63,5.56,2088.5,301.4,25.8,6.31,110.6,2
South,2022,Barley,221.72,3.57,791.54,107.5,32.4,5.82,169.9,18
East,2020,Barley,325.76,2.29,745.99,170.7,32.3,6.03,132.9,9
North,2020,Rice,714.05,1.51,1078.22,162.4,30.5,7.45,129,1
East,2023,Rice,447.34,1.78,796.27,381.4,23.3,6.53,155.2,12
North,2023,Wheat,669.29,3.61,2416.14,143.5,30.7,5.68,171,13
North,2021,Corn,582.67,2.54,1479.98,367.2,22.8,5.6,154,18
West,2022,Barley,594.15,1.21,718.92,137.3,28.3,5.58,117.6,12
West,2022,Soybean,323.69,3.28,1061.7,295.2,26.3,6.28,98.1,6
North,2023,Rice,569.39,4.73,2693.21,196,21,7.23,176.8,2
West,2023,Corn,121.24,5.46,661.97,194.8,24.1,7.17,128.1,0
North,2023,Wheat,488.57,3.93,1920.08,399.5,31.6,6.24,167.5,19
South,2022,Corn,615.36,4.62,2842.96,167.8,33.3,7.05,199.4,12
West,2021,Barley,263.8,2.82,743.92,160.8,19.1,7,146.6,5
West,2022,Corn,330.9,3.48,1151.53,276.8,24.1,6.47,91.8,11
West,2023,Barley,297.58,4.65,1383.75,322.2,23.7,6.31,179.8,9
South,2023,Rice,163.5,4.64,758.64,394.8,24.8,5.86,91.1,2
North,2021,Rice,413.07,3.12,1288.78,310.4,34.5,6.06,89.1,0
East,2020,Barley,981.07,3.72,3649.58,268.6,25.4,6.18,61.1,12
West,2020,Soybean,418.49,5.62,2351.91,222.7,31.6,7.13,61.8,1
North,2022,Rice,514.48,4.16,2140.24,278.5,28.3,6.61,179.3,18
South,2020,Soybean,687.78,4.21,2895.55,280.3,17.1,5.9,84.6,19
East,2020,Barley,683.65,4.92,3363.56,165.3,28.9,5.69,66.3,2
West,2022,Barley,954.91,1.58,1508.76,301.4,27.9,6.49,102.9,18
South,2023,Rice,871.81,3.61,3147.23,161.3,30.2,6.83,157,14
South,2020,Soybean,814.56,5.8,4724.45,247,16.5,7.14,100.9,18
East,2023,Barley,956.46,2.81,2687.65,178,19.8,7.09,96.4,9
North,2022,Rice,307.69,2.47,759.99,193.8,30.4,7.15,123.2,10
West,2023,Barley,655.35,4.01,2627.95,284.2,22.4,6.4,53.2,14
West,2023,Corn,898.48,2.11,1895.79,119.3,33.2,7.23,123.7,7
North,2022,Corn,661.72,3.78,2501.3,103.6,25.4,6.39,198.5,10
North,2023,Rice,979.68,1.78,1743.83,139.2,15,5.84,169.9,16
North,2020,Barley,190.32,3.9,742.25,150.6,29,6.29,60.6,1
East,2020,Rice,495.4,4.01,1986.55,159.4,25.3,6.18,148.2,17
East,2020,Wheat,979.63,3.09,3027.06,332.2,21.3,6.28,119.2,8
West,2020,Rice,441.61,2.91,1285.09,234.1,15.4,6.82,173.9,6
East,2023,Rice,765.6,2.23,1707.29,241,19,6.81,64.8,9
South,2020,Corn,127.36,2.65,337.5,293.3,18.2,5.95,84.9,7
West,2023,Corn,725.35,3.49,2531.47,318.7,26.7,6.13,168.7,12
East,2021,Barley,941.16,2.24,2108.2,101.1,30.4,6.69,177.4,1
North,2023,Rice,444.44,4.91,2182.2,357,19.7,5.67,129.4,9
South,2020,Rice,119.17,4.55,542.22,396.5,29,6.88,53,16
North,2021,Barley,125.12,2.35,294.03,136.5,33,5.86,184.1,15
West,2022,Soybean,902.82,1.49,1345.2,295.3,27.4,7.2,107.4,11
North,2023,Barley,750.26,1,750.26,100.7,30.5,6.3,56,5
East,2020,Corn,196.02,3.98,780.16,114.7,19.1,5.94,172.8,14
East,2020,Corn,149.13,2.06,307.21,185.5,16.5,6.84,112.7,14
West,2020,Rice,824.34,1.06,873.8,353.9,22.3,6.61,78.5,15
North,2022,Corn,828.87,2.8,2320.84,295.8,29.2,5.84,170.2,2
West,2021,Barley,208.47,5.81,1211.21,233.7,28.7,7.15,118.7,12
North,2021,Rice,371.37,4.45,1652.6,231.6,34.1,6.41,141.2,17
South,2020,Barley,802.02,5.29,4242.69,239.8,27.6,5.8,173.5,2
East,2023,Barley,572.87,1.72,985.34,193.3,23.2,7.09,128.4,3
West,2020,Rice,960.93,1.37,1316.47,363.3,30.9,5.77,66.6,4
South,2020,Soybean,532.96,1.06,564.94,270.4,18.1,7.44,194.6,19
South,2023,Corn,709.26,5.78,4099.52,245.2,31.3,6.38,93,5
West,2020,Wheat,558.81,2.5,1397.02,239.5,22.3,6.96,199.1,6
West,2022,Wheat,948.67,3.3,3130.61,380.7,18.1,6.4,50.9,19
South,2020,Wheat,458.79,2.97,1362.61,317.1,18.2,5.88,122.6,12
North,2022,Corn,306.82,4.65,1426.71,143.4,34.7,7.02,155.7,13
South,2020,Soybean,393.97,2.55,1004.62,231.1,27.5,6.08,185.9,6
West,2021,Barley,867.5,3.68,3192.4,186.5,18.5,6.86,167.1,10
South,2023,Rice,548.14,5.98,3277.88,396.1,20.4,6.01,88.3,11
North,2021,Soybean,418.83,3.22,1348.63,224.6,22.4,5.98,86.5,17
East,2020,Wheat,589.83,3.76,2217.76,120.4,16.1,6.41,103.5,17
East,2020,Corn,219.91,3.51,771.88,223.4,17.2,7.13,66.6,1
South,2022,Corn,104.82,5.02,526.2,196.4,30.2,6.73,150.4,2
North,2020,Rice,352.53,2.33,821.39,279.9,30.7,5.63,191.2,19
East,2020,Barley,644.51,1.85,1192.34,167.8,34.8,6.97,146.3,6
South,2020,Soybean,740.51,4.77,3532.23,110.8,16.4,6.66,130,0
South,2021,Soybean,843.95,3.08,2599.37,128.8,32.8,6.75,125.5,19
North,2022,Soybean,934,5.57,5202.38,184.9,21.3,6.21,138.9,1
West,2021,Barley,470.9,4.22,1987.2,204.5,21.6,6.61,156.6,17
South,2022,Barley,766.47,3.82,2927.92,350.3,17.5,6.24,169.2,19
West,2021,Barley,167.21,1.35,225.73,181,34.7,5.66,154.7,13
West,2020,Rice,151.78,4.65,705.78,109.4,34.6,7.19,155.8,4
East,2021,Corn,212.32,4.43,940.58,334.2,32.3,6.86,192.8,11
West,2021,Wheat,503.71,4.2,2115.58,360.7,16.8,6.84,184.9,1
North,2022,Barley,290.15,2.34,678.95,247.7,31.8,5.89,173.6,9
East,2022,Corn,358.23,5.73,2052.66,185.5,27.7,6.83,56.5,12
East,2021,Barley,683.09,2.61,1782.86,331.6,17.6,5.96,150.3,13
East,2022,Wheat,422.67,1.76,743.9,102.7,20.2,6.88,118.2,0
South,2022,Barley,601.63,5.94,3573.68,377.2,28.8,6.17,142.6,8
South,2022,Corn,471.16,4.73,2228.59,359.7,31.1,5.82,152.9,0
West,2023,Rice,252.07,3.07,773.85,263.4,32,7.31,157.2,8
East,2022,Wheat,166.62,5.68,946.4,183.3,25.9,5.71,180.4,10
East,2023,Corn,312.61,1.46,456.41,109.9,25.7,7.02,186.5,6
North,2023,Soybean,151.93,1.44,218.78,399.9,28.7,5.7,141,0
West,2022,Soybean,656.75,4.41,2896.27,328.6,30.6,6.87,184.1,0
North,2021,Soybean,816.15,1.89,1542.52,201.6,18.4,5.72,164.7,8
West,2022,Rice,405.77,5.59,2268.25,105.8,29.8,6.52,80.4,14
West,2020,Barley,448.4,5.2,2331.68,291.8,21.8,5.88,55.3,15
South,2021,Barley,834.57,2.53,2111.46,396.1,22.7,7.23,51.5,2
South,2023,Barley,300.35,5.44,1633.9,312.1,16.6,6.3,138,2
North,2023,Rice,207.24,1.21,250.76,125.1,26.8,5.53,128.2,13
West,2021,Soybean,551.01,3.74,2060.78,220.7,16.9,6.76,154.5,4
East,2021,Barley,681.57,5.68,3871.32,132.8,33.3,6.39,176.4,16
South,2022,Rice,639.69,5.28,3377.56,373.6,27.4,7.22,74.7,9
East,2023,Rice,742.49,2.78,2064.12,199.1,34.8,6.37,178.5,15
North,2020,Corn,151.08,1.91,288.56,320,19.9,6.32,64.7,17
South,2022,Barley,485.38,2.05,995.03,125.4,28.6,6.41,182.5,12
South,2021,Soybean,314.71,3.57,1123.51,138.5,34.3,7.22,177.6,17
West,2023,Wheat,783.21,3.98,3117.18,303.8,21,6.67,154.5,16
North,2021,Rice,885.46,1.16,1027.13,353,16.9,6.84,95,3
West,2021,Corn,353.2,3.07,1084.32,160.4,27.7,6.94,64,3
South,2021,Wheat,185.7,5.15,956.36,225.5,22.3,7.38,166.7,14
North,2022,Rice,328.09,3.22,1056.45,285.8,20.5,7.18,82.7,3
South,2020,Corn,193.61,1.85,358.18,338.9,34.9,7.35,116.1,12
North,2020,Barley,390.18,5.77,2251.34,288.5,30.1,6.19,129.6,17
South,2023,Corn,584.38,2.33,1361.61,128.6,24.7,5.93,152.8,5
East,2021,Rice,976.31,4.99,4871.79,262.8,16,5.91,123.1,4
East,2020,Barley,459.43,1.97,905.08,365.4,18.8,7.22,154.2,0
West,2021,Soybean,298.04,3.12,929.88,360.4,21,7.16,172.1,5
East,2023,Corn,250.12,3.45,862.91,275.5,24.7,6.8,157,1
South,2021,Wheat,255.74,3.5,895.09,398.7,24.9,5.63,94.9,4
South,2020,Barley,273.34,3.58,978.56,131.5,15.5,6.14,184.1,15
East,2021,Barley,786.04,2.12,1666.4,243.6,33.9,6.97,132.6,3
West,2020,Soybean,154.92,3.58,554.61,332.5,25.9,6,119.8,12
East,2023,Corn,997.66,3.41,3402.02,142.3,15.4,6.75,136.3,6
North,2021,Wheat,570.42,2.04,1163.66,391.8,29,6.59,122.5,8
North,2020,Soybean,589.84,5.94,3503.65,206.2,16.4,6.03,163.3,0
North,2023,Corn,421.81,5.33,2248.25,205,29.4,7.37,113.1,4
East,2021,Wheat,721.23,5.44,3923.49,164,29,6.01,166.5,19
East,2023,Wheat,524.31,4.43,2322.69,186.4,34.7,7.29,164,10
East,2020,Rice,396.16,1.8,713.09,273.3,21.8,6.58,91.5,16
North,2021,Wheat,338.62,3.84,1300.3,228.8,17.9,5.68,64.4,12
West,2021,Corn,933.09,5.11,4768.09,158,16.8,7.17,177.6,19
South,2021,Soybean,361.89,1.19,430.65,342.7,16.4,7.08,75.3,1
East,2023,Soybean,492.75,3.48,1714.77,118.7,31.2,7.16,54.7,15
West,2023,Rice,415.31,2.98,1237.62,350.4,29.4,6.78,110.3,18
South,2020,Corn,177.56,2.06,365.77,182.5,34.5,6.92,88.1,19
South,2022,Wheat,267.34,2.89,772.61,248.8,21.2,7.31,83.1,8
South,2021,Rice,270.55,5.92,1601.66,214.3,31.1,5.76,75.8,3
West,2021,Barley,724.28,4.62,3346.17,271.2,16.9,5.67,162.4,17
West,2020,Corn,465.93,2.5,1164.82,338.8,33.1,5.75,167.5,9
North,2021,Rice,803.77,4.03,3239.19,396.8,16,7.24,57,14
West,2023,Soybean,738.06,2.23,1645.87,191.8,30.8,6.63,132,12
West,2023,Rice,272.84,4.05,1105,266.1,21.1,5.85,70.3,15
West,2021,Barley,606.63,5.48,3324.33,239.8,18.6,5.78,124.9,9
South,2021,Corn,768.62,3.78,2905.38,399.7,29.1,6.39,102.2,3
East,2023,Rice,669.74,4.67,3127.69,342.7,32.9,7.13,80.3,15
North,2021,Wheat,640.01,3.27,2092.83,219.1,30.3,7.11,192.2,10
East,2023,Corn,765.65,3.62,2771.65,243.1,21.3,7.2,193.5,1
East,2022,Rice,151.1,4.48,676.93,173.8,22.1,7.04,134.6,11
West,2022,Rice,758.28,5.06,3836.9,326.6,18.8,5.62,78.2,7
North,2021,Corn,345.39,4.3,1485.18,353.6,31.5,6.94,137.5,12
East,2021,Soybean,614.69,5.89,3620.52,389.5,17.1,6.54,189.3,1
East,2021,Wheat,318.07,5.1,1622.16,269.7,33.1,6.95,106.7,1
North,2023,Corn,854.94,4.89,4180.66,301.2,27,6.47,70.7,3
West,2022,Wheat,532.5,5.23,2784.98,233.8,26.8,6.47,154.1,17
East,2022,Wheat,678.65,2.41,1635.55,282.7,31.8,5.75,148.4,2
South,2020,Corn,814.67,3.16,2574.36,204.6,28.4,7.31,50.2,6
East,2020,Rice,905.78,3.82,3460.08,321.3,21.1,6.25,178,5
South,2021,Soybean,758.86,3.31,2511.83,106.8,22,6.66,149.1,0
West,2023,Wheat,233.89,5.24,1225.58,108.5,18.5,5.91,79.4,8
East,2021,Wheat,869.08,1.14,990.75,314.8,24.3,6.24,50.5,11
North,2022,Rice,656.72,2.05,1346.28,379.2,17.2,7.24,195.8,6
North,2021,Corn,648.5,5.41,3508.38,289.7,28.1,5.92,163.2,0
East,2021,Soybean,929.21,1.3,1207.97,318,18.4,5.91,104.8,19
West,2022,Wheat,323.95,2.13,690.01,347.2,32.3,6.02,114.9,3
West,2022,Wheat,315.63,2.76,871.14,208.5,29,6.65,130.8,5
North,2022,Corn,561.87,4.75,2668.88,132.4,32.8,6.54,157.8,15
East,2022,Rice,775.78,3.8,2947.96,379.9,16.7,5.85,75.9,14
West,2020,Barley,502.52,5.77,2899.54,381.6,31,6.88,79.4,2
North,2023,Rice,670.5,2.14,1434.87,232.6,32.6,7.32,57.2,17
South,2023,Wheat,507.27,5.36,2718.97,165.2,15.9,5.9,197.9,18
East,2022,Wheat,649.35,2.41,1564.93,367.7,35,6.85,181.3,12
South,2023,Soybean,840.04,2.23,1873.29,312.5,21,6.67,132.9,19
South,2023,Rice,262.43,3.49,915.88,102.5,19.2,6.16,114.5,13
West,2023,Barley,725.84,1.36,987.14,132.3,23.3,6.74,85.6,13
West,2023,Soybean,808.68,2.92,2361.35,395,15.2,5.92,139.2,7
West,2022,Barley,502.4,2.78,1396.67,111.4,32.7,7.17,153.6,10
East,2021,Soybean,390.91,1.8,703.64,184.8,20.4,5.54,153.4,11
South,2021,Rice,112.19,5.3,594.61,264.5,25.4,6.63,51,0
East,2021,Wheat,817.39,2.93,2394.95,155.3,27.5,6.14,155.3,8
West,2020,Barley,395.14,5.91,2335.28,169.6,30.8,7.26,180,19
South,2023,Rice,421.58,5.5,2318.69,205.9,20,6.5,67.2,13
East,2022,Barley,402.41,1.97,792.75,180.9,29.3,7.1,163.3,19
East,2022,Rice,548.87,3.53,1937.51,341,17.4,7.35,173.5,13
North,2020,Soybean,732.25,4.01,2936.32,250.1,29.1,6.17,91.4,12
East,2022,Rice,794.68,5.09,4044.92,183.6,33.4,7.26,156.8,11
West,2021,Soybean,453.31,5.43,2461.47,193.9,16.7,6.95,64.5,11
East,2020,Wheat,696.79,4.12,2870.77,112,17.3,5.72,147.4,19
South,2022,Soybean,748.62,1.18,883.37,114.8,26.1,5.71,126.5,6
East,2020,Corn,367.23,3.41,1252.25,315.4,15.9,7.13,177.5,1
North,2020,Wheat,186.96,5.42,1013.32,133.9,18.7,6.44,117.8,10
South,2022,Rice,905.2,4.57,4136.76,242.7,18.8,6.49,114.2,15
South,2021,Rice,709.4,5.35,3795.29,352.7,24.6,7.28,190.1,12
North,2022,Corn,683.3,4.37,2986.02,210.5,20,7.31,190.1,17
West,2023,Rice,153.01,1.22,186.67,203.7,24.5,5.73,55.4,18
South,2023,Wheat,836.09,5.84,4882.77,361.9,25.4,6.25,122.8,10
West,2022,Wheat,609.45,5.59,3406.83,359.5,29.6,7.29,74.1,0
South,2021,Soybean,863.1,1.63,1406.85,364,33.9,7.14,91.1,12
South,2023,Barley,977.11,1.56,1524.29,271.6,25.1,6.94,149.9,7
West,2023,Rice,961.39,3.7,3557.14,385.7,22.1,5.7,69.4,19
South,2022,Corn,870.48,4.79,4169.6,345.7,20.2,6.74,51.7,13
West,2022,Wheat,109.85,2.91,319.66,224.7,27.7,6.66,159.1,13
North,2022,Wheat,897.15,1.68,1507.21,288.9,33.9,5.83,146.2,15
West,2020,Wheat,167.56,3.55,594.84,136.5,30.3,7.05,185.4,18
North,2020,Barley,866.07,2.69,2329.73,265.4,19.1,6.12,131.3,6
South,2020,Barley,352.16,2.76,971.96,178.9,32.9,6.74,191.8,5
West,2022,Rice,649.06,4.22,2739.03,185.1,29.7,6.22,141.4,8
South,2021,Corn,134.26,5.43,729.03,137.7,17.6,5.67,108.1,17
West,2023,Barley,794.06,3.79,3009.49,207.5,29.3,6.55,141.3,5
North,2020,Soybean,200.54,4.44,890.4,244.4,20.8,6.11,162.4,16
North,2021,Barley,469.62,4.3,2019.37,280.1,24.8,5.64,102.1,3
West,2022,Wheat,835.7,3.76,3142.23,191.5,21,5.9,105.9,19
North,2020,Corn,725.81,2.55,1850.82,337.7,16.7,6.74,144.5,8
South,2022,Rice,105.44,2.89,304.72,256.3,30.4,5.7,118.3,7
South,2021,Barley,462.73,2.58,1193.84,291.4,31.6,5.67,129,14
East,2020,Wheat,137.73,5.59,769.91,183.4,19.6,7.39,197.3,7
North,2020,Soybean,706.15,5.13,3622.55,344.2,19.8,5.72,56.6,10
South,2020,Soybean,972.05,3.9,3791,287.3,23.6,6.25,147.2,18
West,2020,Rice,689.74,5.56,3834.95,358.7,31.2,5.77,188.4,12
North,2021,Rice,301.94,5.43,1639.53,148,16.5,7.38,85.4,14
South,2020,Barley,419.71,5.64,2367.16,214.2,31.2,6.46,81.8,4
North,2023,Rice,978.99,2.11,2065.67,133.9,33.5,5.72,104.4,6
West,2023,Wheat,301.65,4.59,1384.57,164.7,26.2,7.04,61.1,12
South,2022,Wheat,605.38,4.05,2451.79,218.4,16.2,7.06,134,15
East,2020,Wheat,460.41,4.67,2150.11,368.4,20.4,7.3,146.8,15
East,2023,Barley,791.48,2.32,1836.23,267.1,17.2,6.91,173,1
North,2023,Barley,880.65,4.47,3936.51,199.1,20.2,5.61,59.9,6
West,2023,Rice,406.75,3.05,1240.59,324.1,31.2,6.6,115.4,3
South,2021,Barley,694.36,5.17,3589.84,105.9,16.1,6.27,167.6,19
West,2020,Wheat,594.14,4.98,2958.82,211,20.7,7,165.2,12
South,2021,Corn,350.6,2.06,722.24,280.2,25.3,6.68,61,4
North,2021,Wheat,344.75,1.92,661.92,275,32.5,6.95,51.7,11
South,2023,Corn,584.77,4.59,2684.09,282.3,20,5.86,167.5,12
West,2023,Rice,238.6,3.75,894.75,163.5,30.6,6.37,70.7,8
West,2022,Soybean,829.73,3.79,3144.68,201.1,26.7,6.36,136.7,15
North,2020,Barley,162.1,4.76,771.6,379.5,28.5,7.46,64.1,5
West,2020,Barley,185.12,5.27,975.58,392.2,32.2,5.54,94.3,12
South,2023,Wheat,408,2.19,893.52,193.6,15.5,7.13,73.7,13
North,2023,Wheat,206.28,3.78,779.74,293.4,25.6,5.69,160.5,3
South,2020,Corn,528.13,5.14,2714.59,172.4,29.9,5.66,150.9,8
West,2022,Barley,459.71,5.36,2464.05,210.6,32.7,6.16,70.3,4
North,2023,Rice,749.63,2.44,1829.1,337.7,17.7,6.9,58.9,10
South,2022,Wheat,957.7,1.52,1455.7,250.4,21.8,6.86,120,15
West,2021,Barley,778.2,2.16,1680.91,354.9,16.6,6.76,79.3,11
West,2023,Soybean,261.5,5.73,1498.4,288.6,31.7,7.05,51.2,16
East,2021,Corn,941.97,3.31,3117.92,288.7,32.1,5.96,89.6,7
West,2023,Wheat,452.92,3.09,1399.52,110.2,24.7,6.77,82.3,11
South,2021,Wheat,526.77,1.07,563.64,324.9,15.4,6.78,152.7,7
North,2023,Rice,479.42,1.26,604.07,393.4,17,6.81,179.1,12
East,2022,Wheat,352.49,4.34,1529.81,241.9,27.5,6.69,85.6,4
West,2022,Barley,905.54,3.95,3576.88,147.6,34.7,5.94,83.5,7
West,2022,Barley,399.01,3.88,1548.16,393.1,31.8,7.33,108.2,2
West,2021,Barley,620.74,1.55,962.15,187,31,7.45,75.9,10
South,2022,Soybean,316.03,2.76,872.24,222.8,23.4,6.88,192,4
East,2021,Soybean,817.64,5.06,4137.26,123.2,34.7,6.39,86.5,15
South,2023,Wheat,796.78,1.87,1489.98,133.3,31.5,6.57,64,9
East,2021,Soybean,366.68,5.41,1983.74,165,21.7,5.72,133.5,9
North,2023,Soybean,713.4,1.61,1148.57,264.5,30,6.23,130.6,15
South,2020,Rice,733.49,1.85,1356.96,267.3,23.7,7.45,144.8,10
South,2020,Soybean,606.26,3.39,2055.22,281.9,28.2,6.6,195,8
North,2020,Corn,640.54,5.73,3670.29,275.1,34.4,6.62,98.5,6
East,2021,Corn,617.01,2.65,1635.08,248.6,19.9,7.41,103.9,13
West,2020,Corn,173.68,4.29,745.09,340.6,30.9,7.27,100.6,13
North,2020,Wheat,703.24,3.94,2770.77,380.2,26.8,6.64,144.3,17
West,2020,Barley,522.8,1.75,914.9,180.9,34,6.04,140.6,16
West,2023,Rice,494.61,2.24,1107.93,139.1,17.7,5.73,129.3,0
North,2022,Wheat,874,5.65,4938.1,227.5,29.4,7.23,104.6,11
East,2021,Barley,120.9,1.92,232.13,107.9,15.7,7.34,114.1,7
West,2020,Rice,326.18,4.48,1461.29,365,19.9,6.49,168.9,0
North,2023,Rice,209.26,5.82,1217.89,171.9,21.4,5.69,141.4,11
South,2022,Rice,131.81,1.6,210.9,264.8,23.6,6.71,157.4,16
South,2022,Corn,348.11,3,1044.33,134.5,34.3,6.23,91.5,6
South,2022,Corn,989.63,2.12,2098.02,266,16.4,5.82,186.7,10
North,2023,Corn,343.21,2.11,724.17,111.7,18.4,7.34,55.3,12
South,2020,Rice,697.34,1.59,1108.77,330.6,19.1,5.98,139.4,8
West,2022,Rice,206.47,4.25,877.5,386.6,23.5,6.92,171.9,6
South,2023,Corn,641.66,4.73,3035.05,192.1,16.2,6.36,179.9,17
South,2023,Rice,986.03,4.38,4318.81,177.5,34.3,7.16,97.9,17
West,2021,Corn,362.65,5.62,2038.09,234.4,26.2,6.9,119,9
South,2023,Corn,863.27,1.73,1493.46,286,31.3,5.75,55.2,0
West,2022,Corn,997.81,2.6,2594.31,156.7,30.4,6.4,168.5,13
South,2022,Barley,629.7,2.72,1712.78,341,28.2,6.02,68.7,0
West,2023,Rice,378.46,2.16,817.47,159.6,33.1,6.93,114.2,6
South,2022,Wheat,706.18,1.71,1207.57,101.6,33,6.59,198.6,18
West,2023,Corn,860.36,3.43,2951.03,257.3,17.6,6.18,187.7,18
North,2022,Wheat,254.22,5.17,1314.32,134.5,33,6.16,99.5,3
West,2021,Barley,507.26,5.77,2926.89,309.5,25.5,5.73,83.6,6
South,2020,Rice,387.27,1.65,639,150.2,20.4,5.93,87.8,15
South,2021,Corn,355.02,5.12,1817.7,345.2,27.2,6.93,152.7,6
East,2021,Corn,874.74,5.12,4478.67,241.1,20.6,6.72,158.9,10
West,2020,Corn,479.49,2.94,1409.7,269.9,24.6,6.21,82.5,7
North,2022,Wheat,405.17,1.55,628.01,156,31.3,7.17,86,12
West,2020,Barley,643.16,5.95,3826.8,144,15.6,6.47,98.5,8
West,2023,Rice,297.46,4.28,1273.13,289.4,18.7,7.09,115,4
North,2020,Barley,306.9,5.91,1813.78,176.6,34.1,7.06,187.6,9
West,2021,Corn,568.26,3.42,1943.45,215.8,23.9,7.2,54,10
North,2020,Barley,468.35,2.98,1395.68,243.8,21.1,7.2,145.7,16
North,2022,Wheat,365.48,2.24,818.68,168.9,33.5,6.86,179.3,14
West,2021,Soybean,148.56,5.92,879.48,338.6,33.2,7,158.5,10
West,2023,Soybean,568.7,2.27,1290.95,381.8,15.9,7.05,82.5,1
South,2022,Rice,834.95,1.12,935.14,229.6,22.2,5.84,121.5,7
South,2021,Rice,866.24,3.56,3083.81,375.3,33.3,6.1,186.5,11
East,2023,Barley,311.9,2.89,901.39,364.8,18.6,5.71,67.4,6
East,2022,Rice,639.68,2.31,1477.66,149.8,26.6,5.88,198.1,1
West,2023,Wheat,870.29,4.17,3629.11,152,21.4,7.06,71.5,7
North,2020,Corn,467.85,2.82,1319.34,243.2,29.7,7.39,71.4,14
East,2020,Corn,938.92,3.01,2826.15,257.8,18.2,6.85,171.9,11
West,2023,Barley,912.68,1.12,1022.2,202.3,26.9,7.27,174.3,2
East,2020,Corn,287.32,3.95,1134.91,193.9,15,6.14,55.7,3
North,2023,Barley,333.07,1.61,536.24,229.4,20.1,7.19,75.2,11
West,2022,Rice,262.4,2.07,543.17,307.1,18.2,6.18,192.3,6
North,2021,Rice,276.45,4.59,1268.91,125.3,19.2,7.29,91.9,15
West,2023,Wheat,917.08,2.57,2356.9,313.2,32.2,7.1,51.8,16
East,2021,Corn,938.02,1.82,1707.2,377.9,33.3,7.47,88.1,18
South,2021,Wheat,146.71,3.89,570.7,329.1,30.1,7.15,160.3,14
East,2023,Soybean,634.24,2.07,1312.88,157.5,26.8,6.3,187.5,19
East,2020,Wheat,607.81,2.35,1428.35,126.2,19.6,5.72,73.3,17
South,2022,Barley,451.49,4.11,1855.62,247.1,20.5,7.25,83.7,4
South,2021,Barley,668.53,4.7,3142.09,386.9,21.2,6.64,116.2,13
West,2022,Wheat,952.63,4.7,4477.36,345.7,30.5,7.22,162.2,13
West,2021,Rice,253.23,3.41,863.51,268.8,20.1,6.27,148.8,13
North,2023,Soybean,208.37,3.27,681.37,142.9,34.5,5.56,99.1,16
North,2020,Wheat,130.05,4.94,642.45,314.2,30.9,5.6,60,13
East,2022,Rice,427.45,1.97,842.08,343.9,35,6.84,87.9,3
South,2021,Wheat,403.87,1.76,710.81,380.5,24.2,5.73,82.9,9
North,2023,Corn,487.74,4.32,2107.04,283.6,26.8,6.99,53.2,3
East,2023,Barley,552.98,3.05,1686.59,254.3,20.6,6.34,196.3,2
South,2021,Corn,782.04,4.55,3558.28,285.8,27.1,6.63,88.3,6
West,2021,Corn,452.9,2.28,1032.61,383,34.5,7.1,175.5,19
East,2021,Soybean,397.55,2.62,1041.58,288.4,15.6,6.01,122.7,6
West,2020,Rice,844.19,5.48,4626.16,177.3,20.8,6.33,195.8,2
North,2021,Barley,864.82,3.11,2689.59,290.8,20.6,6.96,72.4,12
North,2021,Corn,309.49,3.95,1222.49,363.9,34.6,7.34,66.6,3
South,2020,Barley,383.2,1.53,586.3,270.1,17.7,6.08,50.4,18
East,2023,Rice,842.6,1.89,1592.51,250.8,31.2,6.75,157.8,3
West,2021,Wheat,171.47,1.18,202.33,320,20.5,7.4,96,14
South,2022,Corn,393.26,3.12,1226.97,298.3,32.2,6.8,180.6,19
North,2023,Rice,503.52,5.94,2990.91,117,24.8,7.29,145.1,11
North,2022,Barley,268.36,5.37,1441.09,317.6,19.8,7.38,136.6,13
East,2021,Rice,261.92,4.16,1089.59,222.3,29.2,7.36,123,3
West,2020,Wheat,482.38,5.31,2561.44,382.3,31.8,7.02,88.7,2
East,2020,Rice,779.07,3.97,3092.91,391.2,24.4,6.6,59.7,5
West,2020,Barley,856.21,2.84,2431.64,234.6,29.3,5.69,116.5,14
West,2021,Corn,981.31,1.87,1835.05,390.6,18.6,5.95,64.9,4
East,2021,Corn,166.59,4.27,711.34,193.2,33.8,6.01,185.9,5
South,2022,Soybean,295.01,1.97,581.17,304.8,16.9,5.57,174.4,11
East,2020,Barley,780.97,3.09,2413.2,122.5,19.4,5.7,143,6
East,2021,Soybean,586.54,5.13,3008.95,143.5,20.8,6.09,117.9,19
North,2023,Soybean,394.91,1.65,651.6,359.4,18.1,5.68,118.1,10
North,2021,Wheat,285.03,1.65,470.3,368.1,23.1,5.84,119.7,16
East,2021,Barley,352.43,2.12,747.15,259.8,24.2,5.61,161.8,11
East,2023,Corn,486.36,3.76,1828.71,201.9,25.4,6.33,68.9,7
North,2020,Barley,259.44,2.26,586.33,235.3,15.8,7.14,129.7,12
West,2023,Wheat,967.8,3.52,3406.66,360.9,19.4,7.12,171.9,17
East,2020,Barley,196.83,2.51,494.04,163.3,31.2,7.31,126.5,18
South,2023,Barley,987.02,3.53,3484.18,188.5,31.2,6.99,52.1,17
South,2022,Soybean,857.7,2.39,2049.9,335.6,21.6,5.99,86.7,9
South,2020,Barley,480.84,5.9,2836.96,380.6,24.2,6.9,150.3,5
East,2021,Soybean,765.83,3.46,2649.77,127.9,18.7,7.01,190.1,4
West,2022,Soybean,704.36,4.72,3324.58,341.1,31.4,6.59,184.1,12
West,2020,Rice,291.96,4.5,1313.82,293.5,34.1,7.11,173.4,6
North,2020,Wheat,405.16,3.45,1397.8,169.2,20.8,5.64,192.5,10
East,2020,Soybean,561.81,2.19,1230.36,326.7,30.6,6.69,92,12
West,2023,Barley,674.06,3.55,2392.91,318.4,22,6.46,51.9,4
East,2020,Soybean,588.61,4.4,2589.88,142.6,15.1,7.11,103.2,18
North,2021,Soybean,525.69,3.3,1734.78,250.7,27,5.76,136.6,18
North,2020,Soybean,498.84,1.41,703.36,327.5,23.2,5.93,97.5,3
North,2021,Corn,548.44,1.09,597.8,157.5,30.2,6.62,56.6,11
South,2021,Corn,490.92,2.64,1296.03,238.8,30,7.39,126.1,17
East,2021,Corn,587.2,1.75,1027.6,136.2,33.9,5.67,80,2
North,2022,Corn,899.19,5.53,4972.52,192.1,23.8,6.99,159.1,10
East,2021,Rice,669.55,1.88,1258.75,165.4,24.7,5.91,63.4,8
South,2023,Soybean,750.36,2.97,2228.57,251.5,23,5.71,193.7,17
South,2020,Rice,637.73,4.56,2908.05,142.4,20.9,6.29,181.5,11
North,2023,Barley,678.72,5.08,3447.9,214.9,27.8,6.67,181.1,8
North,2022,Wheat,620.51,3.39,2103.53,182.5,31.6,7.15,168.5,5
West,2020,Rice,124.18,1.91,237.18,323.8,18.2,6.77,145,1
East,2021,Corn,999.64,2.35,2349.15,309.9,34.6,6.48,58,0
North,2020,Corn,130.25,3.09,402.47,128.5,28.7,6.07,149.4,3
West,2022,Barley,455.63,2.82,1284.88,386,30.6,6.09,162,19
East,2022,Soybean,194.6,2.74,533.2,323.4,35,7.04,69.6,17
North,2023,Wheat,187.24,1.66,310.82,284.8,25.1,5.73,142.4,3
West,2020,Rice,814.17,5.57,4534.93,243.3,16.4,5.79,121.8,10
West,2020,Soybean,483.33,1.15,555.83,153.4,30.8,6.94,120.9,0
East,2020,Soybean,821.02,3.2,2627.26,388.6,32.4,7.42,79.9,6
West,2023,Rice,345.51,5.9,2038.51,102.4,18.2,5.74,160.9,10
East,2022,Rice,330.82,4.3,1422.53,307.7,15.5,6.72,188.8,15
East,2021,Rice,326.11,2.78,906.59,252.2,17.7,5.98,168.2,18
East,2020,Rice,654.53,1.73,1132.34,370.8,21.5,5.55,105.4,12
South,2023,Corn,833.5,5.82,4850.97,214.2,33.5,7.16,197.6,0
West,2023,Soybean,507.03,1.07,542.52,255.6,15,6.52,104.6,11
East,2021,Soybean,441.32,4.41,1946.22,322.7,31.1,5.55,85.2,0
North,2022,Corn,976.22,5.4,5271.59,114.3,32.1,7.29,195.2,13
South,2020,Soybean,205.08,1.13,231.74,116.3,31.2,6.57,168.5,12
South,2020,Rice,537.97,4.63,2490.8,163.5,16.6,6.97,164.2,15
West,2023,Wheat,467.64,5.99,2801.16,143.9,28.6,6.35,61.6,4
East,2022,Soybean,188.31,4.2,790.9,101.9,34.1,5.87,78.8,3
West,2020,Wheat,341.38,3.07,1048.04,286.9,17.4,6.43,52.8,3
South,2021,Wheat,125.6,5.37,674.47,338.8,15.6,6.08,166.5,7
East,2022,Corn,889.26,3.77,3352.51,387.1,32.5,6.09,91.7,14
North,2022,Barley,647.06,4.75,3073.54,232.3,27.9,6.79,69.8,15
East,2023,Soybean,833.52,3.94,3284.07,183.9,27.9,5.69,77.3,6
South,2023,Corn,569.4,1.19,677.59,359.2,34.3,6.29,146.2,7
North,2020,Corn,639.56,2.07,1323.89,353.3,30.4,6.59,115,17
East,2023,Wheat,730.77,1.39,1015.77,287.5,22.9,6.92,191.2,15
North,2022,Soybean,917.21,1.53,1403.33,181.9,23.7,6.77,104.9,14
North,2020,Corn,182.58,1.08,197.19,372.6,17.9,7.27,175.1,19
South,2020,Rice,397.85,3.11,1237.31,153.5,21.1,7.48,132,15
North,2022,Corn,738.12,1.89,1395.05,113.1,23.9,7.37,155.8,15
West,2020,Rice,962.52,5.28,5082.11,339,20.2,7.03,75.3,1
South,2021,Barley,982.73,4.75,4667.97,269.1,33.3,6.87,162.3,5
West,2021,Rice,674.29,3.87,2609.5,173.9,15.2,5.57,62.8,10
North,2020,Rice,274.24,3.45,946.13,301.3,26.7,6.57,153.7,4
West,2023,Wheat,207.29,2.28,472.62,330,30.4,6.83,119.8,14
East,2021,Corn,951.44,3.37,3206.35,353.4,29.6,6.33,84.3,13
North,2020,Barley,490.53,4.21,2065.13,184.6,27.9,6.27,122.1,15
East,2021,Corn,275.33,4.91,1351.87,107.7,23.2,6.59,178.4,15
West,2023,Rice,940.5,1.41,1326.1,253,33.4,7.31,73.2,8
East,2022,Rice,194.07,4.54,881.08,356.8,21.6,6.02,75.4,18
North,2020,Corn,756.61,4.71,3563.63,162.3,30,6.3,130.1,4
East,2020,Barley,662.74,3.79,2511.78,226.3,33.5,6.81,143.8,7
West,2020,Barley,178.96,2.07,370.45,176.9,17.6,5.87,113,13
West,2020,Wheat,404.87,3.7,1498.02,104,33.9,7.17,90,8
West,2020,Rice,234.94,3.51,824.64,369.6,30.5,6.83,60.1,11
North,2020,Rice,644.05,3.38,2176.89,140.5,27.3,6.2,57.5,14
West,2023,Wheat,529.4,3.3,1747.02,330,22.5,6.94,56.1,13
North,2022,Corn,103.85,1.55,160.97,204,33.1,6.06,185.2,1
East,2023,Rice,978.14,1.91,1868.25,183.3,15.9,7.05,69.7,3
West,2023,Corn,414.63,1.49,617.8,382.3,23.6,5.64,94.3,7
East,2022,Barley,332.38,2.21,734.56,297.2,30.1,6.35,197.9,1
South,2023,Soybean,300.2,2.32,696.46,306.1,31.2,6.02,189.1,18
East,2021,Wheat,242.93,2.23,541.73,327.9,19,7.13,56.4,17
South,2023,Rice,999.22,2.05,2048.4,202.3,16,7.01,132.7,5
East,2020,Wheat,365.6,4.68,1711.01,269.1,31.1,7.18,145,19
North,2021,Barley,464.96,5.09,2366.65,181.1,23.4,6.8,58.1,15
East,2021,Barley,884.22,2.64,2334.34,350.4,17.9,7.09,159.2,0
North,2022,Barley,677.7,2.53,1714.58,279.8,16.7,6.38,198.2,8
North,2023,Barley,431.82,5.22,2254.1,173,27.8,6.86,114.4,1
West,2023,Soybean,908.5,4.12,3743.02,369.9,26.7,5.56,117.4,14
North,2021,Corn,774.75,2.47,1913.63,274.3,32.1,7.26,148.9,18
South,2023,Corn,305.11,4.57,1394.35,248.5,15.6,6.87,160.5,8
West,2023,Soybean,679.37,2.72,1847.89,110.3,32.4,7.23,168.5,8
West,2022,Corn,930.16,3.93,3655.53,372.9,32.7,7.04,61.6,4
East,2021,Barley,546.81,5.96,3258.99,385.7,23.9,6.07,170.1,3
North,2020,Corn,760.25,2.51,1908.23,268.8,16.5,6.05,179.6,4
North,2021,Wheat,973.99,5.65,5503.04,232.8,33.9,7.1,56.8,11
South,2022,Corn,721.37,2.6,1875.56,207.9,16.4,5.87,55.9,0
East,2022,Wheat,192.19,3.7,711.1,180.4,26.8,5.72,132.6,18
East,2022,Rice,320.1,3.3,1056.33,272.4,24.9,5.53,124.5,8
West,2023,Wheat,635.59,4.92,3127.1,138.4,31.7,6.1,197,11
West,2021,Wheat,348,1.31,455.88,375.8,25.1,5.7,94.2,12
West,2023,Barley,961.79,4.14,3981.81,152.8,24.4,7.1,138.5,19
South,2023,Barley,464.82,4.8,2231.14,323.7,32.6,6.47,126,16
South,2021,Barley,511.51,3.36,1718.67,192.1,34.3,6.01,130.4,2
West,2022,Wheat,731.44,1.53,1119.1,167.8,26,6.7,149,12
East,2020,Soybean,571.82,2.22,1269.44,267.4,24.1,5.64,130.6,13
South,2020,Barley,443.93,4.4,1953.29,329.5,31.6,6.95,51,3
East,2021,Barley,168.97,5.48,925.96,318,31.6,6.5,176.6,3
East,2021,Wheat,636.8,3.11,1980.45,170.1,21.4,5.51,80.2,0
North,2022,Rice,880.82,3.8,3347.12,199.2,26.5,6.14,84.7,5
West,2021,Rice,717.19,2.14,1534.79,360.6,18.1,7,147.2,10
North,2021,Corn,443.35,3.06,1356.65,317,27.7,5.88,121.7,1
West,2022,Rice,214.95,2.68,576.07,313.8,31.7,7.42,136.2,18
West,2022,Barley,834.7,4.28,3572.52,180.7,18.8,7.29,124.6,17
East,2023,Soybean,947.57,5.92,5609.61,337.6,21.5,7.06,112.7,19
West,2021,Corn,449.45,5.07,2278.71,207.5,24,5.66,122.5,15
East,2020,Soybean,755.78,1.96,1481.33,220.4,31.9,6.21,71.2,2
East,2021,Soybean,469.69,3.89,1827.09,186.3,29.6,6.1,195.4,0
West,2020,Barley,552.04,1.33,734.21,136.4,21.3,5.78,136.2,1
East,2020,Wheat,852.83,2.23,1901.81,226.1,19.9,7.5,93,12
East,2020,Wheat,175.08,1.86,325.65,105.1,28.9,5.79,156.9,13
East,2023,Wheat,577.3,2.68,1547.16,236.8,24.6,6.13,182,7
South,2022,Rice,293.16,4.39,1286.97,317.5,26.9,7.26,94.5,13
East,2022,Wheat,405.83,3.5,1420.4,388.2,28,5.79,98.7,5
South,2023,Barley,679.99,5.66,3848.74,123.6,26.2,6.44,115.8,11
South,2022,Rice,124.51,2.06,256.49,184.4,27.3,7.45,82.6,3
East,2023,Wheat,634.44,2.82,1789.12,248.2,32.8,5.99,171.5,8
East,2021,Soybean,355.1,2.65,941.02,151.1,32.4,6.91,137.6,6
South,2023,Barley,702.54,2.18,1531.54,135,18,5.66,58.6,0
South,2022,Barley,227.42,5.97,1357.7,235.7,26.7,6.7,199.5,3
East,2022,Corn,762.23,2.94,2240.96,274.2,23.8,6.18,136.2,5
East,2021,Barley,681.08,5.7,3882.16,346.1,20.7,6.9,183.5,10
West,2023,Soybean,974.12,2.95,2873.65,399.3,27.6,6.37,125.2,7
South,2021,Barley,920.11,2.02,1858.62,332.3,25.2,6.1,137.4,12
South,2020,Corn,354.97,1.6,567.95,166.4,30.5,6.59,118.2,8
West,2023,Barley,124.58,5.28,657.78,324.4,16.9,5.78,113.4,18
South,2021,Barley,689.83,1.16,800.2,261.1,21.1,7.13,82.7,17
North,2021,Corn,642.6,5.82,3739.93,235.2,15.5,7,194.3,18
South,2022,Barley,124.69,3.09,385.29,380.7,29.9,6.59,77.3,4
West,2023,Rice,210.41,2.24,471.32,310.6,33.2,6.23,129,9
North,2020,Barley,626.23,4.09,2561.28,304.5,26.7,7.33,63.1,14
East,2020,Wheat,920.64,1.66,1528.26,103.5,27.3,6.77,199,7
West,2023,Wheat,915.85,1.36,1245.56,359.5,15.9,6.07,133.4,18
West,2023,Rice,236.34,5.14,1214.79,338,25.1,7.11,172.2,7
East,2021,Barley,446.12,3.12,1391.89,189.7,25.5,6.77,134.4,14
West,2022,Soybean,138.88,3.59,498.58,187.6,15.8,5.75,170.7,18
South,2022,Barley,522.34,1.88,982,116,30.6,5.73,130.2,3
East,2022,Wheat,777.78,1.31,1018.89,115.3,20.6,7.38,116.7,2
West,2023,Corn,810.98,2.84,2303.18,300.6,29.5,6.08,118.4,4
East,2022,Rice,549.09,3.53,1938.29,155.9,23.1,6.83,50.4,11
East,2021,Corn,186.28,4.83,899.73,377.1,34.9,5.57,105.6,15
East,2023,Soybean,443.23,3.51,1555.74,352.7,19.2,6.61,192.8,7
North,2023,Barley,938.89,4.91,4609.95,204.7,16.2,5.96,151.3,19
West,2022,Soybean,306.65,1.58,484.51,214,34.6,5.78,187.9,17
North,2020,Corn,387.78,1.32,511.87,198.2,19.9,7.05,80,11
West,2020,Barley,772.14,1.79,1382.13,127.7,27.7,7.12,123.7,4
South,2021,Soybean,760.22,4.86,3694.67,109.4,22.5,6.93,55.2,7
South,2022,Wheat,920.98,4.8,4420.7,235.6,27.8,5.52,151.6,7
South,2022,Wheat,449.31,1.71,768.32,382.9,26.9,6.07,167.6,0
West,2023,Rice,563.14,1.15,647.61,375.2,29.1,6.22,162.2,7
East,2023,Wheat,520.65,4.43,2306.48,343,15.4,6.88,63,18
East,2022,Wheat,934.98,5.28,4936.69,288.6,31.7,7.01,87.1,17
North,2023,Corn,792.4,4.77,3779.75,356.9,24.6,6.76,148.4,19
North,2022,Wheat,848.3,2.01,1705.08,254.5,25.4,7.08,163.8,9
South,2021,Wheat,219.79,3.92,861.58,154,23.2,6.35,91.1,7
North,2023,Corn,812.66,4.79,3892.64,305.3,34.8,6.58,110.9,12
West,2022,Wheat,489.68,2.28,1116.47,376.2,31,5.63,102.7,4
West,2023,Wheat,121,3.64,440.44,105.9,21.2,6.35,50.7,10
North,2021,Rice,154.08,2.57,395.99,175.4,30.7,6.37,136.5,7
North,2023,Wheat,710.12,2.13,1512.56,179.6,23.7,6.72,150.4,18
North,2022,Wheat,434.81,5.85,2543.64,129.7,32.4,6.26,91.5,18
North,2023,Rice,881.3,5.56,4900.03,167.6,15.6,5.98,153.2,8
South,2023,Corn,760.85,3.23,2457.55,215.2,22.1,5.98,86.4,15
South,2022,Wheat,119.51,1.68,200.78,382,23.6,5.77,157.3,11
North,2020,Soybean,718.2,4.64,3332.45,358.1,29.9,6.9,118.6,3
West,2023,Corn,273.12,2.28,622.71,383.8,18.6,6.75,180.8,3
South,2023,Corn,480.32,1.84,883.79,136.2,20.7,6.66,131.7,11
West,2021,Wheat,662.26,2.91,1927.18,108.4,29.5,6.56,77.7,13
East,2020,Rice,885.45,3.65,3231.89,133,16.5,6.24,173.3,15
West,2021,Corn,510.49,1.49,760.63,374.3,19,7.04,166.7,11
North,2022,Rice,827.64,3.86,3194.69,147.2,30.1,7.34,62.6,14
East,2022,Soybean,804.67,1.08,869.04,271.8,32.5,6.38,57.2,0
South,2021,Rice,473.08,5.46,2583.02,168.3,29.6,6.32,70.4,7
South,2023,Barley,550.88,5.6,3084.93,106.2,25.5,5.83,176.8,2
East,2020,Rice,730.44,4.67,3411.15,125.4,17,6.84,98.1,11
West,2021,Corn,128.03,3.33,426.34,312.9,31.5,6.62,125.7,5
South,2021,Rice,901.73,2.27,2046.93,154.7,17.5,7.48,140.4,8
North,2022,Rice,792.83,4.72,3742.16,168.7,22.7,6.67,161.5,19
East,2023,Barley,324.47,5.66,1836.5,213.2,16,6.08,174.5,19
North,2020,Barley,983.06,1.79,1759.68,297.2,29.2,6.63,127.4,5
East,2021,Wheat,261.45,3.33,870.63,240.8,25.1,7.47,112.4,14
South,2020,Corn,922.68,2.58,2380.51,383.4,33.2,6.95,79.4,3
West,2020,Wheat,392.03,2.78,1089.84,230.3,17.8,5.76,141.1,4
East,2021,Barley,786.83,3.03,2384.09,159.7,31.4,6.19,132.5,16
East,2020,Rice,510.74,5.76,2941.86,260.8,25.2,6.1,93.7,8
North,2022,Barley,762.82,2.29,1746.86,235.3,22.3,7.21,116.9,10
South,2023,Soybean,240.2,3.46,831.09,336.1,27.9,6.72,160.9,6
North,2023,Rice,342.56,5.76,1973.15,380.5,30.8,7.12,144.1,5
South,2023,Wheat,189.87,3.38,641.76,350.9,23.8,5.85,122.3,10
North,2022,Rice,878.63,5.32,4674.31,216.7,19.7,7.32,90.8,13
East,2022,Soybean,366.66,1.29,472.99,164.8,33.3,5.62,150.2,10
North,2022,Barley,725.03,5.77,4183.42,374.3,21.3,6.25,144.1,18
West,2023,Corn,838.2,1.94,1626.11,215.8,35,5.53,118.7,12
South,2020,Corn,911.28,5.9,5376.55,331.1,30.3,5.87,85.8,7
South,2022,Corn,195.67,1.88,367.86,396.9,28.8,7.42,76.2,18
East,2021,Barley,903.71,3.22,2909.95,273.2,15.2,5.66,100.9,13
South,2022,Corn,277.53,2.54,704.93,244,24,5.79,186.3,4
West,2021,Soybean,763.21,3.17,2419.38,310,25,7.35,163.1,10
North,2023,Barley,755.96,2.25,1700.91,158.2,22.5,6.92,183.7,1
East,2021,Corn,107.65,5.83,627.6,246.5,18,6.31,176.4,14
West,2022,Wheat,298.56,2.53,755.36,193.7,22.3,5.64,118.8,15
South,2022,Barley,542.72,4.27,2317.41,149.3,16.5,7.07,129.6,0
South,2020,Barley,478.03,1.69,807.87,283,20.8,6.49,75.4,2
West,2023,Rice,926.72,5.12,4744.81,272.7,16.7,6.15,158.1,9
North,2021,Corn,423.77,3.71,1572.19,328.4,30,6.22,113.3,3
North,2023,Wheat,943.29,5.9,5565.41,361.9,28.4,6.51,74.2,15
East,2022,Soybean,513.49,3.12,1602.09,166.1,33.8,6.6,64.3,8
South,2020,Barley,967.92,1.98,1916.48,333.9,22.6,7.14,154.4,3
West,2022,Soybean,763.62,2.73,2084.68,210.2,30.7,7.04,122.3,18
North,2022,Soybean,846.4,4.68,3961.15,288.6,26.8,7.03,51.3,18
East,2022,Soybean,194.39,4.3,835.88,355.1,27.9,6.96,173.7,9
South,2021,Rice,627.53,4.89,3068.62,176.9,25.9,7.02,142.9,9
South,2022,Soybean,228.43,1.37,312.95,280.3,30.6,6.86,55.8,13
East,2023,Corn,367.86,3.9,1434.65,244.1,15.8,7.24,95.7,0
East,2023,Corn,661.21,5.66,3742.45,337.2,16.6,6.61,158.4,15
North,2020,Wheat,753.6,1.54,1160.54,309.2,16.9,6.54,58.9,19
West,2023,Wheat,135.27,1.47,198.85,330.9,20.8,6.9,160.4,4
South,2022,Soybean,577.85,4.58,2646.55,186.4,26.8,5.83,125.7,13
West,2022,Soybean,608.78,2.58,1570.65,311.3,27.9,7.05,167.4,17
South,2023,Rice,170.95,4.29,733.38,281.7,29.3,7.37,178.3,7
South,2020,Soybean,550.62,3.73,2053.81,237,20.6,6.09,165.2,9
West,2020,Soybean,742.46,5.93,4402.79,213.5,28,6.72,61.7,2
East,2023,Soybean,147.9,5.45,806.06,199.5,17.4,5.57,119.1,7
North,2021,Barley,784.24,4.39,3442.81,102.9,15.2,7.03,97.8,14
South,2021,Barley,618.78,2.31,1429.38,150.9,28.9,6.62,126.3,13
East,2021,Rice,849.9,2.31,1963.27,117.7,29.3,6.85,194.9,2
South,2021,Rice,296.26,5.41,1602.77,354.5,27.4,5.79,68.7,14
North,2023,Corn,849.95,3.93,3340.3,358,20.2,7.12,179.8,0
South,2020,Rice,185.1,4.95,916.24,353.9,33.5,6.01,198.6,6
North,2022,Corn,463.45,3.25,1506.21,345.4,32.5,6.87,198.5,13
North,2022,Soybean,279.54,1.52,424.9,166.4,25.3,6.69,169.5,3
South,2023,Rice,888.42,2.66,2363.2,247.5,34.8,6.81,119.8,13
South,2022,Rice,734.43,1.81,1329.32,372.4,21,5.6,76.7,8
North,2021,Rice,122.83,4.91,603.1,327.9,24.8,6.98,141.2,9
East,2020,Corn,108.57,4.5,488.56,100.5,33.6,7.09,141.6,9
West,2023,Corn,362.12,1.44,521.45,237.8,24.2,6.45,97.5,6
North,2020,Wheat,228.95,4.11,940.98,103.2,24.4,6.32,142.5,14
South,2023,Corn,667.27,5.37,3583.24,184.2,16.6,6.19,67.5,3
South,2023,Corn,697.42,4.49,3131.42,230.7,19.2,7.36,145.1,17
East,2023,Barley,947.76,3.56,3374.03,367.9,18.2,7.01,184.5,15
West,2023,Rice,956.84,2.56,2449.51,296.3,26.3,6.9,120.8,18
North,2020,Corn,693.01,5.44,3769.97,208.7,21.4,7.35,164.7,7
North,2022,Rice,105.11,3.11,326.89,247.2,16.5,6.2,145.3,15
West,2023,Rice,423.1,5.28,2233.97,345.2,25.2,6.76,50.5,5
North,2021,Barley,561.83,4.91,2758.59,189.9,28.4,6.87,68.3,18
West,2023,Rice,549.26,5.08,2790.24,284.5,29.7,7.49,166.2,9
South,2020,Corn,643.01,5.95,3825.91,178.7,31.8,6.35,56.1,12
West,2023,Rice,964.5,4.74,4571.73,244,24.6,6.3,193.4,15
North,2021,Wheat,896.67,1.17,1049.1,107.4,22.8,5.67,184.1,1
West,2020,Wheat,198.02,2.03,401.98,355.7,28.7,5.7,104.4,7
East,2023,Barley,339.38,1.18,400.47,114.5,15.3,6.52,96.6,8
South,2021,Corn,849.8,1.95,1657.11,167.3,27.7,5.84,141.9,6
South,2020,Barley,841.88,1.31,1102.86,200.1,23.1,5.65,141.8,4
West,2023,Wheat,347.83,3.51,1220.88,287.5,24.1,7.43,63.4,7
North,2021,Corn,757.53,1.14,863.58,316,20.9,7.4,82.3,2
East,2020,Rice,704.83,3.36,2368.23,124.1,17.5,6.15,145.5,12
South,2023,Corn,526.17,5.49,2888.67,113,23,7.08,170.1,19
South,2020,Soybean,281.31,4.74,1333.41,339.7,21.2,7.25,78.8,18
North,2021,Corn,899.78,5.72,5146.74,313.6,34.2,6.43,155.3,11
North,2023,Rice,710.07,2.13,1512.45,349.5,33.9,5.95,180.6,18
East,2023,Soybean,252.09,3.66,922.65,303,27.9,5.76,67.7,7
West,2023,Barley,734.32,2.59,1901.89,325.3,33.1,5.78,115.9,18
North,2021,Corn,767.29,3.47,2662.5,213.7,30,7.09,177.6,5
West,2022,Barley,898.19,3.79,3404.14,277.1,21.9,6.27,105.6,6
East,2023,Corn,300.56,1.18,354.66,341.6,27.1,6.89,90.4,16
West,2021,Wheat,989.88,2.17,2148.04,151.6,19.4,6.58,161.8,14
South,2020,Wheat,238.05,4.52,1075.99,226.8,28.7,6.29,110.1,13
West,2020,Rice,640.62,4.86,3113.41,322.1,15.9,5.75,155.9,14
East,2021,Wheat,691.46,3.85,2662.12,259.8,31.6,6.17,69,7
East,2022,Soybean,477.06,2.35,1121.09,304.5,26.7,7.18,133,7
East,2021,Soybean,527.53,3.03,1598.42,187.9,16.2,7.12,106.9,19
West,2020,Corn,901.82,1.48,1334.69,109.7,32.4,5.56,199.6,5
South,2020,Barley,680.75,5.77,3927.93,108.7,32.6,5.78,138.7,2
North,2023,Soybean,547.3,5.34,2922.58,382.8,32.1,7.01,152.3,15
South,2022,Corn,215.51,1.33,286.63,383.4,30.5,6.17,69.7,2
West,2021,Barley,106.6,1.83,195.08,163.4,28.6,6.79,198.8,12
West,2020,Wheat,212.47,3.91,830.76,144.2,22.9,6.63,57.7,14
North,2020,Corn,960.57,2.16,2074.83,105.4,17.7,6.8,60.6,9
West,2020,Barley,787.68,5.67,4466.15,169.4,20.8,5.61,61.4,8
East,2021,Rice,970.4,4.78,4638.51,200.3,21.9,7.36,180.6,14
East,2021,Rice,132.14,2.37,313.17,172.4,22.2,5.54,159.3,11
East,2022,Soybean,712.2,1.03,733.57,339.2,26.3,5.52,196,18
East,2023,Barley,139.86,5,699.3,324.8,19.2,5.95,60,8
East,2023,Rice,803.85,3.12,2508.01,124.3,18.8,7.49,153.8,2
West,2023,Soybean,442.86,4.21,1864.44,309.2,29.3,5.65,130,12
North,2020,Corn,186.19,2.43,452.44,256.2,15.2,7.25,145.9,3
North,2023,Corn,611.24,1.71,1045.22,139.6,18,5.82,126.9,2
East,2020,Barley,352.11,4.38,1542.24,321.9,23.7,5.72,151.3,4
West,2022,Barley,693.62,3.25,2254.26,125.8,18,7.06,186.1,19
South,2020,Barley,692.36,2.18,1509.34,153.1,34.2,7.19,138.1,8
South,2022,Barley,734.51,1.69,1241.32,144.8,28.4,7.08,184.5,17
West,2022,Rice,993.22,3.9,3873.56,381.7,23.7,5.98,167.3,9
East,2023,Rice,448.03,4.63,2074.38,309.4,17.2,7.26,179.7,18
North,2023,Soybean,518.78,2.42,1255.45,223.4,22.7,5.64,148.9,14
West,2020,Rice,824.15,4.68,3857.02,346.7,28,6.18,127.8,17
South,2021,Corn,620.53,1.92,1191.42,164.8,34.4,6.43,60.4,6
South,2023,Soybean,133.53,2.69,359.2,379.3,24.5,5.64,175.2,2
South,2023,Rice,858.77,4.72,4053.39,309.1,28.8,6.66,86.3,1
East,2021,Barley,146.35,4.3,629.3,267.9,18.9,6.62,55.5,10
South,2021,Rice,253.74,2.35,596.29,338.4,27.5,7.48,127.9,14
West,2023,Wheat,191.87,1.61,308.91,293.4,19.8,6.74,144.9,6
West,2021,Soybean,170.13,1.21,205.86,366.1,19,6.3,149.3,18
South,2020,Rice,123.12,5.19,638.99,348.7,25.2,7.08,150.5,4
West,2022,Rice,149.52,1.38,206.34,159.3,19.2,6.17,148.1,18
South,2022,Corn,498.2,1.57,782.17,171.9,29.4,6.57,171.2,9
South,2023,Barley,327.57,2.19,717.38,119.5,33.7,5.61,165.4,14
North,2023,Barley,213.88,3.23,690.83,166.1,22.9,6.15,171.9,0
East,2020,Corn,692.83,4.95,3429.51,203,21.4,6.56,119,16
East,2021,Corn,303.5,2.24,679.84,108.6,18.5,6.9,59.4,9
North,2023,Wheat,117.05,3.72,435.43,194.5,22.8,5.7,145.9,3
North,2022,Soybean,476.58,1.45,691.04,331.5,26.2,7.09,81.5,16
East,2020,Barley,379.39,3.32,1259.57,352.1,22.5,7.3,178.9,9
South,2020,Corn,386.74,1.89,730.94,102.7,27.5,6.06,158.2,11
South,2021,Corn,500.74,2.06,1031.52,102.1,28.2,7.03,164.9,10
East,2023,Soybean,702.02,2.83,1986.72,143.9,17,5.86,93,2
South,2023,Corn,654.83,4.81,3149.73,361.8,29,6.55,145,18
North,2020,Wheat,943.54,4.72,4453.51,240.8,33,7.1,129.2,17
South,2022,Soybean,565.94,3.07,1737.44,394.9,15.5,6.27,90.3,17
South,2023,Wheat,525.31,1.59,835.24,366.2,26,5.55,171.8,3
West,2022,Rice,292.07,2.4,700.97,367,27.1,6.58,132.5,4
West,2020,Barley,779.84,3.53,2752.84,138.5,29.2,7.19,78.6,2
West,2023,Corn,226.7,5.35,1212.84,242.6,22.7,5.72,95.8,0
South,2022,Soybean,542.02,5.84,3165.4,398.1,31.4,5.56,84.1,16
East,2020,Wheat,479.19,4.19,2007.81,144.7,25.8,7.12,96.9,16
North,2022,Barley,692.47,2.75,1904.29,272.3,23.2,6.03,78.2,19
South,2023,Barley,925.86,4.47,4138.59,203.3,29.4,6.23,105.7,0
East,2021,Corn,951.94,2.68,2551.2,216.4,33.5,5.67,154.1,0
South,2022,Barley,251.02,4.13,1036.71,367.2,31.2,5.69,193.9,3
North,2021,Corn,335.64,2.22,745.12,276.4,33.6,6.73,81.6,8
South,2023,Rice,830.47,2.33,1935,327.6,20.3,6.6,95,5
North,2021,Corn,566.45,1.38,781.7,302,17.4,6.08,50.3,11
South,2020,Wheat,507.73,3.1,1573.96,258.7,25.7,6.41,83.8,12
North,2021,Barley,739.56,4.09,3024.8,337.5,15.9,6.28,112.8,19
South,2022,Barley,641.73,4.94,3170.15,391.2,28.5,6.89,119.3,10
North,2022,Barley,973.64,5.05,4916.88,390,19.8,7.22,89.9,11
West,2021,Corn,625.58,5.96,3728.46,336.8,24.1,7.03,72.5,9
South,2020,Soybean,519.38,1.44,747.91,246.2,28.1,5.51,134.5,15
South,2023,Corn,588.54,3.47,2042.23,148.9,24.7,5.7,111.4,16
East,2021,Wheat,827.69,3.61,2987.96,113.3,19.7,6.36,113.9,12
East,2022,Corn,651.41,5.02,3270.08,169.4,32.6,7.2,184.2,0
North,2022,Barley,682.34,2.33,1589.85,202.1,30.3,5.97,134.2,8
South,2021,Rice,974.29,1.35,1315.29,139,27,7.26,108.3,7
North,2021,Wheat,656.56,2.57,1687.36,167.4,29,5.72,88.1,17
West,2021,Rice,442.26,5.92,2618.18,125.1,23.3,5.65,114.3,0
East,2023,Wheat,722.19,5.5,3972.04,257.1,22.5,7.33,179.3,2
North,2022,Wheat,693.51,2.98,2066.66,137.9,18.2,5.82,194.8,0
North,2022,Barley,112.46,5.38,605.03,322.8,31.1,6.43,106.6,0
East,2022,Corn,520.6,1.16,603.9,199.8,22.6,6.15,81.3,18
South,2023,Barley,768.61,2.57,1975.33,301.6,28.8,5.8,187.2,17
North,2020,Barley,549.14,4.63,2542.52,364.8,21,6.76,71.7,11
East,2022,Barley,801.66,2.11,1691.5,125.8,30.9,7.43,94.6,5
South,2022,Rice,505.8,1.99,1006.54,396.7,17.1,6.82,80.6,16
West,2020,Wheat,984.99,5.31,5230.3,293.6,27.5,6.21,134.9,11
East,2023,Soybean,363.6,4.08,1483.49,116,31.2,6.92,111.3,1
North,2020,Corn,182.91,5.95,1088.31,194.2,28.2,5.79,93.1,3
West,2020,Barley,487.01,1.67,813.31,365.9,28.9,6.66,165.2,6
South,2020,Wheat,587.54,2.78,1633.36,278.9,25.5,6.44,149.6,1
South,2020,Corn,414.18,2.56,1060.3,186.2,26.2,6.22,199.3,19
East,2023,Soybean,318.05,5.4,1717.47,382.1,16.3,6.98,96.8,19
East,2023,Soybean,704.85,2.28,1607.06,336.2,20,5.74,176.8,14
East,2020,Barley,439.41,2.77,1217.17,320.7,29.4,6.57,95.4,6
South,2021,Soybean,668.23,1.71,1142.67,366.5,33.9,7.21,51.4,18
West,2021,Soybean,801.16,4.88,3909.66,330.9,25.8,5.9,72.6,2
South,2021,Corn,784.9,2.19,1718.93,186,29.5,6.03,126.3,8
North,2021,Corn,437.78,1.34,586.63,275.2,28.7,6.82,171.5,11
South,2022,Barley,611.11,3.18,1943.33,352.7,35,7.05,58.6,17
North,2023,Wheat,504.69,2.96,1493.88,154.3,30.9,6.07,174.8,2
West,2023,Barley,883.72,1.89,1670.23,148.9,27.6,6.22,157.4,8
East,2020,Rice,890.88,1.67,1487.77,147.7,17.3,6.98,55.2,5
East,2022,Soybean,409.37,5.48,2243.35,158.3,22.3,6.07,65.9,4
South,2020,Wheat,182.56,1.34,244.63,131,20,6.83,61.3,8
East,2020,Corn,250.82,1.5,376.23,351.3,32.1,5.82,151.8,13
West,2023,Rice,430.3,2.23,959.57,345.5,23.9,6.32,134.2,1
East,2022,Rice,607.82,5.76,3501.04,145.4,25.7,6.88,103.8,2
South,2021,Soybean,691.11,1.43,988.29,311.7,34.3,6.42,63.2,0
West,2023,Corn,398.23,5.08,2023.01,288.1,31.7,5.54,108.9,3
North,2022,Wheat,700.75,5.46,3826.1,182.9,30.8,6.31,152.3,12
South,2022,Corn,943.97,2.89,2728.07,168.2,17.8,6.08,64,7
North,2023,Soybean,686.81,2.47,1696.42,175.2,15.5,5.7,178.5,17
West,2023,Rice,242.71,4.39,1065.5,319.2,17.5,5.52,59.4,19
South,2020,Soybean,621.7,4.51,2803.87,195.8,29.8,5.59,141.2,3
South,2020,Barley,587.71,4.9,2879.78,183.4,23.2,7.4,78.4,6
West,2020,Rice,883.63,5.15,4550.69,106.7,17.3,7,63.7,12
East,2021,Soybean,415.27,2.34,971.73,372.5,29.8,7.38,103.2,0
South,2023,Wheat,480.65,4.43,2129.28,325.8,18.9,5.73,150,17
South,2022,Wheat,638.79,1.67,1066.78,241.8,26.8,6.64,68.2,13
North,2023,Wheat,571.98,3.55,2030.53,382.9,29.8,5.67,121.4,7
East,2022,Barley,747.11,4.06,3033.27,188.1,27.2,5.55,110.9,9
North,2021,Corn,136.35,1.81,246.79,302.4,34.9,6.43,114.1,7
North,2023,Wheat,607.16,1.38,837.88,191.5,23.7,6.79,191.5,2
East,2022,Barley,209.5,1.97,412.72,194.4,21.2,5.63,102.4,2
East,2022,Wheat,383.69,3.1,1189.44,353.4,19,6.23,198.7,5
West,2020,Barley,695.46,5.44,3783.3,336.1,25.1,5.68,130.8,10
East,2021,Wheat,241.67,3.66,884.51,188.2,32,6.22,176.4,3
South,2023,Corn,377.96,4.74,1791.53,124.4,33.9,6.44,102.3,19
East,2020,Soybean,732.71,1.87,1370.17,207.3,34.4,6.18,62.7,15
West,2021,Wheat,685.72,1.53,1049.15,328,25.6,6.65,62.7,10
West,2020,Soybean,181.94,2.2,400.27,130.2,27.1,6.67,136.1,19
West,2023,Wheat,619.54,2.57,1592.22,301.6,26.6,6.17,189.5,1
East,2022,Corn,232.53,3.74,869.66,366.9,24.3,6.28,60.7,4
East,2023,Soybean,327.04,5.41,1769.29,153.8,18,6.38,153.4,4
North,2021,Barley,513.29,3.13,1606.6,358.7,16.3,6.25,134.5,15
North,2023,Wheat,198.41,3.59,712.29,115.4,23.7,7.02,147.8,13
South,2021,Wheat,994.28,1.02,1014.17,300.1,18.7,5.78,82.3,6
North,2020,Barley,248.83,1.17,291.13,337.3,32.7,7.21,60.6,0
South,2021,Corn,803.18,1.42,1140.52,233.4,30.2,6.16,61.2,1
West,2022,Rice,846.85,4.49,3802.36,161.1,27.4,6.95,87,13
North,2022,Wheat,995.02,3.43,3412.92,377.4,15.9,7.27,82,4
East,2022,Barley,485.79,1.96,952.15,106,27.4,7.27,69,12
North,2020,Rice,886.69,3.96,3511.29,266.5,27.4,6.4,89.7,12
South,2021,Wheat,961.79,3.72,3577.86,211.9,23.8,6.01,130.1,6
North,2020,Soybean,255.6,1.44,368.06,238.3,28.2,6.71,192.4,14
West,2023,Barley,531.49,4.2,2232.26,261,32.2,5.87,188.3,9
East,2023,Soybean,154.01,4.84,745.41,260.4,30.2,7.08,90.8,1
South,2023,Corn,658.65,2.43,1600.52,161.1,24.5,6.92,59.9,18
East,2023,Rice,623.27,4.44,2767.32,303.9,20.2,7.09,199.3,12
East,2022,Barley,283.71,2,567.42,105.7,24.6,6.37,121.5,5
South,2021,Wheat,818.11,4.78,3910.57,106.4,33.9,6.61,196.7,0
East,2022,Wheat,133.54,5.56,742.48,243.5,31.4,5.71,130.6,0
East,2021,Rice,825.6,3.21,2650.18,262.6,15.5,6.88,183,11
North,2021,Soybean,123.98,2.22,275.24,182.5,30.7,6.47,117.1,13
East,2020,Soybean,691.15,3,2073.45,265.5,18.4,6.52,143.3,10
East,2023,Barley,170.89,2.25,384.5,254.8,26.4,7.19,130.4,0
East,2021,Barley,326.1,1.01,329.36,204.8,31.1,7.04,83,4
East,2023,Soybean,749.72,4.25,3186.31,295.5,26.2,6.57,164.6,2
South,2023,Barley,352.36,1.21,426.36,387.4,23.1,6.21,58.2,12
West,2023,Soybean,560.06,2.05,1148.12,247.2,21.4,6.39,104.4,4
North,2022,Rice,923.72,4.61,4258.35,335.8,21.1,6.2,180.5,12
East,2023,Barley,144.67,4.33,626.42,174.3,31.7,5.8,125.4,9
East,2021,Soybean,829.97,1.37,1137.06,328.6,31.5,6.79,61.6,2
South,2022,Barley,158.74,4.3,682.58,294.7,31.5,6.88,81.1,0
West,2023,Wheat,214.12,5.65,1209.78,291.9,20.7,7.44,66.4,12
East,2020,Wheat,207.39,1.37,284.12,367.9,31,6.41,91.6,4
South,2023,Corn,994.69,3.08,3063.65,170,15.7,7.49,74.8,10
North,2023,Soybean,262.17,4.65,1219.09,210.5,19.1,5.87,156.8,11
North,2022,Corn,907.09,4.34,3936.77,124.9,25.3,6.81,148.9,10
East,2021,Soybean,991.84,2.13,2112.62,317.8,23.1,7.49,70.3,14
East,2023,Barley,445.41,1.82,810.65,353.2,17.2,6.78,116.7,5
West,2022,Soybean,667.94,4.92,3286.26,221.8,15.8,6.4,94.4,2
West,2022,Wheat,801.18,5.78,4630.82,207,27.2,6.53,100.6,15
East,2021,Barley,453.38,4.84,2194.36,297.6,21.3,7.19,136.4,12
South,2022,Wheat,245.63,5.82,1429.57,122.7,15.3,7.38,184.8,15
West,2021,Barley,490.39,4.02,1971.37,188.2,23.6,6.41,184.6,4
East,2020,Soybean,794.7,5.65,4490.06,209.9,21.1,7.04,112,14
West,2023,Soybean,802.69,4.45,3571.97,255.6,26.5,7.37,109,15
East,2022,Wheat,307.48,5.54,1703.44,243,33.6,6.06,127.7,0
North,2020,Rice,257.47,1.81,466.02,162.6,21.2,6.49,121.1,7
East,2022,Soybean,928.5,5.08,4716.78,262.2,34.9,7.49,59.3,19
North,2022,Rice,139.6,1.98,276.41,377.8,16.7,6.21,136.8,4
West,2020,Barley,761.26,1.14,867.84,108.1,16.8,6.74,137.7,6
East,2022,Rice,141.78,3.59,508.99,304.1,29.3,6.81,117.6,9
West,2022,Wheat,854.11,2.59,2212.14,287.4,30,5.81,112.1,15
North,2020,Corn,914.87,1.22,1116.14,377.3,23.5,7.11,190.8,4
East,2022,Corn,367.68,5.9,2169.31,293.6,20.7,6.33,140.1,19
West,2021,Wheat,166.54,4.33,721.12,287.5,30.9,6.5,172.4,10
North,2022,Corn,532.62,5.51,2934.74,330.9,34.1,6.79,193.1,17
West,2023,Wheat,368.62,6,2211.72,180.3,34.8,6.32,171.5,19
South,2022,Soybean,475.42,2.96,1407.24,278.7,27.7,6.15,191.4,12
North,2023,Rice,698.49,2.27,1585.57,255.8,29.8,6.59,163.9,18
North,2023,Corn,288.84,1.92,554.57,231.5,31.4,6.19,75.5,11
North,2022,Soybean,421.26,3.58,1508.11,123.8,31,6.37,84,17
East,2020,Corn,804.31,4.03,3241.37,187.8,34.9,5.72,79.1,14
East,2021,Barley,679.39,3.36,2282.75,184,31.2,7.19,98.3,5
East,2021,Wheat,393.65,2.94,1157.33,317.3,28.3,6.32,103.2,9
South,2022,Wheat,697.87,1.84,1284.08,376.2,22.5,5.67,171.7,16
South,2020,Soybean,788.78,3.21,2531.98,169.2,27,7.08,104.1,9
North,2020,Barley,633.24,1.43,905.53,122.4,32.6,5.54,159.1,3
South,2021,Rice,315.55,5.33,1681.88,400,21.1,6.7,185.6,7
West,2020,Barley,100.22,1.23,123.27,307.4,15.6,6.91,67.2,4
North,2022,Barley,822.56,2.9,2385.42,365.9,21.5,5.88,50,18
North,2022,Rice,840.37,1.5,1260.56,143.2,34.2,5.76,183.3,17
West,2020,Rice,727.84,4.87,3544.58,340.2,30.9,5.73,85.7,15
North,2022,Barley,168.92,2.56,432.44,344,18.7,7.49,73,3
South,2023,Corn,626.7,1.57,983.92,145.4,15.2,7.01,94.3,6
East,2021,Corn,838.92,3.66,3070.45,148.4,28.4,6.13,77.9,7
West,2022,Barley,450.7,5.58,2514.91,188.6,26.6,6.17,169,14
South,2020,Corn,278.2,5.54,1541.23,165,16.7,6.8,145.2,8
West,2021,Rice,628.86,2.25,1414.94,392.6,34.3,6.42,75.1,6
West,2022,Rice,843.68,4.6,3880.93,208.9,27.4,6.04,137.5,8
North,2021,Corn,143.98,1.15,165.58,328.4,28,5.61,81.2,19
North,2020,Rice,637.26,1.66,1057.85,341.5,32.1,7.07,79.6,0
South,2023,Wheat,678.86,3.5,2376.01,215.8,21.7,7.28,139.3,6
West,2023,Rice,642.13,2.14,1374.16,304.8,26.2,5.91,149.7,1
North,2022,Barley,685.03,4.99,3418.3,132.3,26.5,5.63,101.9,14
North,2023,Soybean,668.24,5.66,3782.24,219.1,34.3,5.74,164.5,9
West,2022,Corn,217.36,1.02,221.71,390.2,17.6,6.33,175.6,8
South,2021,Corn,311.44,2.16,672.71,150.6,30.2,6.1,187.5,15
South,2022,Rice,657.09,3.2,2102.69,215.7,26.5,5.65,143.9,5
West,2022,Rice,115.92,3.82,442.81,337.2,31.9,6.41,83,11
South,2022,Soybean,671.27,5.58,3745.69,299.6,31.6,5.91,162.3,7
North,2023,Soybean,698.85,5.46,3815.72,289.5,15.2,5.63,66.2,8
West,2022,Barley,315.26,4.19,1320.94,356,20.1,6.82,77.2,6
North,2020,Wheat,638.32,2.29,1461.75,108.7,18.6,6.65,174.9,13
East,2022,Barley,580.68,4.92,2856.95,331.3,24.2,7.15,186.6,10
East,2021,Corn,334.62,2.01,672.59,364.8,33.1,6.1,60,11
South,2020,Rice,516.68,5.83,3012.24,104.9,15.1,5.77,96.8,18
East,2021,Barley,918.66,1.03,946.22,267.7,24.8,6.22,144.4,9
North,2021,Rice,483.94,3.85,1863.17,204.6,32.7,7.06,190.8,18
East,2021,Rice,666.86,1.44,960.28,115.2,33.5,5.98,135.6,12
North,2020,Barley,131.82,3.04,400.73,225.3,28.1,6.01,173.1,2
South,2020,Barley,170.02,4.17,708.98,293.2,31.6,5.8,188.4,15
South,2023,Soybean,173.18,4.45,770.65,375.7,21.5,7.47,127.9,4
North,2020,Wheat,800.42,4.93,3946.07,286.2,20.7,7.43,161.1,7
East,2022,Soybean,415.23,3.97,1648.46,357,16,6.82,149.4,0
South,2021,Wheat,304.85,2.26,688.96,136.5,25.1,5.93,150.7,13
West,2023,Barley,772.59,5.45,4210.62,163.2,24.1,7.03,127.6,19
South,2020,Wheat,252.96,5.06,1279.98,391.1,22.4,6.67,143.5,4
East,2021,Corn,321.84,1.8,579.31,366.2,17.3,7,133.2,15
West,2020,Soybean,487.84,5.13,2502.62,170.6,19.6,7.22,145.7,0
East,2023,Soybean,398.29,5.86,2333.98,286.3,19.1,6.14,125.8,2
North,2020,Soybean,626.85,4.19,2626.5,208.8,33.9,7.33,83.4,2
West,2020,Rice,404.06,2.41,973.78,240.6,34.3,7.3,154,10
East,2021,Rice,453.66,4.03,1828.25,358.3,15.1,6.59,107.6,10
West,2022,Barley,876.6,2.71,2375.59,320.7,18.4,6.87,69.2,19
East,2020,Barley,896.08,4.38,3924.83,171.5,32.8,6.32,177.7,4
West,2023,Rice,844.94,3.72,3143.18,194.8,15.8,6.81,77.2,11
East,2020,Soybean,878.35,5.65,4962.68,186.9,33.9,6.6,131.1,5
North,2020,Rice,612.76,4.09,2506.19,334.2,22.6,6.15,158.2,15
West,2022,Wheat,681.61,2.07,1410.93,247,25.8,6.15,147.2,5
West,2021,Soybean,601.46,4.63,2784.76,385.2,30.3,6.8,74.1,8
West,2023,Rice,807.03,2.5,2017.57,345,19.9,7.41,79.1,9
West,2021,Barley,595.9,2.36,1406.32,163.4,17,5.9,72.3,13
North,2021,Rice,199.97,2.96,591.91,335.8,31.2,6.29,60.9,14
West,2021,Corn,828.62,1.06,878.34,251.8,34.7,7.11,92.5,6
South,2020,Rice,784.53,5.85,4589.5,176.1,28.2,5.75,128.6,19
North,2022,Soybean,838.27,3.66,3068.07,209,31.5,7.49,75.9,4
South,2020,Rice,271.39,4.87,1321.67,391.6,33.8,6.86,195.6,6
West,2023,Barley,344.46,2.29,788.81,245.2,19.6,7.32,154.8,7
East,2022,Wheat,366.18,4.73,1732.03,315.9,22,7.18,137.5,13
South,2021,Corn,557.27,3.84,2139.92,243.1,19.4,7.05,152.2,14
West,2022,Soybean,220.49,3.12,687.93,211.5,16.2,5.57,115.4,16
South,2023,Barley,446.84,5.85,2614.01,338.9,29.6,6.31,120.5,19
West,2020,Corn,263.94,3.47,915.87,354.5,17.9,5.9,183.3,15
West,2020,Rice,338.29,4.29,1451.26,121.6,16.9,7.24,158.3,8
West,2021,Corn,735.75,1.08,794.61,183.7,22.2,6.86,138.2,10
East,2020,Wheat,869.33,2.51,2182.02,252.4,16.2,5.71,192.5,3
South,2020,Corn,120.62,5.44,656.17,194.9,18.6,6.22,149.4,1
North,2023,Corn,609.31,4.79,2918.59,335.1,16.4,5.64,109.8,1
North,2022,Rice,132.45,3.68,487.42,134.4,32.5,6.98,57.1,14
North,2020,Rice,176.72,5.5,971.96,339.3,30.6,6.34,108.6,7
North,2023,Soybean,734.58,3.43,2519.61,285.4,32.2,5.97,188.7,15
West,2023,Rice,762.05,3.83,2918.65,186.8,32.4,6.54,56.7,7
South,2021,Corn,832.58,2.91,2422.81,203.3,33.9,5.58,77.7,4
South,2023,Wheat,526.82,4.1,2159.96,154.9,18.7,6.01,171.3,10
East,2021,Rice,873.83,2.6,2271.96,175.8,33,5.85,104.7,4
South,2020,Soybean,250.15,2.93,732.94,315.2,25.5,7.36,77.9,7
South,2021,Soybean,324.74,5.83,1893.23,212.8,18.3,6.25,172.3,15
South,2023,Corn,221.05,1.56,344.84,306.2,28.1,6.67,133.8,5
East,2022,Rice,817.78,1.53,1251.2,254.2,21.5,6.51,132.3,5
North,2022,Rice,305.81,1.22,373.09,143.6,15.9,6.82,94.1,6
South,2020,Soybean,239.96,2.6,623.9,249.7,16.6,6.06,151.3,17
East,2020,Rice,660.8,2.99,1975.79,326.9,23.5,5.74,179.3,2
East,2022,Corn,169.37,1.47,248.97,189.3,31.5,5.66,162.5,13
West,2021,Wheat,140.41,3.75,526.54,294.4,21.2,5.89,141.9,16
East,2020,Corn,196.05,3.92,768.52,159.7,30.3,6.47,102.6,9
North,2023,Rice,100.22,4.76,477.05,140.7,16.1,5.97,178.2,15
South,2020,Corn,727.29,5.88,4276.47,208.1,22.9,6.37,134.9,19
East,2021,Barley,606.01,4.1,2484.64,216.8,17.5,5.56,183.4,18
North,2020,Barley,288.89,1.56,450.67,328.3,32.3,6.76,88.1,11
East,2023,Rice,309.7,1.44,445.97,238,34.4,7.26,148.1,13
East,2023,Rice,829.87,4.89,4058.06,124.4,21.5,5.6,190.3,10
East,2023,Wheat,551.64,4.25,2344.47,290.2,34.8,5.94,106.1,0
East,2021,Corn,728.68,1.81,1318.91,240.8,30,6.14,192.7,9
East,2021,Wheat,507.48,2.27,1151.98,199.5,15,6.07,108.9,10
North,2023,Rice,313.95,4.75,1491.26,340.7,24.7,5.58,115.7,3
South,2023,Rice,973.36,3.83,3727.97,146.3,31.7,5.71,171,17
South,2021,Soybean,609.08,3.93,2393.68,374,25.7,7.32,89.1,10
South,2021,Wheat,217.88,2.05,446.65,200.2,26,6.92,155.9,7
South,2021,Rice,465.48,4.15,1931.74,238.3,24,7.42,94.8,6
North,2022,Barley,396.4,4.85,1922.54,378.8,22.9,6.38,139.1,16
West,2021,Soybean,292.68,5.43,1589.25,328.4,15.5,7.26,166.4,5
West,2023,Corn,940.1,4.68,4399.67,122.3,27.4,7.13,53.9,9
North,2022,Soybean,892.83,3.88,3464.18,273.5,30.3,7.25,63.3,11
North,2021,Corn,279.23,4.37,1220.24,193.1,30.8,5.58,190.2,1
East,2023,Barley,416.93,3.43,1430.07,252.5,27.5,6.81,172.4,12
East,2020,Corn,786.08,2.13,1674.35,322.9,21.8,6.63,181.6,12
East,2022,Wheat,287.66,5.41,1556.24,248.9,15.5,6.59,115.8,4
South,2023,Corn,632.41,3.66,2314.62,121.3,32.9,6.51,157.5,5
East,2020,Corn,729.81,3.97,2897.35,259,23.6,7.09,199.7,15
West,2023,Soybean,688.58,5.95,4097.05,107.2,27,7.44,114.9,17
South,2021,Barley,735.77,5.93,4363.12,204.5,18.9,7.16,177,16
East,2021,Corn,736.03,3.93,2892.6,243.4,17.8,7.24,61.9,19
South,2020,Wheat,968.33,1.17,1132.95,293.4,16.7,6.47,131.6,14
West,2021,Soybean,411.85,2.98,1227.31,251.9,31,6.88,100,14
East,2023,Barley,890.73,5.69,5068.25,145.6,27.9,6.33,128.5,14
West,2020,Barley,119.63,2.44,291.9,379.7,27.4,6.22,67.1,3
West,2023,Rice,359.38,6,2156.28,295.1,33.4,7.29,105.2,8
West,2023,Wheat,143.79,1.42,204.18,195.1,18.2,7.31,61.5,11
East,2023,Soybean,686.08,3.84,2634.55,389.8,18.4,6.86,118,13
North,2021,Soybean,190.71,3.58,682.74,364.8,18.8,7.18,116.3,0
East,2021,Wheat,861.14,2.28,1963.4,143,23.5,6.22,99.5,9
West,2023,Barley,681.93,5.74,3914.28,296.6,32.5,6.37,192.2,14
East,2022,Corn,125.93,4.1,516.31,268,32.6,7.14,62.4,10
West,2023,Wheat,743.3,2.15,1598.09,157.8,26.8,6.3,173.7,0
North,2023,Soybean,875.83,2.92,2557.42,170,28.2,5.58,103.2,7
South,2020,Wheat,695.01,4.61,3204,269.1,33,6.21,79.9,8
North,2023,Barley,127.47,2.49,317.4,196.4,27.5,6.3,90.9,2
North,2021,Rice,872.13,5.4,4709.5,350.4,19.6,5.81,185.3,0
South,2020,Rice,759.22,1.83,1389.37,129.3,29.1,6.19,173.7,9
East,2022,Corn,440.61,2.32,1022.22,374.2,30.4,7.37,52.4,5
South,2020,Corn,395.77,1.72,680.72,352.2,27.7,7.22,72.1,18
East,2022,Barley,531.84,1.52,808.4,321.6,20.5,6.39,151.3,3
East,2020,Corn,880.39,2.5,2200.98,178.8,23,6.92,97.6,18
West,2020,Rice,326.85,6,1961.1,314.5,24.4,5.8,187.9,6
West,2022,Barley,190.87,1.47,280.58,231.6,17.9,7.01,168,11
South,2021,Barley,878.17,2.07,1817.81,290.1,24,6.45,181.3,4
North,2021,Barley,123.66,2.36,291.84,193.8,18.2,6.95,78.9,18
South,2021,Wheat,919.9,4.1,3771.59,350.8,25,6.79,72.6,18
East,2020,Corn,375.17,4.73,1774.55,112.2,16,5.97,189.8,19
West,2023,Soybean,557.4,4.76,2653.22,307.4,34,7.17,110.6,6
South,2020,Rice,219.07,1.04,227.83,348.6,19.9,6.64,112.4,13
South,2023,Corn,912.03,4.26,3885.25,293.9,24.3,7.07,152.7,8
West,2023,Rice,774.85,4.15,3215.63,157.6,15.7,5.69,109.6,4
West,2021,Corn,931.74,3.59,3344.95,185.5,18.9,6.73,181.3,17
West,2023,Soybean,714.91,2.9,2073.24,254.5,28.9,6.08,193.9,8
East,2020,Rice,266.22,4.99,1328.44,198.8,17.2,7.22,99.9,4
West,2020,Soybean,377.44,2.72,1026.64,101.5,27.6,7.4,81.2,15
North,2021,Rice,538.16,2.15,1157.04,112.2,15,5.61,61.3,8
South,2022,Wheat,646.53,2.55,1648.65,330.3,24.3,6.95,82.2,19
West,2020,Wheat,933.81,3.2,2988.19,125.1,29.4,5.71,70.9,10
West,2023,Rice,445.56,2.07,922.31,378.4,33.5,7.22,54.4,13
East,2020,Rice,732.76,4.04,2960.35,232.8,24.9,5.75,57,2
East,2020,Soybean,964.91,5.42,5229.81,327.5,31.8,5.89,126.4,19
South,2020,Barley,237.14,3.98,943.82,137.7,31.1,6,156.2,6
North,2022,Rice,876.44,3.23,2830.9,378,20.9,6.96,197.5,10
South,2023,Corn,478.64,4.98,2383.63,110.1,32.5,6.09,73.4,16
West,2021,Corn,759.18,4.74,3598.51,112.6,27.8,6.69,154.7,17
North,2020,Corn,364.18,2.84,1034.27,116.4,17.1,6.64,133.1,18
North,2023,Wheat,400.59,4.02,1610.37,131,33.8,6.3,121.7,16
North,2023,Soybean,124.42,4.65,578.55,246,18.5,6.58,158.3,8
North,2021,Wheat,974.26,2.23,2172.6,336.5,24.4,5.74,85.8,13
South,2020,Corn,832.11,2.83,2354.87,185.5,24.3,7.25,96.7,10
East,2022,Rice,184.53,1.53,282.33,323.7,27.5,5.91,107.7,14
East,2023,Corn,999.56,5.94,5937.39,332.2,28.3,7.26,77.4,3
West,2021,Rice,644.52,1.43,921.66,372.5,19.7,6.54,121.8,18
East,2022,Soybean,868.36,1.84,1597.78,144.8,22,6.73,69.8,8
East,2023,Barley,159.99,3.4,543.97,140.7,17.9,6.01,97.7,1
East,2020,Rice,450.51,5.33,2401.22,136.6,17.5,5.94,67,7
East,2023,Wheat,702.69,2.78,1953.48,207.8,31.5,6.48,55.4,6
West,2022,Corn,195.79,4.84,947.62,246.8,30,6.03,103.3,17
South,2022,Corn,540.01,4.38,2365.24,238.5,23.9,6.35,142.6,18
North,2020,Corn,498.41,4.19,2088.34,177.1,16.9,6.38,72.8,17
East,2020,Rice,294.44,5.23,1539.92,286.6,24,6.04,199,14
South,2021,Soybean,370.24,1.07,396.16,201.5,20.9,6.08,91.2,10
East,2020,Rice,970.41,5.65,5482.82,209.8,30.6,7.45,53.4,11
East,2021,Wheat,359.78,5.15,1852.87,131.7,16.9,6.67,54.2,2
North,2022,Corn,292.08,5.69,1661.94,277.7,24,7.16,150,3
North,2022,Rice,582.59,4.97,2895.47,296.6,26.8,5.59,150.5,17
North,2023,Corn,703.86,5.39,3793.81,327.4,34.7,5.5,185.4,11
East,2023,Wheat,752.58,2.02,1520.21,371.2,16.8,6.54,63.6,15
East,2021,Barley,778.82,2.6,2024.93,329.8,17.3,7.15,106.5,11
East,2020,Barley,133.15,2.58,343.53,170.7,34.8,6.72,183.4,6
North,2020,Barley,454.38,1.55,704.29,170.7,23.1,6.74,169.7,11
West,2023,Corn,796.56,4.65,3704,374.5,29.9,5.78,85,3
South,2022,Rice,914.37,1.68,1536.14,337,30.7,7.46,183.5,15
West,2021,Corn,641.98,1.26,808.89,334.7,21.3,6.56,152.1,15
East,2022,Soybean,147.08,4.88,717.75,315.9,19.3,5.71,89.6,16
East,2022,Rice,456.98,5.52,2522.53,180.2,20.5,6.33,56.7,19
West,2020,Wheat,166.8,4.82,803.98,354.2,30.3,5.64,124.6,8
East,2021,Barley,773.68,5.13,3968.98,142.9,31.8,6.34,157,13
South,2022,Rice,157.15,3.98,625.46,205,29,6.92,90.3,4
East,2023,Rice,267.16,5.44,1453.35,203.9,23.8,6.15,75.3,17
South,2023,Barley,475.26,3.48,1653.9,268,20.3,6.13,61.3,11
West,2020,Wheat,516.38,5.94,3067.3,239,23.5,6.53,176.3,6
West,2023,Corn,465.83,1.52,708.06,237.9,33.3,6.5,58.2,1
East,2023,Corn,517.06,5.05,2611.15,266.1,32.3,6.43,141.4,17
South,2022,Rice,741.92,4.21,3123.48,224.6,21.5,6.53,164.5,2
East,2023,Barley,432.34,3.9,1686.13,175,21.6,5.6,167.1,14
North,2023,Soybean,592.98,4.63,2745.5,299.2,30.6,6.45,148.1,10
North,2022,Wheat,373.03,5.2,1939.76,337.2,23.5,7.48,147.9,9
North,2020,Corn,418.26,5.31,2220.96,243.7,26.5,7.03,121.1,19
North,2020,Wheat,652.42,1.88,1226.55,294.8,23.4,6.08,112.5,18
East,2021,Wheat,541.45,1.99,1077.49,260.6,19.8,6.86,70.6,12
North,2023,Wheat,750.73,1.08,810.79,117.7,18.8,6.16,130.3,15
South,2022,Barley,604.48,1.66,1003.44,226.9,17.8,5.88,60.7,19
West,2021,Barley,823.22,2.32,1909.87,103,15.2,7.05,120.2,17
West,2020,Barley,499.07,4.61,2300.71,298.6,20.6,5.92,159.6,11
North,2020,Rice,541.93,3.38,1831.72,252.4,18.4,7.22,116.4,14
North,2022,Barley,702.97,4.79,3367.23,138,20.2,6.26,126.2,1
North,2021,Rice,299.12,3.43,1025.98,262.7,16.5,7.01,176.3,12
East,2021,Corn,447.34,3.78,1690.95,369.5,21.8,6.02,147,11
West,2022,Corn,662.36,1.56,1033.28,202.1,25.4,6.81,69.1,14
North,2022,Corn,125.99,4.88,614.83,394.7,33.9,5.93,131.4,2
South,2021,Corn,493.27,4.79,2362.76,387.8,21.9,5.54,104.7,16
North,2020,Corn,638.96,2.54,1622.96,335.6,15.6,7.13,81,5
West,2023,Barley,970.64,2.64,2562.49,344.1,22.2,7.21,147.2,10
North,2020,Soybean,889.31,2.1,1867.55,223.2,31.3,7.26,108,19
West,2022,Barley,352.67,5.07,1788.04,220.8,21.8,5.57,165.1,3
North,2021,Soybean,556.49,4.74,2637.76,386.3,20.8,7.02,138,9
South,2021,Barley,150.77,4.05,610.62,209.9,33.4,7.17,65.6,18
North,2023,Corn,316.68,2.19,693.53,129.1,20.9,6.12,102.6,8
South,2021,Wheat,797.37,1.86,1483.11,145.8,34.4,6.44,90.5,18
South,2023,Soybean,210.98,1.25,263.72,313.1,31.7,6.32,72.5,14
North,2020,Wheat,331.92,1.23,408.26,214.9,28.7,6.38,170,8
South,2020,Corn,949.64,1.94,1842.3,159.8,27,7.19,106.8,12
East,2021,Soybean,841.47,1.5,1262.2,344.1,19.5,6.34,142,1
North,2021,Wheat,803.64,3.78,3037.76,246.6,29.6,6.1,182.3,7
North,2022,Barley,878.1,2.79,2449.9,270.3,21.9,5.76,131.5,11
South,2022,Corn,774.65,3.22,2494.37,146.2,24.7,6.85,88.7,8
South,2021,Barley,208.53,3.97,827.86,157.8,17.1,5.67,168.6,4
North,2021,Barley,564.91,4.3,2429.11,137.8,20.9,5.62,115.4,3
East,2020,Corn,499.82,4.24,2119.24,254.4,25.6,6.86,134.6,12
South,2021,Soybean,380.04,2.3,874.09,332.7,24.4,6.89,185.3,14
South,2022,Rice,850.64,5.05,4295.73,319.7,21.9,5.9,123.4,1
West,2020,Rice,517.73,5.59,2894.11,178.4,24.4,7.41,100.2,0
East,2023,Corn,154.27,2.58,398.02,355.5,29.9,7.08,159.1,3
East,2022,Rice,347.47,1.09,378.74,131.7,24.2,6.87,70,9
North,2022,Wheat,305.76,5.5,1681.68,134.2,25.1,7.01,187.1,0
East,2020,Soybean,898.73,5.62,5050.86,354.8,29,6.32,187.3,1
North,2023,Barley,682.69,1.25,853.36,173.3,31.8,6.41,136.9,11
West,2022,Barley,604.34,1.02,616.43,312.4,25.5,7.24,73.1,15
East,2021,Corn,555.98,5.08,2824.38,102.7,34,5.55,117.8,2
South,2022,Barley,685.1,2.51,1719.6,128.1,22.1,7.1,113.5,8
West,2020,Wheat,779.39,5.57,4341.2,282.8,20.1,6.4,94.7,2
North,2020,Wheat,598.95,2.08,1245.82,154.7,28.9,6.43,76.3,19
West,2020,Corn,944.46,5.31,5015.08,108.5,18.5,6.15,89.6,15
North,2022,Barley,979.15,1.34,1312.06,240.1,33,6.71,133.3,7
West,2023,Rice,995.81,2.3,2290.36,199.2,22.7,6.85,152.9,18
North,2021,Rice,702.45,5.87,4123.38,340.7,29,5.82,196.9,10
East,2020,Soybean,939.36,2.16,2029.02,345.6,26.4,6.63,82.4,5
South,2023,Corn,464.03,1.67,774.93,284.3,16.1,6.43,80.6,13
North,2021,Soybean,873.63,5.29,4621.5,187.9,29.2,7.06,67.6,0
West,2020,Rice,918.26,1.59,1460.03,238.5,30.8,6.59,190.8,11
North,2021,Rice,913.73,1.49,1361.46,310.7,34.6,6.36,107.3,14
North,2021,Rice,847.76,2.62,2221.13,120.8,23.3,6.56,188.6,15
North,2023,Soybean,465.94,4.18,1947.63,199.7,25.1,6.48,183.4,3
West,2021,Corn,243.02,4.55,1105.74,346.7,32.5,7.37,56.6,7
South,2020,Wheat,400.56,5.41,2167.03,221.8,20.4,6.12,92,16
East,2023,Wheat,790.56,3.7,2925.07,287.4,18.8,5.57,95.4,2
South,2022,Rice,309.6,2.97,919.51,128.9,17.7,6.82,91.6,2
North,2022,Corn,530.44,2.79,1479.93,333.1,34.6,6.71,113.8,14
West,2023,Corn,608.86,5.23,3184.34,130.1,20.4,7.32,124.9,14
South,2022,Barley,643.47,4.62,2972.83,358.5,30.1,5.73,163.7,7
North,2021,Barley,942.15,5.53,5210.09,132,24,6.55,90.2,14
East,2020,Soybean,695.34,5.82,4046.88,367.3,19.8,5.8,94.8,7
East,2021,Barley,807.67,2.5,2019.18,209.1,33.3,6.41,139.8,18
East,2023,Soybean,623.69,3.65,2276.47,287.4,24.3,7.1,76.9,3
North,2020,Wheat,850.22,4.16,3536.92,354,26.3,7.21,121,0
West,2023,Rice,337.3,1.82,613.89,103.1,19.4,7.17,87.6,2
South,2023,Corn,288.89,1.27,366.89,179.7,21.5,6.59,79.7,7
East,2023,Wheat,933.69,5.34,4985.9,372.5,30,6.77,169.3,16
North,2021,Wheat,724.13,3.68,2664.8,216.5,21.9,6.6,156.1,16
North,2020,Soybean,704.37,3.85,2711.82,311.9,25.1,6.62,87.5,5
South,2020,Rice,520.57,3.77,1962.55,142,17.3,7.27,112.3,10
East,2020,Soybean,439.03,4.77,2094.17,303.5,32,5.92,73.1,5
North,2021,Wheat,600.12,1.73,1038.21,121.9,29.8,6.38,58,0
South,2022,Corn,208.51,4.07,848.64,315.2,30.2,6.72,137.8,2
West,2021,Barley,509.24,3.35,1705.95,197.1,18.6,7.03,104.5,19
West,2021,Soybean,509.83,5.48,2793.87,239.8,24.9,7.02,81.1,8
West,2023,Wheat,584.5,3.6,2104.2,149.9,15.6,5.73,67.2,14
East,2020,Barley,671.22,5.71,3832.67,288.4,21.3,5.94,152,7
South,2020,Barley,961.59,2.77,2663.6,201.3,22,7.32,90.7,19
South,2022,Wheat,686.95,5.83,4004.92,215,33.3,6.22,186.1,15
North,2022,Rice,895.35,5.38,4816.98,295.7,34.9,5.51,78.9,9
North,2023,Wheat,600.67,3.92,2354.63,153.7,27.4,5.9,86.6,13
North,2020,Corn,664.24,2.77,1839.94,355.6,25.3,7.44,177.8,15
South,2022,Barley,162.85,2.88,469.01,321.8,23.8,6.12,135.9,14
North,2022,Corn,219.94,4.86,1068.91,273.3,15.4,6.73,66.3,8
South,2020,Soybean,621.7,3.9,2424.63,138.5,31,6.95,132.4,9
South,2021,Barley,456.14,3.01,1372.98,306.1,28.4,6.79,96.2,7
West,2022,Rice,818.93,4.18,3423.13,105.4,28,6.26,160.5,11
North,2020,Wheat,588.86,4.67,2749.98,341.3,31.2,6.36,61.7,4
West,2022,Soybean,894.06,1.11,992.41,191.1,33.6,7.18,187.7,13
East,2023,Corn,975.1,1.45,1413.9,135.2,22.8,6.83,121.7,2
East,2022,Soybean,232.87,1.47,342.32,149.3,23.5,5.55,160.1,14
East,2020,Rice,455.34,2.16,983.53,388.9,34.5,5.91,155.7,5
South,2022,Wheat,698.48,3.13,2186.24,332.1,28.3,6.07,76.7,18
South,2023,Soybean,374.94,5.02,1882.2,171.4,32,6.23,182,17
South,2023,Corn,340.33,2.76,939.31,389,19.4,6.65,84.9,6
North,2022,Soybean,832.36,1.09,907.27,142,21.3,6.23,78.6,2
West,2022,Wheat,982.34,3.42,3359.6,320.1,22.8,7.15,128.1,4
South,2023,Soybean,796.42,5.98,4762.59,297,21.3,6.45,197.7,15
West,2023,Corn,571.31,2.75,1571.1,346.4,32.7,6.5,97,14
West,2021,Wheat,498.26,5.81,2894.89,214.5,25.2,6.35,194.7,19
West,2021,Rice,585.68,1.51,884.38,220.6,34.1,6.12,115.3,8
North,2023,Rice,516.56,1.87,965.97,287.4,21.4,6.95,175.2,2
North,2022,Barley,552.6,4.62,2553.01,219.5,15.7,5.96,129.5,11
East,2020,Soybean,283.11,3.51,993.72,112.4,17.8,6.88,80.8,0
East,2022,Corn,913.37,4.83,4411.58,318.9,19.3,6.56,182,19
West,2022,Soybean,779.08,5.32,4144.71,292.3,27.8,5.7,60.8,5
East,2021,Wheat,712.88,2.26,1611.11,227.1,18.6,5.54,152.4,1
West,2021,Barley,954.93,4.41,4211.24,190.8,22.6,5.84,174.6,12
North,2021,Corn,355.95,4.04,1438.04,196.2,30.9,7.02,174.8,19
North,2023,Soybean,173.04,5.31,918.84,322.3,17.5,6.27,148.3,7
North,2023,Corn,843.52,3.15,2657.09,318.7,16.6,7.11,87.6,17
South,2022,Wheat,998.58,1.26,1258.21,345.7,25.8,6.5,129.8,15
West,2022,Barley,620.59,3.87,2401.68,328.7,29,5.57,144.4,1
North,2020,Corn,152.93,5.79,885.46,327.4,33.2,7.19,183.5,15
West,2022,Wheat,802.42,1.07,858.59,175.5,28.2,7.37,74,2
East,2022,Rice,166.37,2.2,366.01,130.5,33.9,5.65,119.7,15
East,2021,Corn,586.01,2.58,1511.91,328.5,19.9,5.92,100,15
North,2021,Barley,349.78,4.83,1689.44,129.6,21.8,6.93,114.2,8
West,2021,Corn,923.52,2.62,2419.62,394.6,31.8,7.49,77.5,18
North,2021,Corn,506.2,2.2,1113.64,362.5,31.2,7.25,82.6,10
East,2021,Wheat,908.62,4.24,3852.55,260,28.3,5.7,165.5,1
North,2020,Soybean,369.17,1.23,454.08,205.7,25.1,6.71,121.8,15
West,2020,Soybean,448.63,1.85,829.97,258.1,15.4,6.83,127.1,15
East,2020,Corn,952.41,3.04,2895.33,320.3,20.6,6.76,184.6,14
South,2021,Barley,281.18,2.78,781.68,326.9,18.2,6.64,86,19
East,2023,Barley,620.65,2.74,1700.58,122.1,16,6.08,99.4,6
South,2021,Wheat,449.66,1.54,692.48,341.5,30.5,6.84,96.3,11
North,2021,Corn,796.75,2.8,2230.9,292.4,17.6,6.96,148.9,14
North,2020,Corn,216.37,4.99,1079.69,112.2,22.1,6.65,134.4,1
West,2021,Soybean,493.49,3.07,1515.01,193.9,34.5,6.49,120.7,6
South,2020,Wheat,729.04,3.93,2865.13,253.2,23.2,5.94,150.2,19
North,2021,Rice,466.31,1.82,848.68,156.5,17.8,6.59,122.6,11
South,2022,Barley,152.68,1.35,206.12,146.6,28.8,5.76,172.4,19
North,2023,Barley,734.6,5.4,3966.84,104.3,31.2,5.65,111.5,18
East,2023,Corn,552.88,2.66,1470.66,373.5,20.6,7.06,183.6,13
North,2020,Wheat,110.18,2.75,303,116.8,31.2,6.85,67.9,1
West,2022,Rice,651.39,5.39,3510.99,209.8,20.4,6.8,64.1,13
East,2023,Barley,927.89,4.54,4212.62,161.7,28.9,7.36,148.4,19
West,2020,Wheat,199.92,4.78,955.62,322.3,17.5,6.26,108.5,13
East,2021,Rice,631.6,4.41,2785.36,312.2,23.6,6.3,118.4,17
South,2021,Corn,755.8,1.53,1156.37,341.9,25.4,6.33,154.4,2
West,2022,Soybean,163.7,5.79,947.82,285,29.5,6.43,82.2,16
North,2023,Barley,120.35,5.55,667.94,277.5,28,6.53,56.6,15
South,2021,Barley,517.78,2.18,1128.76,222.1,32.1,7.06,115.8,12
North,2020,Rice,812.07,5.02,4076.59,290.9,18.7,5.94,184.2,16
East,2021,Soybean,244.65,3.05,746.18,134.6,28.2,6.37,117.6,5
East,2021,Wheat,852.97,4.42,3770.13,305.4,17.6,6.51,135.8,4
North,2023,Corn,690.92,1.83,1264.38,131.2,24.6,5.84,81.3,16
North,2023,Wheat,398.96,3.69,1472.16,358.5,25.5,6.9,119.6,14
South,2020,Rice,564.24,1.63,919.71,251.7,15.5,5.61,122.1,1
North,2022,Barley,969.02,3.68,3565.99,259.1,16.4,6.67,85.3,6
West,2022,Barley,294.79,2.22,654.43,275.5,31.8,5.9,74.6,3
West,2021,Wheat,549.58,3.26,1791.63,332.8,20.7,5.52,102.5,18
North,2020,Corn,662.04,4.34,2873.25,243.5,21.9,6.13,55.8,12
West,2022,Rice,224.21,5.39,1208.49,228.3,27.8,6.36,75,2
North,2022,Corn,139.17,1.83,254.68,186.5,19.4,7.13,159.7,8
South,2021,Rice,112.11,5.47,613.24,138.4,18.9,6.32,147.4,9
West,2020,Corn,392.22,2.95,1157.05,157.1,23.4,7.33,96.9,17
West,2022,Wheat,166.55,5.22,869.39,100.2,16.2,7.19,132.7,15
North,2023,Soybean,823.39,3.56,2931.27,360.8,33.3,5.89,174.4,3
West,2023,Rice,997.59,5.31,5297.2,329.5,33.8,5.81,175.9,16
East,2021,Wheat,155.17,4.31,668.78,165.6,24,5.99,148.2,15
South,2021,Barley,489.45,3.54,1732.65,100.7,19.2,6.22,68.6,0
South,2021,Barley,123.16,2.56,315.29,247.6,24.4,6.67,74.4,4
West,2021,Corn,220.59,5.84,1288.25,223.8,17,5.75,93.8,1
West,2022,Barley,390.63,5,1953.15,332.8,23,6.56,150.6,7
East,2020,Soybean,454.33,2.91,1322.1,220.9,16.5,6.66,88.7,15
East,2021,Rice,945.8,1.83,1730.81,359.2,29.1,6.82,119.7,5
West,2021,Corn,456.25,4.9,2235.62,128.8,20.5,6.6,173.8,13
West,2022,Rice,546.65,5.95,3252.57,209.8,25.4,7.15,183.8,3
East,2021,Rice,321.03,2.39,767.26,380.2,15.3,6.78,175.8,7
North,2021,Wheat,100.11,5.58,558.61,103.5,25.5,7.35,67.5,19
East,2020,Barley,909.4,1.63,1482.32,217.2,15.1,6.9,186.6,13
North,2023,Rice,173.54,5.76,999.59,177.9,33.5,6.37,152.6,3
South,2021,Soybean,967.82,4.73,4577.79,259.6,25,5.92,142.8,13
South,2022,Soybean,217.76,2.73,594.48,183.6,17,5.52,87.1,7
East,2020,Barley,644.39,2.52,1623.86,361,21.8,5.68,189.2,18
North,2022,Barley,999.47,4.22,4217.76,381.1,15.9,5.88,52.6,4
East,2020,Corn,224.62,3.97,891.74,354.7,25.6,5.93,62.3,11
East,2020,Corn,481.55,5.59,2691.86,219.6,17.4,6.98,73.1,2
North,2021,Corn,802.38,4.83,3875.5,397,24.5,6.27,154.1,16
East,2021,Barley,128.97,3.7,477.19,320.5,21.1,6.15,143.4,18
South,2021,Rice,720.8,5.64,4065.31,206.7,30.2,5.6,191.7,5
West,2023,Wheat,172.34,3.96,682.47,128.1,24.6,6.58,102.3,18
West,2023,Corn,312.87,5.25,1642.57,300.1,32,6.73,102.1,12
East,2022,Wheat,244.07,5.2,1269.16,318.6,33.8,7.26,150.4,8
North,2021,Soybean,916.6,5.6,5132.96,136.7,34.4,6.51,76.1,17
North,2023,Barley,262.41,1.34,351.63,264.9,20.2,5.52,119.6,13
South,2021,Soybean,136.39,3.92,534.65,396.1,30.4,5.63,52.3,7
North,2023,Corn,628.86,3.34,2100.39,197.9,23.8,6.04,138.8,10
North,2023,Rice,411.56,3.45,1419.88,190.6,23.5,5.78,167.6,17
South,2020,Corn,465.14,3.3,1534.96,371,32.4,7.04,80.6,17
East,2021,Wheat,207.16,5.19,1075.16,135.2,17.9,5.72,96.1,14
West,2021,Corn,773.41,2.59,2003.13,380.1,24.6,5.82,69.8,5
South,2023,Rice,641.4,3.31,2123.03,333.8,26.9,6.83,142.4,16
East,2021,Rice,427.8,2,855.6,217.3,16.3,5.98,134.6,7
South,2023,Barley,254.42,2.26,574.99,125.1,32.3,7.44,174,19
East,2021,Barley,634.11,4.3,2726.67,105.8,21.3,7.23,195.6,15
South,2020,Rice,800.74,1.58,1265.17,212.7,28.1,6.99,197.5,1
East,2021,Rice,381.16,1.94,739.45,311.6,33.6,6.19,66.1,0
South,2020,Wheat,123.27,3.64,448.7,246.3,29.4,5.61,133,12
East,2022,Corn,292.91,1.22,357.35,321.6,32.7,6.17,168.4,6
South,2021,Barley,714.16,1.63,1164.08,301.2,16.4,6.25,148.8,18
West,2021,Wheat,990.19,5.32,5267.81,271.9,24.9,5.75,184.5,2
West,2021,Corn,112.04,5.23,585.97,390.2,26.3,5.74,116.3,11
North,2020,Barley,375.54,2.74,1028.98,318.5,28.8,6.84,114.1,11
East,2021,Wheat,155.82,2.74,426.95,374.4,17.3,5.96,53.9,16
South,2021,Soybean,384.71,5.68,2185.15,172.6,28.1,6.86,52.3,16
East,2023,Soybean,465.32,1.13,525.81,314.1,17.9,6.6,153.9,17
West,2022,Barley,928.78,3.9,3622.24,279.3,16.4,7.3,120.7,2
East,2020,Wheat,172.5,3.99,688.28,377.3,24.4,7.09,149,19
South,2023,Corn,799.42,4.94,3949.13,253.1,27,5.8,85.7,14
East,2020,Corn,455.98,5.76,2626.44,183.9,34.2,6.72,179.5,1
South,2023,Wheat,830.14,2.78,2307.79,215.5,29,6.81,185.4,6
West,2022,Soybean,562.06,3.19,1792.97,165.6,26.8,7.22,149.3,12
West,2023,Wheat,135.35,4.36,590.13,166,19.3,6.78,91.7,12
West,2020,Soybean,951.59,5.84,5557.29,241.1,18,5.78,82.4,18
North,2021,Soybean,174.46,5.45,950.81,367.8,27.1,6.02,143.8,5
West,2021,Corn,637.92,4.34,2768.57,157.6,19.5,6.78,191.1,9
East,2022,Barley,889.9,5.28,4698.67,186.4,29.1,7.32,136.7,7
North,2020,Rice,171.79,1.43,245.66,355.9,17.3,7.28,175.9,9
West,2020,Wheat,598.5,2.89,1729.66,201.8,21.8,6.22,134.8,5
East,2020,Soybean,841.86,1.07,900.79,388.7,30.5,7.16,151.2,11
East,2022,Wheat,987.69,1.89,1866.73,180.7,31.6,6.52,135.2,0
East,2021,Barley,751.89,4.15,3120.34,232.6,21.9,6.43,136.3,1
South,2023,Barley,350.5,5.43,1903.22,128.7,19.1,6.2,160.9,10
North,2022,Rice,729.61,4.16,3035.18,397.7,34.2,6.86,109.4,2
East,2023,Rice,735.19,4.32,3176.02,367,30.2,6.7,185.6,0
South,2021,Soybean,729.97,1.52,1109.55,345.3,31.1,6.25,179.5,3
West,2022,Rice,868.83,4.32,3753.35,147.2,19.5,7.03,158.8,2
East,2021,Soybean,178.64,3.27,584.15,390.8,23.5,6.26,161.5,16
South,2023,Corn,197.58,4.26,841.69,378.7,16.4,6.67,112,19
East,2020,Soybean,676.56,2.63,1779.35,230.7,17.2,6.28,174.9,6
North,2020,Rice,958.49,3.91,3747.7,304.5,19.4,5.73,189.9,11
North,2023,Wheat,519.25,3.12,1620.06,397.7,21.1,5.82,169.3,18
West,2020,Rice,964.51,3.79,3655.49,222.9,34.9,6.81,70,5
East,2023,Barley,944.28,1.74,1643.05,133.9,23.4,7.12,168,6
South,2022,Rice,912.62,2.98,2719.61,360.3,29,6.44,119.7,4
West,2022,Corn,918.87,2.87,2637.16,242.9,33.1,6.15,141.3,3
East,2022,Soybean,908.49,4.68,4251.73,396.1,19.9,6.17,198.7,10
West,2020,Barley,837.9,4.53,3795.69,265.3,17.9,6.7,103.9,9
South,2021,Soybean,725.48,5.54,4019.16,108.8,19.9,6.44,102.3,2
West,2020,Soybean,121.97,4.16,507.4,247.5,32.6,5.5,89.5,17
West,2020,Rice,219.03,2.57,562.91,315.4,28.3,7.04,69.1,14
West,2021,Wheat,220.81,4.92,1086.39,107.8,24,5.78,75.2,11
East,2021,Barley,121.19,3.48,421.74,224,31.4,6.85,127.1,15
South,2021,Corn,205.03,1.97,403.91,146.7,19.7,6.19,186.5,4
North,2021,Corn,927.77,4.74,4397.63,292.9,19.8,6.66,171.5,9
East,2020,Wheat,697.42,1.66,1157.72,387.2,26.3,7.21,77.4,10
North,2023,Wheat,380.87,1.89,719.84,287.4,30.8,5.81,134.3,0
North,2022,Rice,814.02,4.79,3899.16,308.5,20.2,7.06,177,15
East,2023,Corn,539.53,4.85,2616.72,219,19.2,5.58,130.9,11
East,2020,Barley,227.91,4.95,1128.15,268.9,24.5,7.34,186.7,1
South,2021,Wheat,896.05,2.47,2213.24,263.2,17.7,5.9,186.2,11
South,2022,Wheat,404.8,5.33,2157.58,327.9,30,7.09,102.2,1
West,2022,Wheat,728.97,4.61,3360.55,357.1,26.5,5.63,181.1,10
North,2023,Barley,361.53,5.17,1869.11,298.9,25.3,6.15,137.8,2
South,2020,Corn,550.06,4.54,2497.27,393.9,32.4,6.77,122,4
West,2020,Barley,834.63,3.9,3255.06,348.5,29.7,6.82,166.1,14
South,2020,Barley,241.1,1.55,373.7,137.4,18,6.9,168.4,4
East,2022,Rice,979.53,4.55,4456.86,252.2,23.4,6.2,151.3,18
South,2023,Wheat,163.19,4.45,726.2,371,21.4,6.83,171.6,11
North,2022,Corn,580.61,2.56,1486.36,383.2,31,6.36,192.7,7
South,2022,Rice,924.42,4.68,4326.29,214.1,29.4,6.63,181,2
North,2021,Rice,951.12,3.75,3566.7,317.7,24.4,6.59,61.1,12
East,2023,Soybean,308.9,3.8,1173.82,223.2,31.5,5.84,177.5,10
North,2021,Wheat,229.59,2.84,652.04,137.1,23.2,7.19,167.2,10
South,2020,Corn,751.96,1.58,1188.1,365.4,31.1,7.23,189,6
West,2022,Corn,137.78,2.08,286.58,379.6,15.6,5.91,160.9,5
East,2023,Corn,536.72,4.84,2597.72,251.4,17.7,6.33,181.7,10
South,2020,Wheat,816.72,2.36,1927.46,105.5,30.1,6.43,51.5,8
East,2023,Corn,604.23,1.01,610.27,344.8,17.3,6.6,196.7,14
East,2022,Barley,269.21,5.99,1612.57,243.1,28.7,5.54,78.6,15
South,2023,Barley,538.34,2.05,1103.6,122.5,29.5,7.02,179.6,1
South,2020,Wheat,929.15,4.28,3976.76,156.8,28.2,7.22,189.4,10
West,2021,Corn,655.49,5.63,3690.41,145.6,31.4,5.78,50.3,5
East,2022,Soybean,749.34,4,2997.36,305.9,25.2,7.29,187.1,11
East,2021,Soybean,402.64,5,2013.2,189.8,32.9,7.2,174.4,4
South,2022,Soybean,269.64,5.88,1585.48,138.3,26.4,6.58,188.4,17
North,2020,Barley,330.08,5.3,1749.42,375.3,25.2,6.05,76.5,11
South,2022,Soybean,579.86,3.79,2197.67,387,25.2,5.91,166.6,7
East,2021,Corn,352.2,2.82,993.2,141.6,33.2,6.48,123.1,0
South,2022,Corn,587.77,3.41,2004.3,169.1,19.9,6.51,88.7,2
West,2020,Soybean,737.01,5.21,3839.82,277.6,28.9,6.8,163.4,3
North,2022,Rice,760.96,5.27,4010.26,145.2,19.9,7.1,121,7
South,2021,Soybean,248.22,5.23,1298.19,147.6,16.8,7.37,185,17
West,2020,Rice,775.39,3.99,3093.81,201,34.1,7.09,156.6,7
East,2021,Wheat,705.42,3.38,2384.32,384.8,17.6,7.32,70.9,1
South,2022,Wheat,110.8,2.56,283.65,388.7,28.7,6.5,87.6,11
East,2023,Corn,152.98,1.02,156.04,352.5,23.5,5.58,89.7,18
West,2021,Barley,681.62,4.82,3285.41,308.7,31.7,5.6,101.6,7
East,2022,Corn,445.33,2.38,1059.89,316.2,30.5,6.04,150,8
West,2023,Corn,231.49,2.65,613.45,240.9,17.9,6.73,184.1,19
West,2023,Barley,139.96,5.22,730.59,259,24.4,6.17,139.1,14
West,2020,Corn,243.46,1.26,306.76,290.3,15.6,5.83,162.8,18
South,2023,Barley,961.76,5.64,5424.33,319.4,23.6,7.2,97.5,14
East,2021,Corn,754.81,1.01,762.36,129.1,29,7.47,128.4,18
East,2021,Wheat,574.93,5.7,3277.1,167.5,19.6,5.53,125.6,8
North,2023,Rice,947.39,3.27,3097.97,388.9,31.2,5.68,155.2,19
North,2022,Corn,657.2,1.51,992.37,200.5,16.1,6.5,127.7,17
North,2021,Rice,753.08,4.37,3290.96,180.5,15.7,6.18,100.1,15
North,2021,Soybean,354.39,5.48,1942.06,226.6,15.5,7.06,86.6,12
East,2020,Corn,630.08,3.19,2009.96,187.3,20.6,6.81,88.2,14
West,2022,Wheat,229.13,4.46,1021.92,127.4,24.3,5.64,197.1,19
West,2023,Barley,464.03,5.9,2737.78,162.4,17.1,6.59,103.6,18
South,2022,Wheat,129.92,2.2,285.82,292,34.9,6.17,171,14
West,2020,Rice,294.97,5.1,1504.35,167,35,7.43,60.7,4
East,2020,Barley,167.38,2.48,415.1,294.3,25.4,6.45,63.4,3
East,2022,Wheat,449,3.13,1405.37,130,26.4,7.36,152.9,17
East,2020,Wheat,858.73,2.41,2069.54,112.6,33.5,5.56,118.6,13
South,2020,Wheat,440.14,3.23,1421.65,358.5,30.4,5.71,182.1,9
North,2020,Barley,848.48,1.03,873.93,328,18.4,6.27,179.3,0
West,2022,Wheat,690.85,2.52,1740.94,299.8,30.8,7.27,163.3,16
East,2020,Wheat,558.58,3.23,1804.21,109.3,19.6,6.59,172.3,0
East,2023,Rice,313.2,4.16,1302.91,171.8,23.6,7.15,180.6,18
North,2023,Wheat,929.94,4.19,3896.45,343.7,25.7,6.07,167.5,14
East,2021,Wheat,148.78,3.92,583.22,143.4,29.3,5.72,129,1
West,2023,Soybean,720.02,2.47,1778.45,343.9,18,5.99,89.7,3
South,2021,Barley,659.12,5.74,3783.35,275.3,16.5,6.79,168.1,2
East,2022,Soybean,496.94,2.96,1470.94,322.1,32.3,7.24,97.7,7
West,2020,Rice,316.29,2.08,657.88,293.4,31.5,6.41,86.7,10
East,2023,Soybean,487.63,3.77,1838.37,225.1,25.5,5.89,75.8,5
North,2021,Corn,885.5,4.74,4197.27,187.6,28.2,6.78,144.1,8
East,2022,Barley,853.09,1.06,904.28,301.8,29.4,5.89,86.4,16
East,2021,Wheat,947.24,2.38,2254.43,342.1,24.5,6.64,106.2,14
South,2020,Soybean,377.01,5.12,1930.29,113.4,20.1,5.7,156.4,12
North,2023,Soybean,448.39,3.54,1587.3,214,24.6,7.12,169.1,14
North,2022,Wheat,116.85,3.04,355.22,205.2,34,7.11,97.2,17
South,2021,Wheat,948.65,5.65,5359.87,267.8,31.8,6.58,176.4,16
East,2022,Rice,396.45,1.45,574.85,134.2,24.3,5.58,58.7,8
West,2021,Soybean,463.75,4.08,1892.1,380,19.5,6.06,197.9,1
North,2021,Soybean,917.02,2.71,2485.12,264.6,32.8,5.78,112.5,17
North,2020,Corn,573.94,1.35,774.82,377.1,27.8,6.55,98.7,8
East,2020,Corn,609.56,2.07,1261.79,345.1,23.1,5.7,188.6,18
East,2021,Soybean,258.61,4.14,1070.65,157.5,17.2,7.24,69.9,9
North,2023,Corn,548.79,1.14,625.62,139.7,30,7.2,103.7,13
East,2022,Soybean,926.39,3.96,3668.5,358.4,21.3,5.81,103.8,0
West,2022,Barley,602.85,5.78,3484.47,260.8,27.1,6.89,113.7,17
North,2020,Rice,329.6,4.98,1641.41,105.9,26.4,6.89,177.3,0
West,2023,Corn,128.06,2.73,349.6,380.3,29,6.29,177.4,8
West,2021,Soybean,402.67,1.69,680.51,241.9,25.8,5.81,138.7,19
East,2020,Corn,615.33,3.33,2049.05,190.3,27.6,5.76,198.8,15
West,2021,Rice,138.35,2.96,409.52,255,16.6,6.98,176.6,18
East,2021,Barley,648.81,5.86,3802.03,346.9,28.3,5.94,152.2,2
South,2020,Wheat,571.07,5.95,3397.87,133.1,18.9,6.71,79.9,0
East,2023,Wheat,805.09,3.05,2455.52,207.7,22.8,7.23,132.5,7
West,2022,Corn,126,1.74,219.24,195.7,25.3,6.69,82.1,19
South,2020,Soybean,802.76,5.55,4455.32,351.9,28.7,7.45,95.2,16
East,2023,Rice,568.79,4.97,2826.89,333.5,29.8,6.79,152.9,4
West,2021,Barley,433.48,3.56,1543.19,220,29.1,6.13,77.7,9
North,2020,Barley,968.84,2.83,2741.82,299.3,16.9,7.2,63.6,7
North,2022,Barley,244.11,3.24,790.92,218.3,22.7,6.12,129.7,11
East,2022,Wheat,587.19,5.51,3235.42,271.4,20.6,7.44,50.1,15
East,2021,Rice,388.88,1.92,746.65,397.4,23,6.46,141.3,18
North,2020,Wheat,574.74,5.03,2890.94,260.7,27.9,7.41,185.2,3
West,2022,Corn,597.05,1.09,650.78,396.6,18.9,5.87,78.5,9
West,2020,Barley,180.5,5.6,1010.8,324.2,25,5.52,107.4,3
West,2022,Rice,695.02,3.5,2432.57,136.2,32.7,5.89,187.5,15
East,2021,Barley,671.03,2.13,1429.29,338.8,29.6,5.7,155.6,2
South,2021,Wheat,792.52,1.01,800.45,148.4,29.5,6.97,70.3,18
South,2020,Wheat,181.59,3.8,690.04,259.7,32,6.03,107.3,1
South,2023,Wheat,367.53,2.22,815.92,284,23,6.78,163.4,7
South,2023,Barley,685.1,4.16,2850.02,367.7,30.2,6.84,149.7,10
South,2021,Rice,223.06,2.41,537.57,163.1,16.2,6.88,73.3,6
East,2022,Rice,709.84,1.44,1022.17,362.8,16.1,7.17,59.4,5
East,2023,Corn,153.12,3.53,540.51,380.3,21.6,5.8,152.2,8
South,2021,Barley,401.44,3.82,1533.5,126.8,18.9,5.6,141.4,3
East,2022,Corn,862.04,3.26,2810.25,365.6,25.4,5.56,58.9,13
East,2022,Corn,796.86,3.29,2621.67,177.8,18.7,5.71,196.2,14
South,2023,Corn,680.28,3.95,2687.11,124.3,34.5,6.26,87.9,18
West,2021,Corn,883.41,3.63,3206.78,387.6,32,7.43,107.9,18
East,2022,Wheat,738.34,1.66,1225.64,217.7,34.7,6.21,76.6,15
West,2022,Corn,567.44,1.99,1129.21,286.9,31.2,6.41,174.3,11
East,2020,Rice,981.75,1.71,1678.79,265.9,34,7.13,194.4,9
East,2020,Corn,725.37,4.47,3242.4,164,22.4,7.34,82,5
South,2023,Wheat,641.23,3.64,2334.08,300.9,25,7.44,92.5,17
East,2020,Soybean,467.98,3.15,1474.14,113.8,19.8,7.15,156,18
North,2021,Soybean,912.17,4.99,4551.73,160.9,27.7,6.51,129.2,7
North,2023,Soybean,366.14,2.63,962.95,383.4,30.8,5.96,65.8,14
South,2023,Barley,108.3,3.84,415.87,386.1,25,6.7,189.3,4
West,2020,Rice,277.07,1.37,379.59,244.8,20.9,5.89,141.7,12
West,2022,Wheat,198.57,4.72,937.25,150.7,25.2,5.61,95.2,13
West,2021,Soybean,387.09,4.48,1734.16,226.5,16.3,7.34,123.5,14
North,2021,Wheat,843.29,5.01,4224.88,363.1,29.4,6.47,125,1
West,2021,Wheat,686.38,5.42,3720.18,121.1,24,6.52,128.8,18
West,2023,Barley,252.08,4.79,1207.46,138.4,33,6.72,124.6,1
South,2021,Soybean,809.94,5.22,4227.89,368.7,33.5,6.4,134.3,4
West,2022,Corn,553.8,2.73,1511.87,224.6,17.5,6.39,109,4
North,2022,Wheat,561.44,2.72,1527.12,125,34.9,7.33,71.9,1
North,2020,Soybean,425.9,5.72,2436.15,141.8,34.4,7.13,149.7,16
North,2021,Wheat,878.15,5.57,4891.3,364.7,27.5,5.93,168.9,6
South,2023,Barley,386.49,3.74,1445.47,247,31.5,6.08,176.2,9
South,2020,Barley,184.73,2.83,522.79,148.9,15.4,6.82,53.3,14
East,2022,Corn,372.46,5.33,1985.21,368.2,34.4,6.64,110.7,17
West,2021,Barley,743.82,2.62,1948.81,353.6,24.1,7.03,196.8,7
South,2022,Soybean,691.82,1.77,1224.52,106.9,33.2,6.96,59.4,3
North,2020,Barley,269.22,4.2,1130.72,274.3,22.7,6.92,167.8,10
North,2022,Corn,200.61,1.21,242.74,173.3,30.8,7.26,68.9,6
South,2021,Rice,694.78,2.9,2014.86,259.9,23.4,7.03,173.7,15
South,2021,Wheat,708.74,5.04,3572.05,183.8,22.3,5.99,150.8,2
South,2020,Wheat,429.53,2.48,1065.23,194.8,33.9,7.25,158.8,19
East,2021,Soybean,858.52,5.66,4859.22,280.6,29,6.17,196.6,14
North,2022,Corn,980.38,5.78,5666.6,261.7,31.8,7.32,190.9,8
East,2022,Corn,285.08,5.08,1448.21,218.6,25.9,7.15,95.7,18
East,2023,Corn,619.36,5.94,3679,132.3,33.4,5.65,106.3,13
West,2023,Wheat,104.81,3.65,382.56,390.8,29.8,7.04,111.1,1
North,2023,Barley,741.75,3.85,2855.74,152.4,16.4,6.5,77.1,19
North,2022,Wheat,472.85,5.18,2449.36,289.9,30.3,7.45,107.2,17
South,2022,Wheat,273.94,3.46,947.83,124.8,15.4,6.42,196.9,10
South,2020,Wheat,777,3.03,2354.31,306.5,31.6,5.63,123.4,10
West,2023,Barley,829.58,4.07,3376.39,128.5,21.6,6.09,192.9,17
East,2022,Rice,200.05,4.29,858.21,168.9,27,6.36,60.7,0
South,2020,Soybean,136.9,4.75,650.28,294.1,30,6.68,55.9,7
South,2022,Rice,400.67,4.34,1738.91,184.9,27.7,5.8,136.3,0
North,2020,Rice,663.39,4.73,3137.83,259.9,28.4,6.53,160.4,8
North,2023,Wheat,814.08,4.37,3557.53,137.4,32.9,6.47,82.6,6
South,2023,Rice,591.46,3.4,2010.96,160.7,22.5,7.17,125.5,16
North,2023,Wheat,622.67,1.67,1039.86,320.1,25.9,6.1,180.9,16
West,2022,Wheat,819.87,4.93,4041.96,110.5,18.5,6.4,164.3,11
South,2022,Soybean,575.96,1.15,662.35,133.5,24.4,6.28,84.8,0
North,2020,Corn,650.04,5.96,3874.24,164.5,18,6.76,100.2,2
West,2021,Wheat,564.6,5.14,2902.04,106.1,27.7,7.17,95.9,14
North,2021,Rice,892.41,4.35,3881.98,128.6,21.5,6.85,157.9,7
North,2023,Soybean,311.96,5.83,1818.73,184.4,32.2,6.43,195.2,11
North,2021,Rice,337.59,4.06,1370.62,127.9,21.9,6.78,92,16
South,2023,Corn,215.17,1.28,275.42,359.8,20.7,6.14,138.2,5
East,2020,Barley,837.52,3.8,3182.58,119.8,24.8,5.79,198.3,11
North,2021,Corn,470.6,2.39,1124.73,358.3,18.5,6.14,73.6,10
West,2021,Soybean,413.1,2.85,1177.34,346.9,19.1,6.39,148.9,1
South,2023,Corn,983.21,3.3,3244.59,130.2,30.7,6.38,99.8,19
South,2020,Corn,934.12,4.87,4549.16,107.6,24.9,6.98,198.8,15
West,2021,Soybean,974.79,3.51,3421.51,115,19.1,7.37,66.3,19
North,2021,Soybean,228.07,3.37,768.6,277.1,15.6,6.28,117.7,3
East,2021,Rice,902.13,2.51,2264.35,301.1,24.3,5.67,88.2,8
North,2020,Wheat,395.84,3.7,1464.61,286.2,29.9,5.57,54.8,16
West,2020,Barley,111.39,2.24,249.51,262.4,22,5.51,194.5,16
South,2021,Barley,452.17,2.3,1039.99,152.4,20,7.38,135.2,1
East,2023,Barley,558.28,4.79,2674.16,352.3,22.9,7.49,155.1,10
South,2023,Corn,197.4,2.71,534.95,198.3,34.2,5.6,143,5
West,2021,Soybean,583.91,1.26,735.73,395.9,23.5,6.22,72.3,18
North,2020,Soybean,837.52,2.72,2278.05,215.5,20.2,6.84,75.6,16
East,2021,Soybean,439.89,4.19,1843.14,178.9,26.4,5.86,144,15
South,2020,Wheat,417.38,5.07,2116.12,368.3,31.2,6.69,167,16
South,2021,Soybean,404.93,5.81,2352.64,270.2,15.4,7.13,141.7,14
South,2020,Soybean,930.79,4.73,4402.64,316.6,26.2,7.22,135.6,12
North,2022,Corn,143.88,3.14,451.78,222.5,31.7,6.91,161.9,16
East,2023,Rice,500.57,2.5,1251.42,366.1,19.3,5.66,86.5,7
North,2022,Barley,338.14,1.65,557.93,375.3,33.4,6.2,159.7,8
North,2023,Corn,904.43,4.14,3744.34,231,26.6,7.43,111.7,7
North,2020,Corn,186.45,3.55,661.9,172.2,25.3,5.89,151.1,16
West,2022,Corn,470.3,4.39,2064.62,294.3,34.3,6.41,91.2,19
West,2023,Barley,466.13,2.19,1020.82,386.4,17.6,6.17,70.6,13
West,2021,Corn,899.55,2.62,2356.82,286.7,29.8,5.91,54.4,19
East,2020,Rice,293.94,2.46,723.09,386.3,31.4,6.15,170.5,11
North,2020,Soybean,680.41,4.99,3395.25,203.1,24.8,5.88,79.5,0
North,2021,Rice,220.97,1.86,411,374.5,15.1,7.25,104.5,12
West,2021,Soybean,958.58,4.04,3872.66,133.8,25.5,5.85,165.3,6
North,2023,Soybean,633.71,1.26,798.47,207.7,18.1,6.75,117.5,15
North,2020,Corn,663.63,3.75,2488.61,248.3,26.3,7.38,82.6,2
South,2023,Corn,490.4,1.32,647.33,295.9,29.8,7.41,79.2,10
North,2021,Barley,408.05,1.88,767.13,188.2,25.6,6.7,111.2,17
South,2020,Wheat,291.41,1.57,457.51,377.3,27.6,6.04,134.8,9
North,2021,Rice,643.59,2.73,1757,371,17.1,6,108.9,15
East,2023,Barley,959.11,2.72,2608.78,339.8,16.9,6.99,185.7,18
West,2023,Barley,423.81,5.13,2174.15,134.3,32,7.46,50.6,7
South,2023,Rice,894.84,2.13,1906.01,123.5,16,5.66,110.3,5
West,2020,Rice,233.9,1.43,334.48,249.4,20.7,7.08,161.4,2
South,2021,Soybean,942.51,4.02,3788.89,329.6,33.8,5.75,183.6,1
South,2021,Wheat,415.44,4.44,1844.55,137,24.2,6.1,103.8,16
South,2023,Corn,441.75,2.47,1091.12,292.4,28.5,6.63,151,2
East,2023,Wheat,516.56,4.01,2071.41,258.4,19.4,6.09,137.1,2
North,2023,Wheat,746.42,4.88,3642.53,317.8,20.4,6.8,80.2,14
South,2023,Corn,747.69,2.74,2048.67,230.6,25.2,6.33,152.1,4
East,2022,Wheat,531.63,3.63,1929.82,308,27.8,5.94,87.4,13
South,2022,Barley,570.84,1.73,987.55,147.9,34.2,6.56,167.6,6
North,2022,Barley,127.01,1.12,142.25,164.4,26.5,5.55,179.9,4
South,2023,Corn,373.87,5.91,2209.57,371,16.9,6.98,121.8,13
East,2023,Corn,411.42,2.5,1028.55,198.8,22.3,6.54,58.1,18
North,2021,Rice,602.85,2.39,1440.81,395.7,19.9,7.39,160.6,10
East,2020,Rice,602.47,5.87,3536.5,113.9,20.1,5.71,120.1,6
North,2021,Wheat,738.91,4.64,3428.54,248.8,25.1,6.96,64.2,7
North,2022,Wheat,745.32,3.93,2929.11,197.5,21.3,6.1,99.7,3
West,2021,Corn,311.69,4.5,1402.6,398.8,20.8,6.25,93.6,5
West,2023,Wheat,793.17,4.55,3608.92,397,34.4,6.2,159,4
West,2022,Soybean,117.64,4.82,567.02,170.6,26.7,6.22,113.6,9
North,2022,Barley,744.55,1.34,997.7,180.2,20.2,6.36,138.1,17
South,2020,Wheat,191.85,3.06,587.06,324.9,20.5,5.54,125.2,16
East,2020,Wheat,756.68,2.48,1876.57,366.9,31.2,7.19,158.6,13
East,2022,Rice,574.41,1.35,775.45,299.1,32.7,7.26,157.7,12
East,2022,Soybean,493.53,3.06,1510.2,359.4,28.6,5.58,117.3,5
West,2021,Wheat,721.6,4.08,2944.13,119,23.6,7.05,70.3,15
North,2022,Barley,132.73,1.89,250.86,292.2,30.3,5.64,111.2,9
West,2023,Wheat,301.12,2.53,761.83,310.1,33.7,7.12,74,6
South,2021,Corn,654.8,4.2,2750.16,157.1,18.3,6.73,193.9,0
North,2023,Soybean,862.49,3.9,3363.71,333.4,32.2,6.11,192.5,10
East,2023,Wheat,443,5.34,2365.62,383.3,32,6.73,118.5,5
West,2023,Soybean,332.89,4.96,1651.13,369.4,22.3,6.51,54.1,3
West,2022,Wheat,566.86,5.83,3304.79,173.5,20.8,6.77,106.2,10
South,2020,Barley,660.08,3.99,2633.72,197.2,26.3,6.45,184.3,1
South,2020,Barley,478.09,4.49,2146.62,249.9,20.4,7.05,93.2,8
West,2023,Soybean,889.04,5.3,4711.91,147.5,17.9,5.59,143.3,6
South,2022,Rice,571.09,5.2,2969.67,386.2,34.1,6.19,77.6,13
East,2021,Rice,132.24,4.59,606.98,148.5,24.8,6.62,173.8,4
South,2023,Corn,300.75,3.5,1052.62,328.4,24.4,6.68,183.8,17
South,2021,Rice,505.58,2.37,1198.22,202.4,17.5,5.84,142.3,16
West,2021,Soybean,727.95,5.39,3923.65,272.1,25.1,5.65,143.6,13
West,2022,Rice,297.78,4.88,1453.17,114.2,29.9,5.54,106.8,15
North,2022,Corn,978.63,5.19,5079.09,161.5,20,6.33,156.1,18
North,2020,Wheat,386.7,1.7,657.39,233.3,22.4,6.16,121.8,10
West,2020,Rice,579.23,2.57,1488.62,303.2,18.6,6.64,161.8,0
South,2022,Soybean,117.07,3.12,365.26,333.3,22.1,6.4,195.3,4
South,2023,Soybean,896.4,5.19,4652.32,109,32.2,6.29,173.4,10
North,2020,Corn,809.95,5.46,4422.33,145.7,19.7,7.19,127.6,19
North,2021,Corn,275.91,2.42,667.7,318.9,15.6,6.74,196.8,12
North,2023,Barley,939.91,4.43,4163.8,343.9,25.7,6.79,141.1,1
East,2021,Barley,384.26,1.39,534.12,171,26.6,6.26,59.7,0
East,2022,Barley,722.97,3.05,2205.06,168.9,21.6,7.05,159.6,10
North,2021,Wheat,837.08,3.43,2871.18,126.4,27.8,5.8,173,3
South,2023,Soybean,766.82,4.83,3703.74,145.1,15.8,6.3,70.2,7
North,2022,Barley,925.82,5.46,5054.98,102.4,21.8,5.59,151.9,17
East,2023,Soybean,877.85,2.69,2361.42,276.9,17.9,5.73,188.1,10
South,2021,Corn,995.15,3.64,3622.35,371.2,19.6,5.66,87.7,1
East,2023,Wheat,264.35,4.24,1120.84,144.9,22.7,6.38,137.8,3
South,2022,Corn,374.29,2.64,988.13,325.4,24.9,6.89,91.2,9
East,2021,Soybean,672.6,5.93,3988.52,272.1,16.9,6.13,166.2,19
South,2021,Barley,759.74,5.38,4087.4,382,17,5.55,137.1,11
South,2020,Corn,581.14,2.48,1441.23,339.4,28.5,6.91,114.2,17
South,2020,Rice,166.54,3.54,589.55,355.8,23.1,5.91,54.3,14
South,2023,Wheat,857.44,2.15,1843.5,291.7,18.5,6.95,191.7,11
West,2020,Soybean,964.79,3.57,3444.3,343.4,19.7,5.51,124.7,0
East,2020,Barley,464.97,4.42,2055.17,205.3,29.4,6.12,170.6,5
East,2020,Corn,302.33,1.43,432.33,162.7,16,6.74,108.8,10
West,2020,Wheat,117.38,5.35,627.98,373.8,25.2,7.24,177.4,0
South,2022,Barley,313.57,3.97,1244.87,320.3,22.2,7.01,74,5
South,2022,Corn,729.93,5.95,4343.08,127.2,31.2,6.4,84.7,7
East,2020,Soybean,920.43,1.13,1040.09,360.1,30.8,6.94,100,5
West,2023,Rice,184.16,5.16,950.27,204.7,28.8,6.58,63.3,19
South,2022,Rice,597.93,4.96,2965.73,189.5,22.7,7.13,116.6,11
South,2020,Soybean,725.98,1.66,1205.13,287,27.6,7.04,122.9,17
South,2022,Wheat,348.74,2.68,934.62,270.6,27.8,7.45,67.2,4
North,2021,Soybean,612.91,5.42,3321.97,261.5,21.6,5.71,114.1,4
West,2022,Corn,743.72,3.59,2669.95,176.5,32.6,6.18,79.6,7
South,2022,Wheat,853.95,3.01,2570.39,387.9,34.7,5.88,181.3,18
North,2023,Rice,507.25,5.53,2805.09,385,21.3,6.76,126.4,1
West,2022,Corn,773.07,1.47,1136.41,101.2,31,6.83,192.8,13
South,2023,Barley,371.6,3.37,1252.29,201.3,25,5.91,101.2,16
East,2021,Barley,291.74,4.26,1242.81,113.7,24.3,6.34,101.2,17
North,2020,Barley,268.58,4.04,1085.06,355.1,22.7,6.7,100.8,17
North,2023,Rice,422.99,2.32,981.34,366,20.8,6.82,90.2,16
South,2022,Soybean,132.29,3.82,505.35,255.5,33.4,5.71,167.6,7
South,2022,Wheat,354.69,4.54,1610.29,351.9,29.8,7.34,92.4,9
North,2023,Rice,687,3.92,2693.04,311,23.8,5.57,93.2,3
East,2021,Corn,683.13,4.42,3019.43,249.9,30,7.45,57,18
East,2020,Corn,166.2,2.28,378.94,209.1,29.4,6.13,194.8,16
West,2022,Barley,358.67,5.16,1850.74,179.9,20.3,6.13,182.9,12
South,2021,Wheat,612.6,3.25,1990.95,177.8,18.5,6.39,93.9,7
East,2020,Barley,386.7,5.94,2297,268.6,31.7,6.89,128.1,3
West,2020,Corn,476.19,1.12,533.33,150,31.2,5.82,122.4,4
East,2022,Corn,741.53,2.9,2150.44,152.4,34.9,6.01,63.2,19
South,2023,Soybean,108.34,1.9,205.85,103.1,15.4,7.42,129.7,14
West,2022,Soybean,348.75,3.78,1318.28,284,25.8,7.25,67,19
West,2022,Soybean,228.14,2.22,506.47,398.3,29,5.92,115.1,8
West,2022,Barley,214.85,4.69,1007.65,366.8,26.7,6.65,63.2,0
East,2021,Wheat,963.14,5.41,5210.59,311.7,29.2,5.91,138.3,9
South,2023,Soybean,438.9,2.05,899.74,335.7,17.7,6.6,57.4,2
West,2021,Rice,574.38,1.8,1033.88,225.1,15,6.23,144.3,12
North,2022,Soybean,760.44,5.38,4091.17,189.4,16.9,6.22,156.1,7
South,2023,Barley,142.7,2.81,400.99,210.6,22.6,6.77,135.6,13
North,2020,Wheat,316.92,3.17,1004.64,124.4,21.6,6,120.4,11
North,2023,Soybean,848.93,2.1,1782.75,290.1,32.5,6.31,59.1,10
West,2022,Wheat,875.79,3.13,2741.22,152.5,16.7,7.35,51.7,14
West,2023,Rice,435.66,2.16,941.03,328.9,23.9,7.01,101.4,16
East,2020,Corn,437.38,4.33,1893.86,157,34.2,6.27,165.7,1
East,2020,Wheat,781.21,3.49,2726.42,168.4,25.1,5.96,147.1,0
East,2023,Soybean,365.56,4.94,1805.87,387.2,17.6,6.82,68.8,19
South,2020,Barley,205.38,2.56,525.77,131.6,20.8,7.12,153.2,12
East,2021,Barley,331.78,3.53,1171.18,249.7,27.5,7.22,136.2,11
North,2023,Barley,448.61,2.3,1031.8,118.8,15.2,6.63,75,7
East,2020,Barley,146.98,5.67,833.38,127.1,34.4,6.53,163.3,18
West,2020,Wheat,530.81,3.61,1916.22,290.1,26.3,6.94,174.5,14
East,2023,Barley,766.01,1.87,1432.44,289.2,29.1,5.85,84.9,9
South,2021,Corn,562.37,2.36,1327.19,157.9,25,7.2,145.4,19
South,2023,Rice,164.71,1.41,232.24,361.7,34.2,5.65,106.7,1
North,2020,Wheat,496.13,1.14,565.59,310.7,26.8,6.71,58.8,1
South,2023,Wheat,738.01,3.63,2678.98,190.2,28.2,6.68,179.2,17
East,2020,Barley,152.29,2.69,409.66,174.5,32.2,6.12,173.1,0
West,2022,Barley,153.86,5.82,895.47,326.3,32.2,5.57,97.7,9
South,2023,Wheat,433.54,1.86,806.38,320.1,15.6,6.94,129.7,15
North,2023,Barley,275.47,4.97,1369.09,144.6,20.7,5.55,126.9,13
East,2020,Barley,941.3,2.58,2428.55,204.8,19.9,5.86,76.6,10
North,2020,Barley,623.21,2.12,1321.21,165,15.1,6.59,71.9,12
South,2020,Barley,358.59,5.85,2097.75,188.2,32.5,7.38,176.6,18
South,2020,Barley,734.3,5.01,3678.84,186.3,21.3,5.63,180.1,15
North,2023,Soybean,437.44,4.15,1815.38,392.8,21.9,6.66,158.8,18
East,2020,Soybean,218.9,4.49,982.86,325.1,17,6.16,60.9,3
South,2023,Soybean,313.51,5.96,1868.52,334,34.8,6.84,186.4,7
West,2021,Wheat,678.47,3.97,2693.53,183.2,31.5,7.41,197.1,9
South,2023,Rice,146.69,1.51,221.5,100.2,26.4,6.04,166.3,10
East,2020,Wheat,345.42,1.32,455.95,117.4,30.4,7.41,103,12
South,2020,Soybean,287.48,4.33,1244.79,265.9,30.5,7.24,110.9,12
North,2021,Wheat,281.02,4.29,1205.58,185.6,28.1,6.71,180.4,12
South,2023,Rice,714.49,4.74,3386.68,157.9,18.5,7.02,92,10
South,2021,Barley,843.24,1.54,1298.59,114.9,29.4,7.23,71.3,15
East,2023,Corn,744.28,5.72,4257.28,362.8,26.4,7.11,173.4,14
North,2020,Soybean,681.16,3.76,2561.16,280,29.5,6.15,79,3
East,2023,Soybean,924.81,4.25,3930.44,132.2,25.9,7.13,186.1,1
South,2020,Rice,152.55,1.17,178.48,329.9,34.1,6.13,139.4,15
West,2020,Barley,250.73,5.8,1454.23,326.7,27.5,7.23,133.3,10
South,2022,Barley,472.97,3.81,1802.02,186.8,26.5,6.01,166.4,16
East,2022,Corn,435.21,3.82,1662.5,156.5,31.9,6.64,52.5,7
West,2023,Barley,476.25,5.72,2724.15,344.2,22.6,6.89,157,1
East,2020,Rice,285.81,5.65,1614.83,198.9,21.3,6.35,139.8,7
East,2021,Barley,234.55,2.1,492.56,354.2,25.1,7.07,128.6,19
North,2020,Rice,558.27,5.66,3159.81,113.1,26.7,7.35,82.6,16
West,2021,Soybean,935.25,4.68,4376.97,249.8,19.4,5.87,174.4,7
South,2023,Soybean,452.77,1.09,493.52,153.9,28.6,5.57,87.6,0
East,2023,Soybean,139.02,2.2,305.84,301.6,31,6.75,123.5,13
South,2021,Wheat,735.55,3.06,2250.78,399.2,26.5,6.7,73.7,4
North,2021,Soybean,361.99,3.91,1415.38,223.8,25.5,6.18,196.1,15
North,2020,Rice,320.59,4.51,1445.86,130.1,20.9,7.07,79.2,16
West,2023,Corn,391.83,2.05,803.25,195.3,33.2,7.15,170.5,11
North,2020,Barley,751.43,5.18,3892.41,367.5,30.1,6.16,89.5,19
North,2021,Soybean,836.94,5.23,4377.2,329.7,24.6,6.86,88.4,7
South,2022,Wheat,629.25,4.17,2623.97,169.7,28.2,6.78,113.3,7
North,2022,Wheat,390.23,5.61,2189.19,386.1,21.7,6.19,176.9,1
North,2022,Rice,379.43,5.06,1919.92,286.7,16.2,7.44,153.1,4
East,2021,Corn,211.88,2.11,447.07,150.4,19.1,6.19,180.7,12
North,2020,Soybean,939.97,4.99,4690.45,271.7,16.6,6.74,57.1,16
East,2023,Soybean,674.33,5.77,3890.88,235.4,25.2,6.26,193.4,2
North,2021,Wheat,124.28,1.69,210.03,345.9,27.4,5.52,61.6,14
North,2022,Rice,696.13,5.89,4100.21,203.2,22.6,5.68,158.2,11
West,2020,Wheat,502.44,1.12,562.73,362.5,25.6,5.96,81.1,2
West,2023,Wheat,975.3,3.61,3520.83,343.6,16.7,7.12,176.1,9
East,2023,Corn,837.16,4.87,4076.97,302.4,30.4,6.38,179.4,15
North,2021,Rice,254.18,4.95,1258.19,177.6,15.7,6.68,132.7,18
South,2021,Corn,748.1,4.67,3493.63,391.1,27.7,7.39,110.4,2
West,2023,Rice,537.01,3.65,1960.09,264.6,23.7,5.79,169,9
South,2023,Soybean,268.34,4.25,1140.44,372.3,18.7,7.22,181.1,1
West,2022,Barley,728.87,4.5,3279.92,164.7,25.5,6.26,160.7,14
West,2023,Barley,592.65,3.47,2056.5,395,30.6,6.17,186,6
North,2021,Rice,127.34,3.98,506.81,344.8,23.3,6.75,144,19
West,2020,Barley,681.93,5.23,3566.49,384.8,22.4,7.3,150.6,7
South,2022,Wheat,671.49,2.56,1719.01,163.7,17.8,6.2,135.8,14
West,2022,Soybean,229.68,3.62,831.44,229.2,26.9,7.02,123.2,7
East,2023,Soybean,414.09,1.04,430.65,129.3,31.6,5.54,148.2,12
North,2020,Barley,627.31,4.44,2785.26,141.1,26.2,6.75,134.2,19
North,2022,Rice,224.9,1.98,445.3,185.2,18.3,6.76,159.7,3
East,2021,Wheat,867.45,3.41,2958,385.5,28.2,6.61,190.1,11
East,2023,Rice,124.74,2.05,255.72,300.2,15.6,7.38,106,11
East,2021,Barley,192.55,1.12,215.66,194.4,31.8,7.38,111.7,4
West,2023,Soybean,204.5,3.42,699.39,386.4,33.4,6.18,52.3,1
North,2022,Soybean,575.3,3.12,1794.94,321.9,26.9,6.41,129.1,5
East,2023,Rice,658.1,3.13,2059.85,372.1,32.6,7.08,69.7,10
West,2020,Corn,463.37,2.04,945.27,378.2,16.7,7.19,157.4,10
East,2021,Rice,359.8,5.74,2065.25,325.2,19.6,6.34,166.9,2
South,2020,Corn,828.39,1.02,844.96,172.9,21.3,6.2,158.4,9
South,2021,Rice,161.46,5.46,881.57,399,30.5,7.14,132,15
North,2021,Corn,352.26,4.68,1648.58,197.5,24.7,6.25,130.1,15
West,2023,Corn,135.2,1.86,251.47,301.5,22,6.31,147,18
South,2022,Corn,112.5,3.36,378,353.4,18.2,5.77,133.2,13
South,2022,Corn,418.04,5.94,2483.16,152.5,31.2,6.59,162.5,7
West,2020,Wheat,275.34,4.22,1161.93,282.7,15.4,6.15,184.2,15
East,2023,Corn,341.53,1.64,560.11,212.6,21.7,6.68,130.4,15
West,2022,Corn,838.85,3.29,2759.82,173.3,19.9,6.4,66.6,6
East,2021,Soybean,246.68,3.34,823.91,103.5,17.6,7,69.7,0
South,2021,Wheat,802.21,5.01,4019.07,361.6,18.4,6.06,106.4,15
South,2023,Corn,707.55,5.58,3948.13,140.8,24.9,5.84,124.4,19
South,2020,Barley,393.8,1.41,555.26,363.4,23.5,6.91,83.8,1
North,2023,Wheat,591.9,2.57,1521.18,280.2,25.4,6.27,117.9,4
North,2020,Soybean,499.99,2.49,1244.98,286.3,29.6,6.63,70.4,1
North,2023,Rice,215.56,5.98,1289.05,348.6,32.8,7.38,86.1,16
West,2021,Soybean,916.47,3.8,3482.59,252.8,17.4,6.47,160.1,6
South,2023,Soybean,612.66,5.4,3308.36,207.2,16.7,5.8,197.8,11
South,2022,Wheat,892.22,3.13,2792.65,141.6,21.4,6.35,77.9,8
West,2022,Wheat,841.44,4.61,3879.04,271.1,25.9,6.46,100.9,10
North,2023,Barley,171.8,2.43,417.47,266,17,7.03,102.6,18
West,2020,Barley,286.54,5.56,1593.16,188.2,29.3,5.89,83.5,14
North,2020,Wheat,230.74,3.28,756.83,280,26.1,6.19,80.6,11
South,2021,Wheat,847.7,5.02,4255.45,231.8,30,5.6,69.8,14
East,2021,Wheat,876.2,2.28,1997.74,341.7,22.2,6.9,186.1,16
North,2020,Rice,575.17,4.47,2571.01,267.8,23,6.99,147.4,10
South,2023,Soybean,193.76,3.03,587.09,380.1,31.2,6.41,93.6,16
South,2021,Barley,222.05,1.16,257.58,255.4,20.3,6.58,88.7,11
East,2020,Barley,832.19,3.07,2554.82,366.2,22.6,7,138.5,9
South,2020,Corn,936.27,3.75,3511.01,256.2,15.3,6.04,154.6,5
South,2023,Rice,279.53,1.76,491.97,267.4,26.1,6.71,88,6
North,2022,Wheat,110.02,1.92,211.24,210,32,7.43,102.1,13
North,2020,Wheat,397.86,3.32,1320.9,220.1,15.6,6.82,93.6,15
East,2021,Rice,127.45,2.71,345.39,379.9,27.3,5.66,63.2,2
East,2023,Barley,845.18,3.2,2704.58,167,31.9,6.08,108,8
South,2023,Wheat,542.36,3.3,1789.79,136.4,24.9,6.54,130,5
North,2023,Corn,677.67,1.7,1152.04,349.1,21.3,5.65,148.3,4
East,2022,Barley,470.34,1.91,898.35,273.1,34.9,6.85,112.5,3
East,2022,Soybean,410.96,5.24,2153.43,185.4,16.3,6.81,197.5,14
West,2021,Rice,299.98,1.81,542.96,229.7,19.2,7.25,143.9,9
East,2021,Barley,793.48,4.33,3435.77,257.5,32.7,6.5,183,0
South,2023,Soybean,725.99,3.09,2243.31,277.6,20.9,6.88,187.4,6
North,2021,Corn,424.66,5.84,2480.01,346.3,31.4,5.86,173.2,16
East,2020,Rice,389,1.33,517.37,218.3,21.7,5.51,90.5,3
West,2022,Wheat,101.12,5.15,520.77,303,31.2,5.84,114.7,9
North,2023,Wheat,157.2,3.46,543.91,350.4,28.7,5.62,50.1,0
East,2023,Soybean,660.93,1.03,680.76,353.1,24.4,6.36,117.7,9
West,2020,Barley,563.15,2.32,1306.51,176.3,25.5,6.44,94.1,19
East,2020,Corn,491.32,3.04,1493.61,205.1,18.6,6.79,66.8,6
North,2020,Soybean,844.75,2.57,2171.01,278.5,17.3,5.78,175.8,8
North,2020,Corn,553.51,2.81,1555.36,365.7,29.3,5.93,151,1
North,2023,Corn,446.04,5.58,2488.9,337.1,32,7.1,199.9,3
South,2022,Corn,245.13,2.8,686.36,275.2,29.4,6.65,124.8,16
East,2022,Rice,838.62,3.09,2591.34,395.1,33.3,5.56,99.6,5
South,2020,Soybean,618.62,4.81,2975.56,231.7,32.8,7.2,89.6,7
North,2021,Rice,183.21,4.97,910.55,352.7,30.6,6.76,115.3,13
West,2023,Barley,684.01,1.42,971.29,345.5,33,5.87,96.5,11
East,2022,Barley,482.56,4.52,2181.17,372.4,18.3,6,198.6,18
South,2020,Wheat,830.25,3.41,2831.15,396.3,29.6,6.61,77.4,4
East,2021,Wheat,927.02,1.67,1548.12,248.7,30.1,6.62,52.9,10
West,2021,Wheat,640.42,2.32,1485.77,158.7,18.1,7.11,69.5,16
South,2020,Barley,758.45,1.23,932.89,238.3,33.2,6.22,183.7,11
North,2023,Corn,150.93,2.8,422.6,356.2,15.2,6.6,154.1,4
South,2022,Corn,604.23,2.28,1377.64,350.8,23.7,6.67,167.6,0
East,2021,Soybean,779.81,2.91,2269.25,200.8,15.4,6.62,98.1,6
East,2022,Barley,547.09,3.9,2133.65,114.2,25.5,5.65,143.4,6
East,2022,Wheat,634.2,4.66,2955.37,253,23.2,6.32,156.2,10
East,2021,Barley,909.05,4.03,3663.47,242.2,27.5,6.18,99,5
North,2020,Corn,278.29,4.39,1221.69,125.7,30.3,7.49,158.7,5
South,2021,Corn,188.42,5.33,1004.28,338.5,30.4,6.43,144.4,9
North,2021,Rice,721.58,5.37,3874.88,185.1,29.4,6.37,94.4,2
North,2023,Rice,840.56,5.3,4454.97,293.7,17,6.47,57.9,4
North,2022,Soybean,865.44,1.77,1531.83,130.4,23.3,7.34,85.7,17
East,2020,Barley,677.48,2.26,1531.1,358.2,31.3,6.72,142.9,14
East,2022,Rice,849.89,3.51,2983.11,321.8,28.1,6.28,139.9,11
East,2021,Rice,730.6,2.79,2038.37,216.5,28.6,7.33,126.1,7
South,2020,Barley,178.64,1.66,296.54,288.8,19.5,7.36,87.7,6
West,2020,Corn,785.84,2.44,1917.45,156.2,21.5,6.03,116.7,2
East,2020,Soybean,261.42,5.88,1537.15,395.6,34.1,6.29,71.6,6
South,2020,Soybean,312.95,2.73,854.35,338.8,31.9,7.43,149.4,17
East,2023,Soybean,455.19,3.09,1406.54,336.7,18.3,6.58,180.4,15
East,2020,Rice,383.11,1.03,394.6,146,25.9,6.36,119.6,19
North,2021,Corn,389.49,4.6,1791.65,105.3,24.8,5.89,81.9,1
North,2023,Soybean,252.33,3.07,774.65,275.6,23.9,6.27,174.2,6
North,2021,Barley,364.48,1.52,554.01,143.2,24.4,6.76,97,4
South,2021,Soybean,117.7,5.84,687.37,334.1,27.9,5.58,139.1,13
West,2022,Wheat,525.62,4.89,2570.28,224.8,34.3,5.67,61.3,14
West,2020,Corn,791.73,4.63,3665.71,201.6,32.5,5.51,157.7,15
South,2020,Wheat,876.02,5.79,5072.16,122.1,32.5,5.94,119.1,1
East,2021,Corn,838.39,3.04,2548.71,398.8,29.1,5.87,113.5,19
South,2020,Barley,474.81,4.59,2179.38,386.8,15.4,7.2,190.2,18
East,2023,Rice,757.38,2.03,1537.48,139.5,23.8,5.87,123.7,9
South,2022,Rice,359.1,4.49,1612.36,199.8,25.2,6.82,52.5,17
South,2020,Corn,150.01,1.07,160.51,217.2,31.8,5.74,194,1
South,2020,Soybean,708.37,1.63,1154.64,189,33.5,6.69,51.8,7
West,2023,Wheat,683.92,3.13,2140.67,380.3,24,6.37,130.4,5
North,2022,Barley,821.47,1.06,870.76,316.4,21,6.32,145,18
South,2023,Soybean,654.5,3.31,2166.4,386.8,21.7,7.21,184.2,7
West,2021,Rice,241.2,3.61,870.73,362.4,26.6,5.84,151.9,18
North,2021,Soybean,867.85,4.11,3566.86,326.4,20.5,6.69,171.7,0
North,2020,Wheat,664.53,1.5,996.8,309.1,33.2,7.14,165.5,12
South,2022,Rice,826.85,1.91,1579.28,359.8,23.4,6.93,82,16
East,2021,Corn,796.7,4.07,3242.57,305.2,34.8,7.47,155.1,9
East,2023,Barley,368.08,4.29,1579.06,156.6,17.2,5.5,145.6,17
East,2021,Barley,167.1,1.13,188.82,294.4,18.8,7.27,86.6,16
South,2021,Rice,258.85,3.7,957.75,254.5,25.2,6.73,69.2,15
East,2023,Corn,183.58,4.92,903.21,394.6,32.4,5.5,162.7,14
West,2020,Wheat,319.07,1.35,430.74,253,22.1,6.43,195.7,9
West,2022,Barley,513.58,3.07,1576.69,111.5,31.7,7.03,160.8,4
West,2020,Rice,916.13,2.63,2409.42,179.3,23.5,5.87,162.4,10
West,2023,Barley,884.82,5.57,4928.45,375.2,32.1,6.86,75,10
North,2021,Corn,746.74,1.93,1441.21,388.7,20.5,5.78,87.1,13
West,2022,Wheat,121.7,2.59,315.2,318.5,24.4,7.11,137.9,5
East,2020,Corn,407.25,5.49,2235.8,117.1,20.6,6.64,54.7,14
South,2023,Soybean,714.11,2.65,1892.39,107.1,19.3,5.57,150.2,13
East,2021,Corn,216.13,3.66,791.04,243.9,23.4,5.68,71.7,11
West,2021,Corn,820.98,1.17,960.55,399.9,21.7,7.23,112,13
North,2020,Barley,923.12,5.92,5464.87,360.8,30.7,5.57,98,10
West,2023,Corn,418.69,5.12,2143.69,379.9,30,6.1,66,17
South,2021,Rice,735.26,4.17,3066.03,287.1,22.2,6.63,136.8,17
East,2021,Barley,233.38,1.3,303.39,357.7,34.8,5.93,104.2,13
South,2022,Barley,721.73,1.37,988.77,195.9,34.5,5.95,56.6,6
South,2021,Soybean,119.31,3.72,443.83,108.2,33.4,7.05,116.7,4
South,2020,Rice,235.69,2.43,572.73,375.5,26.7,6.08,138.5,16
East,2023,Corn,738.89,4.11,3036.84,165.5,23.2,5.58,69.6,7
West,2023,Soybean,740.67,3.99,2955.27,318.5,21.3,6.94,137.7,16
South,2022,Rice,677.05,5.19,3513.89,297.7,15.3,7.41,95.3,14
East,2023,Soybean,529.63,2.41,1276.41,147.4,27.6,7.16,88.9,16
North,2020,Wheat,707.42,3.89,2751.86,158.7,26.1,6.6,169.3,1
East,2021,Corn,796.42,4.89,3894.49,198.7,27.6,6.35,120.2,4
North,2022,Soybean,969.83,3.45,3345.91,327.1,26.5,7.35,106.7,19
East,2023,Wheat,899.78,5.15,4633.87,111.8,17.8,7.03,172,3
West,2022,Corn,815.08,1.66,1353.03,222.1,28.9,6.64,186.6,16
South,2022,Soybean,725.28,4.67,3387.06,299.5,22.2,7.26,97.3,0
West,2023,Soybean,616.74,5.71,3521.59,151.4,25.3,6.7,57.6,9
East,2022,Soybean,208.55,2.66,554.74,135.8,22.3,7.45,131.1,1
South,2023,Soybean,249,2.83,704.67,217.1,15.4,7.22,157.3,17
North,2020,Barley,838.25,1.42,1190.31,186,32.5,6.6,138.2,0
East,2023,Soybean,822.98,4.21,3464.75,294.7,18,7.35,153.2,9
South,2021,Barley,653.01,3.76,2455.32,390.9,26.6,6.18,147,18
North,2023,Barley,494.96,1.2,593.95,101.3,32.7,6.9,193.4,10
North,2021,Wheat,123.43,4.76,587.53,370.7,19.4,5.84,179.9,18
West,2022,Corn,394.46,5.15,2031.47,230,23.2,7.29,69.8,1
East,2023,Barley,478.58,5.54,2651.33,299.2,22.6,6,117.9,0
North,2021,Rice,537.23,3.73,2003.87,355.3,16.8,7.4,118.2,12
South,2023,Barley,936.39,3.26,3052.63,272,23.5,5.53,118.5,2
North,2023,Rice,197.84,5.38,1064.38,129.2,24.6,6.86,189.6,6
North,2023,Wheat,566.98,2.99,1695.27,142.2,15.5,5.8,99.1,14
West,2020,Rice,431.13,4.28,1845.24,336.8,24.8,7.04,142.1,19
West,2021,Wheat,991.09,4.08,4043.65,168.7,16.9,6.48,184.4,3
South,2020,Wheat,875.68,2.86,2504.44,270.7,32.8,7.32,57.6,1
West,2020,Wheat,494.91,1.43,707.72,228.4,28,6.93,181.8,5
North,2021,Rice,999.73,1.11,1109.7,191.1,16.1,7.04,164.7,2
North,2023,Rice,562.66,3.14,1766.75,336.1,31.5,5.74,81.2,1
West,2020,Wheat,250.41,3.41,853.9,319.4,22.2,5.69,98.8,19
North,2020,Wheat,600.29,5.11,3067.48,293.8,19.5,7.2,96.6,8
North,2020,Corn,303.59,3.07,932.02,211.8,20.1,5.95,83.2,16
South,2023,Wheat,672.68,2.41,1621.16,167.9,27,7.23,145.8,13
West,2020,Soybean,943.7,3.31,3123.65,254.8,16.6,5.79,197.4,13
North,2022,Corn,807.58,2.19,1768.6,345.1,16.2,6.12,75,9
West,2021,Corn,345.85,1.46,504.94,272.7,27.6,7.36,84.8,16
South,2022,Corn,367.17,1.57,576.46,391,34.6,7.18,93.6,6
West,2023,Soybean,162.36,2.6,422.14,104.6,24.7,5.61,190.6,4
North,2020,Corn,357.28,1.06,378.72,399.5,23.3,6.4,143.9,14
West,2021,Corn,183.36,2.1,385.06,307.4,33.9,7.32,81.9,19
North,2020,Rice,549.5,4.94,2714.53,349.8,19.8,5.53,170.6,15
North,2023,Rice,737.51,2.17,1600.4,200.5,19.8,5.71,188.4,13
North,2021,Wheat,776.06,1.55,1202.89,252.5,33.1,6.79,110.5,4
South,2022,Wheat,153.58,5.75,883.08,339.1,27.9,5.71,75.9,2
West,2021,Barley,405.96,4.11,1668.5,328.2,16.1,6.4,96.5,16
South,2020,Soybean,359.35,1.3,467.16,200.2,28.5,6.52,82.6,4
West,2021,Rice,193.87,1.31,253.97,197.3,31.4,7.22,80.2,5
South,2023,Wheat,426.22,4.06,1730.45,298.8,20.5,7.41,75.6,15
East,2023,Soybean,369.39,3.7,1366.74,380.1,22.7,6.52,181.4,14
North,2021,Corn,671.05,1.34,899.21,231.6,19,6.52,62.9,7
North,2023,Soybean,894.97,2.12,1897.34,205.9,27.7,6.95,112,9
South,2023,Rice,509.36,5.65,2877.88,368.4,28.3,5.89,52.2,13
East,2023,Barley,772,3.86,2979.92,304.9,16.4,7.38,94,9
North,2022,Rice,231.41,3.2,740.51,216.5,28.6,5.5,156,18
West,2020,Wheat,905.47,2.25,2037.31,117.2,28.2,5.5,80.4,13
South,2023,Wheat,237.34,1.67,396.36,316.4,15.7,6.75,199.8,17
North,2021,Soybean,272.89,3.01,821.4,205.9,26.1,6.18,57.2,17
North,2023,Rice,195.82,5.61,1098.55,121.2,27.3,6.3,70.5,3
South,2022,Wheat,378.71,1.24,469.6,283.7,23.6,5.94,168,2
South,2021,Corn,597.17,5.95,3553.16,196.9,33,6.32,196.4,16
West,2020,Corn,989.19,2.04,2017.95,201.5,21.6,7.16,193.1,2
West,2021,Barley,814.03,3.04,2474.65,243.8,16.3,6.9,169.7,6
North,2021,Soybean,442.39,1.23,544.14,315.2,28.4,5.69,195.9,5
North,2021,Wheat,618.26,3.92,2423.58,182.9,27.1,5.61,176.1,2
South,2021,Barley,660.98,3.42,2260.55,124.3,34.8,6.51,58.7,12
North,2023,Corn,840.45,4.33,3639.15,227.3,19.6,6.96,176.8,17
North,2020,Barley,762.81,3.71,2830.03,116.5,22.9,6.83,122.6,12
South,2023,Barley,612.36,2.99,1830.96,309.2,24.2,7.23,118.5,11
North,2022,Wheat,702.26,4.69,3293.6,387.8,32.2,5.77,50.4,6
North,2022,Wheat,771.33,1.13,871.6,297.6,23.3,6.71,143,17
East,2021,Wheat,219.83,3.71,815.57,182.6,30.4,7.03,150.7,18
West,2023,Soybean,280.41,1.57,440.24,154.5,18.1,7.38,168.6,13
South,2023,Barley,719.73,3.18,2288.74,169.8,23.2,5.7,98.9,11
East,2020,Barley,865.38,4.96,4292.28,166.5,18.1,5.98,69.2,16
West,2020,Soybean,468.34,1.71,800.86,194.1,34,6.21,116,8
West,2020,Corn,981.9,5.68,5577.19,129.2,18.6,6.58,104.3,3
West,2023,Rice,294.46,5.44,1601.86,368.7,23.4,6.32,163,4
East,2020,Corn,475.03,3.07,1458.34,365.5,16.6,7.22,84.4,2
East,2020,Soybean,440.67,1.03,453.89,284.6,33.4,7.4,70.7,6
West,2020,Barley,937.27,4.95,4639.49,118.6,27.5,5.64,116,15
North,2021,Barley,356.84,5.4,1926.94,341.2,34.2,6.9,144.2,19
North,2022,Wheat,523.71,1.87,979.34,118.5,15.8,5.73,92.1,3
East,2022,Wheat,268.51,5.58,1498.29,131.9,18.5,7.3,67.2,8
East,2023,Barley,569.14,5.57,3170.11,197.6,22.6,5.78,115.9,2
East,2023,Barley,871.66,3.36,2928.78,229.4,27.4,7.48,194.3,18
West,2021,Wheat,373.64,4.99,1864.46,206.2,21.6,6.36,195.1,12
North,2022,Wheat,829.71,3.22,2671.67,149.6,29.2,6.26,156.3,17
East,2020,Corn,920.18,3.82,3515.09,133.6,18.3,6.67,166.6,1
East,2020,Barley,165.66,2.6,430.72,357.8,27,6.29,80.5,4
South,2023,Barley,780.78,1.8,1405.4,209,23,5.97,106.2,13
West,2022,Soybean,329.81,4.73,1560,165.6,25.2,6.76,140.7,12
South,2023,Corn,257.79,1.01,260.37,246.1,26.4,6.96,162.6,9
North,2023,Rice,641.01,3.9,2499.94,111,16.2,7.39,75,11
South,2020,Rice,735.04,5.32,3910.41,280.1,33.5,6.32,118.6,5
South,2020,Rice,455.28,2.11,960.64,174.5,30.7,6.91,74.4,14
South,2022,Wheat,135.26,2.66,359.79,279.5,23.8,7.17,145,0
West,2023,Rice,917.83,3.94,3616.25,284.2,25.9,7.16,165.8,2
North,2021,Soybean,757.67,2.23,1689.6,342.8,15.7,5.57,175,6
South,2022,Wheat,344.5,5.24,1805.18,169,25,6.21,159.9,3
West,2023,Wheat,547.18,2.83,1548.52,239,23.5,5.53,73.9,5
North,2022,Rice,125.01,3.91,488.79,388.6,22.5,6.62,174.3,14
East,2022,Wheat,405.35,2.13,863.4,318.1,31.3,7.23,100.2,10
South,2022,Corn,570.28,1.21,690.04,392.6,18.6,7.13,175.4,13
North,2021,Corn,565.5,1.87,1057.49,378.2,18.5,7.12,87.6,17
South,2021,Rice,287.37,1.23,353.47,283.2,25.4,6.2,121.4,15
East,2020,Soybean,799.07,3.34,2668.89,179.2,28.7,5.59,136.5,16
North,2020,Wheat,368.98,3.93,1450.09,327.1,15.4,5.84,55.2,16
West,2023,Barley,622.37,1.22,759.29,309.4,25.9,6.84,185.6,16
North,2022,Rice,344.37,1.45,499.34,276.7,21,5.77,126.7,19
West,2023,Wheat,482.65,3.43,1655.49,309.3,30.1,5.75,78.8,1
North,2020,Rice,286.76,5,1433.8,284.1,24.4,6.21,74.1,3
West,2021,Rice,669.71,4.14,2772.6,255.8,31.7,5.69,153,10
East,2020,Soybean,483.03,1.52,734.21,224.8,22.9,6.16,62.3,17
East,2023,Barley,114.51,5.44,622.93,113.4,31.5,7.44,116,12
East,2020,Wheat,125.35,5.59,700.71,359.7,29.3,5.54,131,18
North,2023,Rice,524.02,2.62,1372.93,359.7,31.6,7.16,85,11
East,2023,Rice,264.9,4.08,1080.79,278.2,31.2,7.49,69.4,16
South,2023,Wheat,626.54,3.46,2167.83,180.4,24.7,6.37,123.6,8
East,2023,Rice,467.37,5.71,2668.68,108.4,22.4,7.39,101,10
West,2020,Rice,688.98,3.54,2438.99,100.4,30.3,6.02,71,5
West,2023,Rice,957.16,5.8,5551.53,121.9,22.2,7.46,81.6,12
West,2023,Corn,575.86,2,1151.72,208,16.8,7.22,120.6,10
North,2022,Corn,808.64,2.73,2207.59,156.5,32.2,7.27,70,14
South,2023,Barley,777.74,4.91,3818.7,179.5,22.9,5.76,190.4,10
East,2020,Soybean,929.61,4.92,4573.68,309.9,17.7,7.24,166.3,3
South,2023,Wheat,292.62,4.66,1363.61,387.7,27.9,7.38,98.8,19
South,2021,Soybean,844.59,5.3,4476.33,162,32.8,7.14,88.8,9
West,2021,Soybean,914.97,4.51,4126.51,239.7,32.2,5.68,181.1,9
West,2023,Corn,453.49,4.18,1895.59,397.4,26.1,5.67,114,7
West,2021,Barley,382.43,3.29,1258.19,379.5,16.8,6.22,179.4,0
North,2021,Soybean,956.83,3.34,3195.81,205.7,28.9,6.91,161.4,3
South,2020,Soybean,664.87,3.03,2014.56,195.9,27.2,5.52,63.8,3
South,2022,Rice,442.61,4.1,1814.7,172.7,19.2,7.4,172,7
North,2021,Wheat,812.64,3.03,2462.3,146.6,33,6.55,131,15
North,2021,Barley,374.03,1.74,650.81,238,16.7,6.22,151.6,13
North,2022,Wheat,258.77,1.53,395.92,202.3,22.5,6.62,82.9,1
South,2022,Corn,589.57,5.62,3313.38,323.5,16.9,6.93,50,1
South,2021,Soybean,609.59,1.12,682.74,171.1,33.2,6.05,100.1,4
West,2023,Soybean,843.17,1.53,1290.05,320.9,15.7,6.08,78.6,2
West,2021,Wheat,511.32,3.23,1651.56,186.4,23.5,6.44,115.3,8
South,2023,Corn,833.13,2.31,1924.53,277.8,32.2,6.84,63.6,5
West,2023,Rice,380.19,3.03,1151.98,291.5,20,6.91,184.3,13
North,2023,Rice,617.83,1.59,982.35,301.5,17.1,6.15,67.8,18
East,2022,Soybean,287.63,1.65,474.59,152.6,17.5,6.14,164.6,8
West,2021,Soybean,446.9,5,2234.5,184.8,23.1,6.47,190.9,6
South,2021,Barley,871.79,4.8,4184.59,173.8,23.6,6.58,72.2,13
West,2020,Wheat,294.39,1.52,447.47,272.8,29.4,6.8,102,6
West,2022,Soybean,829.22,4.34,3598.81,122.7,19.8,6.74,159.7,9
West,2020,Corn,354.58,4.05,1436.05,255.5,29,6.25,157.2,1
East,2020,Wheat,131.04,4.57,598.85,126.2,35,6.09,55.6,5
North,2023,Barley,198.94,3.37,670.43,201.1,32.3,6.12,60.6,4
South,2022,Rice,771.29,2.35,1812.53,306,27.7,6.79,68,5
East,2020,Barley,335.86,4.32,1450.92,223.8,33.8,6.37,135.2,14
South,2021,Wheat,688.73,2.86,1969.77,184.1,34.8,5.77,58.3,11
South,2020,Rice,729.28,2.09,1524.2,284.8,26.4,5.51,138.3,11
South,2022,Corn,410.61,3.04,1248.25,322.1,20.5,5.56,101.4,2
East,2021,Rice,527.43,4.82,2542.21,176.4,33.3,7.24,150.4,8
North,2021,Rice,463.39,3.38,1566.26,189.8,31.9,6.42,167.3,15
South,2021,Corn,952.61,2.5,2381.52,292.1,16.7,6.81,168.7,6
North,2023,Soybean,387.95,5.16,2001.82,389.6,33.7,7.36,55.6,12
North,2021,Soybean,264.99,5.41,1433.6,164.2,22.3,5.75,192.1,19
West,2023,Rice,429.03,3.17,1360.03,296.3,21.4,6.4,138,18
East,2023,Rice,702.56,2.87,2016.35,372,21.9,6.58,184.4,14
East,2020,Barley,727.63,4.06,2954.18,238.6,21.4,7.18,142.3,18
West,2020,Soybean,931.65,1.29,1201.83,195.1,25.3,7.49,122.6,8
West,2021,Corn,893.58,4.46,3985.37,300.1,26.6,6.92,159.5,16
North,2022,Rice,359.49,4.91,1765.1,109.4,23.5,6.78,82.9,8
South,2021,Rice,509.65,2.99,1523.85,208,23.3,7.34,65.5,0
East,2020,Barley,772.54,1.87,1444.65,177.4,29.7,7.17,63.6,19
South,2021,Barley,924.88,1.14,1054.36,167.4,15.1,7.23,177.4,7
South,2020,Barley,403.45,4.19,1690.46,153.9,33.9,5.51,186.9,16
West,2021,Wheat,500,2.34,1170,321.1,29.3,6.53,172.2,3
South,2022,Corn,909.53,3.32,3019.64,386.5,29.1,7.07,185.7,1
North,2021,Wheat,422.64,2.93,1238.34,215.4,23.4,5.86,197.7,0
West,2022,Rice,532.46,1.87,995.7,114.7,34.3,7,128.9,19
South,2022,Barley,914.05,3.54,3235.74,315.7,15,5.52,73.1,18
West,2021,Barley,822.02,3.3,2712.67,261.5,16.5,6.65,141.2,13
North,2022,Barley,319.09,4.12,1314.65,317.1,31.1,7.2,103.1,0
North,2022,Soybean,392.32,2.26,886.64,294.4,29.8,6.36,102,13
South,2020,Corn,417.66,2.07,864.56,371.6,20.4,6.98,159.2,3
West,2020,Wheat,921.46,5.07,4671.8,142.1,26.9,6.56,63.6,19
South,2022,Corn,999.04,4.51,4505.67,150.7,25.6,6.79,55.6,2
South,2023,Barley,796.6,4.86,3871.48,202.5,25.5,6.53,154.3,17
West,2021,Rice,535.89,1.62,868.14,247.4,26.9,6.45,89.1,19
South,2022,Soybean,109.16,2.12,231.42,377.7,34.9,7.18,107.8,6
North,2021,Corn,727.74,3.88,2823.63,372.1,34.7,5.69,96.1,0
West,2020,Rice,450.43,5.29,2382.77,361.6,34.6,6.67,142.2,15
West,2021,Barley,669.69,5.46,3656.51,166.8,26,5.73,73.2,12
West,2022,Barley,646.02,5.16,3333.46,318.9,21.4,6.63,158.1,2
West,2022,Barley,532.75,1.22,649.96,215,26.2,7.43,188.7,11
South,2022,Barley,949.95,5.1,4844.74,379.4,27.5,5.61,175.4,3
South,2022,Soybean,120.83,5.5,664.56,164.4,21.2,6.34,186.1,18
North,2023,Soybean,740.92,1.28,948.38,142.4,27.7,7.1,190.6,13
East,2023,Corn,468.86,3.08,1444.09,352.7,27.4,6.24,105.9,6
East,2023,Barley,742.41,3.68,2732.07,315.1,33.1,6.54,169.4,3
North,2022,Soybean,707.7,2.16,1528.63,346.4,19.8,5.73,124.2,11
East,2023,Rice,109.21,3.58,390.97,147.4,29,5.95,90.5,6
North,2021,Soybean,356.8,5.43,1937.42,365.4,24,6.87,162,13
South,2022,Soybean,270.18,5.33,1440.06,303.3,17.6,7.16,86.6,14
West,2020,Corn,250.29,5.7,1426.65,295.5,21.3,6.79,66.4,5
West,2022,Soybean,755.63,3.42,2584.25,274.8,16.1,7.17,155.7,16
South,2021,Rice,315.6,3.05,962.58,329.5,21.4,6.71,93.1,16
West,2023,Barley,527.26,4.33,2283.04,224.7,16.4,7.12,95.9,11
West,2022,Wheat,322.29,3.08,992.65,139.8,33.5,7.47,182.2,3
East,2023,Corn,622.21,1.21,752.87,261.8,17,5.67,70.3,6
South,2022,Rice,748.52,4.6,3443.19,324.4,31.3,6.46,164.7,3
East,2021,Corn,397.97,2.4,955.13,146.1,33.1,5.88,107.9,6
East,2022,Barley,642.72,1.25,803.4,167.2,24.4,6.43,184,5
West,2023,Soybean,842.37,1.1,926.61,309,16.1,6.5,116.1,3
West,2023,Soybean,184.8,5.66,1045.97,180.9,26.9,6.74,111.4,9
South,2021,Rice,739.6,2.26,1671.5,151,19.7,6.38,114.5,0
West,2022,Barley,390.83,3.24,1266.29,366.8,18.5,6.15,175.7,0
West,2020,Wheat,210.38,5.75,1209.68,148.3,26.3,5.59,51.6,6
South,2022,Wheat,591.09,3.34,1974.24,203.2,22.1,5.57,155.7,3
West,2021,Soybean,303.64,1.39,422.06,228.5,29.6,5.85,80.8,15
East,2020,Barley,839.23,3.76,3155.5,242.8,26.8,6.4,182.3,17
South,2021,Barley,138.61,1.44,199.6,208.4,31.6,6.34,106.4,13
West,2022,Rice,188.79,1.48,279.41,373.8,16.2,5.88,100.8,12
North,2020,Wheat,568.9,5.26,2992.41,297.6,19.7,7.14,156.9,14
South,2021,Rice,630.05,2.45,1543.62,207.8,26.3,6.87,158.4,0
South,2023,Corn,756.9,4.39,3322.79,207.3,32.6,6.19,145.1,9
North,2020,Barley,333.33,3.54,1179.99,250.9,31.3,7.09,99.5,17
West,2020,Wheat,857.58,2.11,1809.49,110.1,28.6,7.48,141.6,4
West,2021,Rice,957.83,3.59,3438.61,378,26.5,5.99,58.1,6
South,2023,Soybean,549.14,1.34,735.85,167,27.6,6.23,193.3,1
South,2020,Corn,784.48,2.74,2149.48,309.3,19.3,7.49,117.9,8
West,2021,Rice,572.36,3.61,2066.22,333.3,26.9,5.78,95.7,4
West,2020,Soybean,162.52,2.14,347.79,348.2,24.9,5.65,179.1,17
East,2020,Wheat,393.5,4.3,1692.05,149.7,22.7,6.54,98.6,11
South,2020,Wheat,178.74,1.26,225.21,261,32.8,6.44,199.6,3
South,2023,Corn,989.99,3.42,3385.77,125.1,31.6,5.66,153.6,15
North,2022,Soybean,306.12,4.57,1398.97,341.4,16.5,6.08,147.4,10
